time_s,left_baseline_experimental_mean,left_baseline_experimental_sem,left_baseline_experimental_sd,left_baseline_control_mean,left_baseline_control_sem,left_baseline_control_sd,right_baseline_experimental_mean,right_baseline_experimental_sem,right_baseline_experimental_sd,right_baseline_control_mean,right_baseline_control_sem,right_baseline_control_sd,left_raw_experimental_mean,left_raw_experimental_sem,left_raw_experimental_sd,left_raw_control_mean,left_raw_control_sem,left_raw_control_sd,right_raw_experimental_mean,right_raw_experimental_sem,right_raw_experimental_sd,right_raw_control_mean,right_raw_control_sem,right_raw_control_sd
-1.0,-12.73591642333381,3.9928592322926852,8.928304667994068,-0.9497176810398992,0.5010660741682501,0.8678718984084844,4.792576366015124,2.4041739913684497,5.375896474436846,-1.3761484398058295,1.2846147904444993,2.225018085204319,-8.364966971991148,4.1356385889865575,9.247569015345256,1.3510738460126621,6.850856642058752,11.866031779416469,17.366205501440746,6.1134551341536,13.670101257362546,-0.04901495157782124,1.5409175667991262,2.668947515971496
-0.998,-12.581156784887058,4.077787953406147,9.118211061645889,-0.975666799364244,0.5222945466482378,0.9046406913109009,4.775069013570469,2.3452877737679723,5.244222888944334,-1.515619091623899,1.4417680701701125,2.497215550265165,-8.210207333544394,4.159988582112304,9.30201725522608,1.325124727688318,6.83237973782162,11.83402884251117,17.34869814899609,6.185832316319337,13.83194155670502,-0.18848560339589104,1.3834514560860056,2.396208211746105
-0.996,-12.468692653823155,4.174694227030885,9.334900076917,-0.9755733625473861,0.5355695939787165,0.9276337477601716,4.784465933169486,2.290660203259204,5.122071927841065,-1.626397696754833,1.5697031560999388,2.7188056191663144,-8.09774320248049,4.166987315677791,9.317666899234917,1.3252181645051753,6.821397667808744,11.81500733927659,17.35809506859511,6.2449083399637955,13.964039561414413,-0.29926420852682484,1.2552228942925656,2.1741098277383815
-0.994,-12.397050923201192,4.279888877283578,9.570122465751336,-0.9590184721738234,0.5385021511049478,0.9327130856989023,4.787295313571628,2.2214587962124495,4.967332877545889,-1.7248514663453325,1.6858423004434189,2.9199645179167972,-8.02610147185853,4.1651329523227245,9.313520416718003,1.3417730548787379,6.82126574474776,11.814778841832275,17.360924448997245,6.2985603587331624,14.084009122512812,-0.3977179781173244,1.1381194066921594,1.9712806374709662
-0.992,-12.346421354139292,4.3861033785452195,9.807625310768604,-0.9148127262090875,0.5536499645451887,0.9589498682009743,4.792348856376307,2.1544229864995645,4.817436250101138,-1.8060513119135724,1.78390918857699,3.089821350704316,-7.975471902796629,4.138330994616741,9.253589417357349,1.3859788008434737,6.811490523465629,11.797847661916396,17.36597799180193,6.33872021380312,14.173809288415777,-0.4789178236855643,1.038778558462677,1.7992172410705136
-0.99,-12.29254565652251,4.485989331895512,10.030977092457231,-0.8809890745830712,0.5672921949863824,0.9825789044536846,4.796623868311199,2.089290436603738,4.671795440986173,-1.8831901809028588,1.8888705824098417,3.271619817656062,-7.921596205179847,4.0915603106532545,9.149006988660835,1.4198024524694908,6.8075283148852685,11.790984915345026,17.370253003736817,6.376200954399097,14.25761877223542,-0.5560566926748508,0.9330951680118591,1.6161682392935577
-0.988,-12.215066636341595,4.5854465755135365,10.253370250041892,-0.8358639793694547,0.5789618044744028,1.0027912609914238,4.825681030197687,2.042590073355092,4.567370254188267,-1.931896757984509,1.973758118943504,3.4186493438617243,-7.844117184998931,4.023711667358571,8.997292810072786,1.4649275476831072,6.803055818134529,11.78323832373606,17.39931016562331,6.410033580078227,14.333270823111258,-0.6047632697565009,0.8469935803372957,1.4670359148288676
-0.986,-11.713257390998889,4.747704658306187,10.616190353065047,-0.8009009367509682,0.6154728426890786,1.0660302342163313,5.010878734123456,2.0489362211354227,4.581560672020347,-2.0415197324061087,2.154415439992082,3.731557002677144,-7.342307939656227,3.876952716622829,8.669129819921125,1.499890590301593,6.774701577838223,11.73412733893284,17.58450786954908,6.4774091001327605,14.483927065972596,-0.7143862441781007,0.6650530661261768,1.1519057002600024
-0.984,-11.472196554471715,4.899566253892212,10.955763203966981,-0.7435311906876784,0.6294460097838938,1.0902324695672005,5.027232394647009,2.0124297116704906,4.499929635235519,-2.1444523018968638,2.3163248661528453,4.011992355011907,-7.1012471031290545,3.8566264958836514,8.623679008622657,1.5572603363648831,6.77149563863733,11.728574489350917,17.600861530072628,6.593889320315596,14.74438475633556,-0.8173188136688552,0.5021411140417399,0.8697339220895313
-0.982,-11.148604640166884,5.044246527851555,11.279278131543363,-0.6524500193267989,0.6238408638446151,1.0805240720165317,5.075047235099696,2.024528969783045,4.526984398852507,-2.217395298311492,2.4435838303590693,4.2324113467356765,-6.777655188824222,3.806311541078221,8.511171349392885,1.6483415077257622,6.7898354958941916,11.760340053923363,17.648676370525315,6.713230045284185,15.01123872984943,-0.8902618100834839,0.37481191557667054,0.64919328106101
-0.98,-10.705731050279715,5.1706293965643475,11.561878817176598,-0.5242061522460627,0.6062517590166946,1.0500588487949183,5.166173058719181,2.1051596089328672,4.707279989060765,-2.2386844646083595,2.527119716967785,4.377099746597285,-6.334781598937053,3.7294334681214547,8.339266752282368,1.7765853748064984,6.826174179680787,11.823280500521925,17.739802194144804,6.825498379660367,15.26227835723525,-0.9115509763803518,0.2938570489096519,0.5089753388737697
-0.978,-10.151259083036,5.2908533211319435,11.830707685031552,-0.38140855780536825,0.5680222899593669,0.9838434660412443,5.288835220351551,2.248903873169697,5.028701935270008,-2.2168929755494506,2.589511951439509,4.485166266700061,-5.780309631693337,3.6310158860784596,8.119198348653068,1.9193829692471926,6.888923103878488,11.931964825352631,17.86246435577717,6.946360082150257,15.532533339878999,-0.8897594873214426,0.2393619307946067,0.4145870255340442
-0.976,-9.474257926215923,5.383381496063512,12.03760697401253,-0.24111981566007587,0.5250383829815967,0.909393155247932,5.430401970495916,2.446582648640123,5.470725114930799,-2.176205402177581,2.6238262623863093,4.5446003966866355,-5.103308474873261,3.5302860780794325,7.8939596506067415,2.059671711392486,6.961720525279138,12.05805365787856,18.004031105921534,7.070963350077226,15.81115471718232,-0.8490719139495729,0.22664456392538895,0.39255989997806595
-0.974,-8.666525085585723,5.443320976113026,12.171635725939236,-0.08713196469521485,0.4971963194504099,0.8611692866243559,5.630937086774767,2.690396274289072,6.015908955722535,-2.067743533507454,2.608372941376599,4.517834459552146,-4.295575634243061,3.429500428390125,7.66859608674497,2.2136595623573467,7.038277475328509,12.190654185036582,18.204566222200388,7.211607464992132,16.12564451876734,-0.7406100452794457,0.2714975233055319,0.47024750449429653
-0.972,-7.724775574607262,5.470635697257787,12.232713299205372,0.06975651094598241,0.47352656133987303,0.8201720629740405,5.855154085510803,2.9514609546426467,6.599667327517382,-1.927448692448851,2.5685553384875353,4.448868348312686,-3.353826123264601,3.342840318742812,7.474818190635992,2.3705480379985437,7.12085651367034,12.333685275084811,18.428783220936424,7.3658456023810555,16.470531478691928,-0.6003152042208426,0.34159470043397566,0.5916593767479162
-0.97,-6.646437901441902,5.479116375672775,12.2516766726366,0.2274887912001602,0.4456180594340655,0.7718331197100491,6.1110038542403915,3.206994745903031,7.1710582553238424,-1.7374897300033174,2.488789370814178,4.310709639587535,-2.2754884500992394,3.2920451289707318,7.361236693375619,2.528280318252721,7.212385520693474,12.49221816561521,18.68463298966601,7.515894940719336,16.806051999195187,-0.4103562417753093,0.4391820811499718,0.7606856783255889
-0.968,-5.4231483070967546,5.462347989409882,12.214181421079799,0.3579973383651684,0.41437426257611626,0.7177172761307201,6.399375353907824,3.436128214863636,7.6834162678400935,-1.5505339587679483,2.4099127320205027,4.174091293666631,-1.0521988557540927,3.281032803659477,7.336612385389311,2.65878886541773,7.334605908735334,12.703910087424493,18.973004489333444,7.665618083660891,17.140843124617422,-0.22340047053994036,0.5418389891601029,0.9384926587470603
-0.966,-4.0927569797953325,5.431614724889764,12.145459752442331,0.49257196448332,0.4037146201584894,0.6992542338728741,6.711498861115838,3.6399085531321895,8.139082956686481,-1.3393184128228042,2.3008850377421184,3.9852497877443827,0.2781924715473301,3.3154990956743235,7.413681357266867,2.793363491535881,7.4704547975519215,12.9392072650066,19.285127996541455,7.809060046653785,17.461589104695545,-0.012184924594796328,0.6694542986169443,1.1595288585499346
-0.964,-2.6715459394533756,5.384430132127838,12.03995179553602,0.6155190604765318,0.44688338724860804,0.7740247317730669,7.031236226451915,3.821327958971737,8.544749080581331,-1.1323232359541182,2.1802471857463765,3.776298898771783,1.6994035118892874,3.413494205412563,7.632805084104122,2.916310587529093,7.622138366691906,13.201930913430438,19.604865361877536,7.9566981077688,17.791717845414986,0.19481025227389,0.8035483529126689,1.3917865735830293
-0.962,-1.2332514977366558,5.339511960271988,11.939511709841323,0.7425910010397286,0.5275369812608858,0.9137208544153648,7.335508041421811,3.9745662516870226,8.887400319848721,-0.9403616138279655,2.0566259968404457,3.5621807186946413,3.1376979536060077,3.56613825014919,7.9741275444957385,3.0433825280922897,7.767835352838273,13.454285495945605,19.90913717684743,8.096201661430566,18.103657274505483,0.38677187440004274,0.9485080799907345,1.6428641859335569
-0.96,0.1844497938137998,5.315176703103108,11.885096420561768,0.8525057208594363,0.6195202269616549,1.0730405094141884,7.623895804384924,4.095278742513736,9.157321655070573,-0.7517626258777798,1.9275078857445689,3.3385415900992594,4.555399245156463,3.761448064426759,8.410853565893243,3.153297247911997,7.90212347882523,13.686879353008225,20.197524939810545,8.211996104999985,18.36258152174347,0.5753708623502284,1.0954470159326537,1.8973698885950694
-0.958,1.5834810723904607,5.31795860241146,11.891316936521802,0.9574124453734649,0.7268922965835163,1.2590143893130752,7.89496811749203,4.172923802439642,9.330941287181941,-0.5386192626044267,1.7935968057151692,3.1066007957919175,5.954430523733123,3.9857019285367654,8.912300450260217,3.2582039724260263,8.038213783053745,13.922594674349519,20.468597252917654,8.29986936507798,18.559072104682382,0.7885142256235814,1.2249042419051874,2.121596381386423
-0.956,2.8935358498357875,5.347174996829233,11.956646780497389,1.0422162525738685,0.8553002553601708,1.4814234980104508,8.141019179967362,4.2232998648328675,9.443585587131965,-0.3536393731241681,1.651825820923579,2.8610462470938085,7.264485301178451,4.214936876536337,9.424885376805888,3.3430077796264297,8.185176941325922,14.177142331317716,20.71464831539298,8.372033518485152,18.720436057239542,0.9734941151038399,1.3583412932017296,2.3527161338442086
-0.954,4.096105388048106,5.3818587656646955,12.034202045329371,1.126573583467547,0.9933014183242972,1.7204485237679101,8.356429988683251,4.2538971614923335,9.512003222390259,-0.16348604847720796,1.4716148288556943,2.5489116527498403,8.467054839390768,4.438714891630479,9.925268230426363,3.4273651105201073,8.333091021490933,14.43333703331833,20.930059124108872,8.416954189212806,18.820881730581462,1.1636474397508003,1.5225894950709329,2.6372023645334983
-0.952,5.184639859771549,5.443801908042415,12.1727111224259,1.2125550013723772,1.1412709290252843,1.9767392342731265,8.52745450489528,4.259828635384794,9.525266401220566,0.050298709044645985,1.2761103511481,2.21028796425307,9.55558931111421,4.6463878750718095,10.389639138491367,3.5133465284249383,8.482867586887494,14.692757654368336,21.1010836403209,8.438509269034318,18.869080354322797,1.377432197272654,1.6862105532651064,2.920602350513991
-0.95,6.141208077713735,5.509403769811844,12.319401344792889,1.3118235132374811,1.286832896873854,2.2288599582365567,8.628809196867016,4.225194932543216,9.447823087354271,0.23047087194109492,1.0842019445555429,1.8778928536351749,10.512157529056395,4.821307016857222,10.780770230089473,3.612615040290042,8.622617261751085,14.934811191573306,21.202438332292637,8.415280217046414,18.817138615024966,1.5576043601691028,1.8548237176941214,3.21264891813001
-0.948,6.942464068731896,5.558264709182842,12.428657726670934,1.4148058790614593,1.4238009379335914,2.466095564365202,8.676937386199478,4.152613477904231,9.285526020875682,0.4088304836436097,0.8923805444703586,1.545648442708639,11.313413520074558,4.953489604722069,11.07633948199711,3.7155974061140213,8.748128007260515,15.15220217969149,21.250566521625096,8.355302182833602,18.683023653368313,1.7359639718716178,2.0164924379437443,3.4926673555969963
-0.946,7.61383405391705,5.577184557371595,12.470963793344962,1.49961839846725,1.5495733859698186,2.6839398345562637,8.70213037677372,4.053439149110419,9.063765480069804,0.5602986452832922,0.7251158261594358,1.2559374522804243,11.984783505259713,5.041095632663537,11.272232515712979,3.8004099255198103,8.864508237711721,15.353778651829552,21.27575951219934,8.271202448115046,18.49497092964792,1.8874321335113005,2.1585681846478697,3.7387497674118277
-0.944,8.142685483834985,5.563182469981311,12.439654174113395,1.568005692767387,1.6367982868652293,2.835017794592275,8.686004508444126,3.9308818125351537,8.78971894434619,0.7251899715197353,0.5566998548272483,0.964232433127012,12.513634935177647,5.094585021827542,11.391838425958634,3.8687972198199483,8.945376060213718,15.493845829100472,21.259633643869748,8.157373018148906,18.24044058640358,2.052323459747743,2.293024382121069,3.971634732827923
-0.942,8.556339247108426,5.518127567338893,12.338908349085314,1.659569334003345,1.7069470718340574,2.9565190542475093,8.65287372669659,3.7828268059148433,8.458657885133993,0.8415620747206001,0.4254018717341912,0.7368176554785177,12.927288698451084,5.125417827272624,11.460782674870865,3.960360861055907,9.010695242017622,15.606981970693662,21.22650286212221,8.020186030223703,17.933681155774384,2.1686955629486078,2.397810597626638,4.153129782016431
-0.94,8.83290193102915,5.449042008047849,12.184428342246948,1.767189801586676,1.7553670527095164,3.040384921225318,8.577056368923126,3.6144361749858676,8.082124987602725,0.9278539400639826,0.3364939343365484,0.5828245907096474,13.203851382371813,5.125518129106085,11.46100695658875,4.067981328639237,9.05531649435345,15.684268246836666,21.15068550434875,7.845447367335489,17.542953627258917,2.2549874282919906,2.4844603106334073,4.303211487405417
-0.938,8.99659345515875,5.3642010133795965,11.994718110890037,1.835924957016598,1.7887952992169316,3.0982843425840976,8.508998242975071,3.431804820223578,7.673748863531366,1.0121949449059517,0.3245357745531025,0.5621124503996923,13.367542906501413,5.1093775489698725,11.424915522207897,4.136716484069161,9.088938808083938,15.742503802485892,21.082627378400694,7.646784968218556,17.09873099826026,2.3393284331339594,2.535453715156324,4.3915346548900205
-0.9359999999999999,9.065221783501562,5.261359320051395,11.764757093686992,1.9055216393923775,1.8132089418341992,3.140570011995034,8.46073534854158,3.244257481558888,7.254380265277945,1.0304136887143782,0.3496128379387454,0.605547198288251,13.436171234844227,5.080389145715279,11.360095481971449,4.2063131664449385,9.112930376280802,15.784058417556116,21.034364483967202,7.43620119032121,16.627851355923077,2.3575471769423864,2.563692347232485,4.440445400382176
-0.9339999999999999,9.008375287825453,5.140864129542314,11.4953216567469,1.9722740236978487,1.8247608782946259,3.1605785528703003,8.402197285201655,3.0669664777677452,6.857945529001776,1.0013366795843557,0.40382897105633453,0.6994522954378329,13.379324739168117,5.042325451436956,11.274982474090349,4.27306555075041,9.124268087794569,15.803695909939519,20.975826420627275,7.2265412552393675,16.159037488921886,2.328470167812364,2.550788823538492,4.418095841747511
-0.9319999999999999,8.842038277756439,5.005482519856553,11.192599174586194,2.0354466464152687,1.827931404408289,3.166070065185889,8.380246201125232,2.886109604754456,6.4535372667460145,0.9231526469088785,0.5068593079143151,0.8779060735967917,13.212987729099098,4.99357877079129,11.165981582489165,4.336238173467831,9.130706085592445,15.814846849224455,20.95387533655085,7.00790824096894,15.670159206887528,2.2502861351368866,2.479794318069421,4.295129751216854
-0.9299999999999999,8.573445757929079,4.862300267061488,10.872433924164868,2.0632583944007163,1.7809674606357218,3.0847261284479943,8.372812413810772,2.696272158616315,6.029047832506176,0.8129950282570882,0.657564722192255,1.1389355081018997,12.944395209271741,4.939958514323308,11.046083044055786,4.364049921453277,9.08970322190678,15.743827806065063,20.9464415492364,6.783664864562279,15.16873577373816,2.1401285164850963,2.338852252701166,4.051010933075342
-0.9279999999999999,8.234661750742891,4.6908664832359355,10.48909632989093,2.030575232391276,1.6904602343605983,2.927963014087348,8.40008365925311,2.5108185683468576,5.614360997992276,0.6685392801236644,0.8217587146476637,1.4233278453322484,12.605611202085552,4.875781226306474,10.902578265438562,4.331366759443838,9.005423529683295,15.59785109708772,20.97371279467873,6.560566363245163,14.669872359114764,1.9956727683516728,2.1716549733245976,3.7614167503078373
-0.9259999999999999,7.824357386248866,4.511710611242747,10.08849162154591,1.9541231166227082,1.5544928644378464,2.692460621209629,8.439730745546811,2.342189794390667,5.237295596463787,0.4854785994477106,1.0501183079283443,1.8188582632901515,12.195306837591527,4.8154888332786525,10.767760376102219,4.25491464367527,8.879685568955516,15.380066560667107,21.01335988097243,6.353719834666336,14.207349460302652,1.8126120876757188,1.9559084171385415,3.387732753435575
-0.9239999999999999,7.330994227432574,4.322752196794242,9.665967761918473,1.832406296559128,1.407690229001591,2.438190997949023,8.461812332594747,2.200394684050608,4.920232090866332,0.2663405061896323,1.2712877550691857,2.201934982820008,11.701943678775237,4.752892301802271,10.627790276565326,4.13319782361169,8.741594221695294,15.140885331126764,21.03544146802037,6.165957760893606,13.787500699750497,1.5934739944176404,1.743032494314302,3.019020839395881
-0.9219999999999999,6.777640892612894,4.136116512265903,9.248637684285903,1.7099426405377816,1.2579161971719262,2.1787747651656058,8.441471200236792,2.089790093681649,4.672912708177821,0.009502967563011536,1.5095761281031368,2.614662551767737,11.148590343955558,4.703686307425559,10.517762328238524,4.010734167590342,8.596009836297391,14.888725778828906,21.015100335662417,5.993209756468156,13.401224418877757,1.3366364557910195,1.5200602225678805,2.632821536052025
-0.9199999999999999,6.1684906339519685,3.953443248235208,8.840167848241501,1.5867750096885056,1.112541020527154,1.92697757305756,8.36496890522633,2.006416806926728,4.486484371486235,-0.28066618986299696,1.7465935255950427,3.025188726501466,10.53944008529463,4.6609256150064775,10.422146513224497,3.887566536741067,8.453030168225114,14.64107772927839,20.93859804065195,5.840613390790308,13.060008572102673,1.0464672983650114,1.29046531167212,2.2351514852213183
-0.9179999999999999,5.476170119314025,3.7624859624001927,8.413174376315549,1.4337579194247165,0.9543606478649823,1.6530011308464994,8.20058571245611,1.951335431099374,4.363318670842058,-0.5668868224865672,1.9718857738479345,3.415406347026895,9.847119570656687,4.6197595575388535,10.330096410361227,3.7345494464772777,8.29613436340757,14.369326223839995,20.774214847881733,5.69004556486983,12.72332867812013,0.7602466657414411,1.070298957723226,1.8538121740646414
-0.9159999999999999,4.720003790859426,3.5524571584003266,7.943535693338869,1.253427185891707,0.8002071412035405,1.385999425143975,7.972575371271435,1.9077988778971982,4.265967978375956,-0.8731423780421728,2.183092991223009,3.781227978445768,9.090953242202088,4.586996856847076,10.256836784487934,3.5542187129442677,8.14174001139471,14.101907361752046,20.546204506697055,5.543054697469827,12.394647106542067,0.4539911101858352,0.8708812058047745,1.5084104958107172
-0.9139999999999999,3.9098217770421444,3.326716542235882,7.438764330312483,1.0897813913696728,0.6506033967197803,1.12687813869555,7.634457756700219,1.8621264590430324,4.163841345121199,-1.1431266443241828,2.371325385684994,4.107256049284273,8.280771228384808,4.557970761763418,10.191932462759501,3.3905729184222335,7.989933300276732,13.838970425165778,20.20808689212584,5.396871187004696,12.06777083995248,0.1840068439038255,0.7307336769812675,1.2656678553331793
-0.9119999999999999,3.056351262737521,3.087932904753587,6.904827884987404,0.9245770267655091,0.5110304114089046,0.8851306367730487,7.193131847474163,1.823312596458828,4.077050909913582,-1.354791679623687,2.5403867024476794,4.40007883951174,7.427300714080184,4.5466698114340165,10.166662769612612,3.22536855381807,7.8437516778889815,13.585776428057345,19.76676098289978,5.25649298964011,11.753875648086384,-0.02765819139567875,0.6459025616775587,1.118736053564422
-0.9099999999999999,2.1937698942077657,2.847440907657717,6.367071431436357,0.7541410219233363,0.39378165894705786,0.6820498403850638,6.685384024386441,1.783892387657962,3.98890464334761,-1.556582920290514,2.664683682780843,4.615367524676169,6.564719345550429,4.549662255224761,10.173354077347565,3.0549325489758967,7.705060431656249,13.345556143017207,19.259013159812064,5.11169798282338,11.43010417004163,-0.2294494320625062,0.6072931832579481,1.0518626484930031
-0.9079999999999999,1.3530109410693232,2.601432885927604,5.81698077183758,0.5842678477161805,0.28520169270644125,0.4939838221722023,6.067018363153052,1.7536647602346607,3.9213136136305713,-1.7223243102882388,2.7454689200044693,4.755291660048994,5.723960392411986,4.5746566526949515,10.229243249147558,2.8850593747687423,7.549011292689432,13.075271105849303,18.640647498578673,4.9771089542301725,11.129153953081556,-0.39519082206023093,0.5772292112793488,0.9997903215487421
-0.9059999999999999,0.5609661991975727,2.3469755669214845,5.247996909167546,0.4301496367307498,0.23314660350819807,0.4038217628883153,5.366594907974461,1.7361584823202538,3.8821683861809544,-1.8714727227223484,2.770823153166769,4.799206480073045,4.931915650540235,4.626603026104863,10.345398871276709,2.7309411637833114,7.416837689618353,12.846339709910753,17.940224043400082,4.859692612962232,10.866603032337126,-0.5443392344943404,0.5591012332192583,0.9683917425101716
-0.9039999999999999,-0.19481263566600776,2.0982504394141235,4.691830616348784,0.32787863540021556,0.24072129329001102,0.41694151044198813,4.589010346186579,1.7287532436205026,3.8656097690586986,-2.03001113737457,2.768460569636168,4.795114365360919,4.176136815676655,4.7126221003783995,10.537743368713938,2.6286701624527775,7.319149746634397,12.677139229375651,17.1626394816122,4.776470777180255,10.680513350316302,-0.7028776491465619,0.5353580568531838,0.9272673547110619
-0.9019999999999999,-0.8727902440710199,1.8379716665724821,4.109829587174648,0.24205994444877196,0.22176143227084136,0.38410206785234163,3.7887924178435535,1.7191903369849153,3.8442264597590414,-2.1567402221675884,2.7066126236855372,4.687990580630652,3.498159207271643,4.826021406538705,10.791311925889692,2.542851471501333,7.272509228156848,12.596355481681181,16.362421553269176,4.719447364869968,10.553005124081501,-0.8296067339395803,0.5099731202497165,0.8832993547669417
-0.8999999999999999,-1.431629012001565,1.575528770709494,3.5229894318131083,0.20529720326441622,0.20054676655580114,0.3473571889683025,2.9890396634855194,1.6986339856218116,3.7982610607417713,-2.2692295063768575,2.6569434346044125,4.601961021571399,2.9393204393410977,4.958525684448218,11.087600498604887,2.5060887303169768,7.251885991793007,12.560634988482507,15.562668798911139,4.684476179199312,10.474807175668149,-0.9420960181488494,0.5008297775356586,0.8674626206351786
-0.8979999999999999,-1.8944711679119604,1.324572986624057,2.961835239251311,0.17425599235288006,0.18650389429748065,0.3230342207326919,2.1996451374488,1.6616885531850525,3.715648562355052,-2.3526825994498686,2.569922909573801,4.451237050917061,2.476478283430702,5.10372400991867,11.412273824575957,2.4750475194054413,7.233695774624783,12.52912860814643,14.773274272874422,4.68468981173733,10.475284872545364,-1.0255491112218604,0.5111043686550745,0.8852587344810029
-0.8959999999999999,-2.2700692331589254,1.0898711864357946,2.4370260595887836,0.18088399431192703,0.16526730134999523,0.28625136276798824,1.4547655248962936,1.6290775680499296,3.6427281827796825,-2.3986638652516317,2.455372045972183,4.252829135108166,2.100880218183737,5.254467674396841,11.749346905526567,2.4816755213644885,7.230287584578076,12.523225449823684,14.028394660321913,4.714484702202391,10.5419082730074,-1.0715303770236233,0.5596551128008732,0.9693510900868034
-0.8939999999999999,-2.525788373344709,0.8689676199325465,1.9430706684153751,0.1886968846422473,0.1266534215064211,0.21937016100155804,0.7890377374048301,1.6021758112683326,3.5825740259018657,-2.386752562856294,2.3041925546129716,3.9909785750115914,1.845161077997954,5.401433912547735,12.07797340442939,2.489488411694809,7.252108029126802,12.561019568425817,13.36266687283045,4.775053533926621,10.677344298060524,-1.0596190746282856,0.6602753392675911,1.1436304345962456
-0.8919999999999999,-2.6618113718362957,0.6799915087470342,1.5205072376810114,0.19983405807323654,0.10051998445471183,0.1741057202515946,0.1897294286004335,1.5717193395305613,3.5144712847414077,-2.313080917443482,2.1471014598273244,3.7188888174262327,1.7091380795063666,5.544894524710265,12.39876108531854,2.500625585125798,7.269524629750765,12.591186005601655,12.763358564026055,4.877603856109155,10.906653789575174,-0.9859474292154733,0.7858098346407668,1.361062558685106
-0.8899999999999999,-2.6787020430936606,0.5447545877623786,1.2181082892915538,0.22680046729174194,0.0619727062920344,0.10733987598034701,-0.31145947166559435,1.537240166876106,3.4373735108780936,-2.254212177700806,1.9596802948295367,3.3942658372363144,1.6922474082490013,5.690419785909803,12.724165461804121,2.5275919943443035,7.299032672358482,12.642295434630128,12.262169663760028,5.004705976411725,11.190862770656077,-0.9270786894727978,0.9262836939885297,1.6043704202107156
-0.8879999999999999,-2.5829617048365923,0.488367849537298,1.0920237095907877,0.27114665584073544,0.017821006090545013,0.030866887990818367,-0.7010110131823588,1.502802842314776,3.3603693121957363,-2.207290346918129,1.7655756824057014,3.0580667865347664,1.7879877465060716,5.837529017496385,13.053111703749476,2.571938182893297,7.340004982511534,12.713261557518685,11.872618122243262,5.144216448952089,11.502817670829447,-0.8801568586901206,1.0907160963721925,1.8891756955498291
-0.8859999999999999,-2.3954071543593183,0.5590468800402173,1.2500668263790964,0.32199896067548517,0.045538969391064645,0.0788758087096479,-0.9901379453620589,1.4746023581582293,3.2973111126232926,-2.140191128687847,1.5858882748983323,2.74683906725167,1.975542296983344,5.997619181548345,13.411084193098752,2.6227904877280466,7.386595464048784,12.793958638690302,11.583491190063562,5.297587668978227,11.845766144599969,-0.813057640459839,1.2493438247977262,2.1639269806720915
-0.8839999999999999,-2.12303458157145,0.7293201714752164,1.630809480780387,0.3816445811013189,0.10520660671905549,0.1822231881293213,-1.1819489144239022,1.4646928222787667,3.275152716771341,-2.057181321635296,1.4254441537811484,2.468941697700973,2.247914869771212,6.172261549085919,13.80159639866427,2.68243610815388,7.439765120501185,12.886051185086844,11.391680221001717,5.4588839431344045,12.206435578130625,-0.7300478334072878,1.399750954089663,2.424439770426307
-0.8819999999999999,-1.788733948237877,0.9518442642151759,2.1283884787784038,0.4648353843097189,0.18235503691796554,0.31584818895801464,-1.27554682369403,1.472330269452498,3.2922305678263677,-1.9417027476722086,1.2768977519783486,2.2116517824969826,2.5822155031047855,6.355338904283946,14.210969810027933,2.7656269113622804,7.509942510004806,13.007601989249665,11.298082311731592,5.627224416056193,12.582856318948208,-0.6145692594442002,1.5438555919887147,2.6740363248737804
-0.8799999999999999,-1.402539202506803,1.2087028920063794,2.7027418311268514,0.5586806474870917,0.24785249360071226,0.42929311169907364,-1.2771510056850843,1.5121325713482674,3.381231220526277,-1.8060649719273059,1.1250339947474601,1.9486160391447784,2.9684102488358595,6.550104465395419,14.646478844349076,2.8594721745396536,7.567089429097327,13.106583356613939,11.296478129740535,5.78957625950914,12.9458860771814,-0.47893148369929756,1.6942501086902955,2.934527268980684
-0.8779999999999999,-1.003161737459105,1.4869595795225514,3.3249426996069293,0.6531164473688996,0.3160880541300207,0.5474805694187773,-1.2140453375548579,1.5901423049962606,3.5556662878698426,-1.6663361129788115,0.9955081367262762,1.724270672158135,3.3677877138835597,6.753688231972484,15.101705985530844,2.9539079744214605,7.634478432343731,13.223304534108134,11.359583797870764,5.950176228281426,13.304998524540576,-0.3392026247508035,1.8231801517096666,3.157840654112276
-0.8759999999999999,-0.6007361761150939,1.7760629672847492,3.9713975271686843,0.7353867068500052,0.4038979999760966,0.6995718570340524,-1.1091273406818853,1.7046317706010972,3.811672515669881,-1.5439113364208081,0.8862822141621179,1.535085824773429,3.77021327522757,6.966205710600048,15.576909514148936,3.0361782339025676,7.720370548043058,13.372074042468954,11.464501794743736,6.114070270201519,13.671476743381103,-0.21677784819279985,1.9319960723991303,3.3463153574188125
-0.8739999999999999,-0.23298719385707845,2.060188816830917,4.606722240918793,0.8244020079144931,0.49490776007592835,0.8572053855116158,-0.964427917771965,1.8543113194230805,4.146366161677334,-1.463254985049403,0.8384534035902041,1.4522438947972869,4.137962257485583,7.180261479970035,16.055552765436243,3.1251935349670545,7.80957702330519,13.526584189987101,11.609201217653656,6.270168379140241,14.020522726127254,-0.13612149682139515,1.9799939378559273,3.42945009904484
-0.8719999999999999,0.09196987491626736,2.3249377128419413,5.198718769367467,0.8832756258635385,0.5791410432288757,1.0031017116208563,-0.8085150313005585,2.015578152643778,4.5069697632749355,-1.4367506636921064,0.8399728367486369,1.4548756302263972,4.462919326258931,7.386074283782559,16.515764185400876,3.1840671529161,7.88657406296717,13.659946974714048,11.765114104125063,6.420421505263593,14.356498929970918,-0.109617175464098,1.9786688353464417,3.427154954173174
-0.8699999999999999,0.35782863324387204,2.566429671792049,5.738711205599496,0.9421701629006538,0.6263093327779883,1.0847995856260393,-0.6497894978788249,2.185927932856978,4.887883451783799,-1.4735053859145408,0.8728272560169908,1.5117811536523562,4.728778084586535,7.5794627385041595,16.948193916222014,3.242961689953215,7.930070586052041,13.735285162649637,11.923839637546799,6.5726439372492385,14.69687863559116,-0.14637189768653278,1.9465693158561765,3.3715569555174874
-0.8679999999999999,0.5375816074291961,2.77972091920597,6.215644933822751,0.9965555537856007,0.654054127624989,1.1328549799466197,-0.47848731774997777,2.3562951245702872,5.2688360735904975,-1.5610915951626108,0.94229342334676,1.6321000848745977,4.908531058771861,7.748831513973536,17.326914011437438,3.2973470808381617,7.9587485748003415,13.784956896220582,12.095141817675643,6.723526266087463,15.034261779476907,-0.2339581069346024,1.8772279192447816,3.251454133518767
-0.8659999999999999,0.6435313084275587,2.968558727355527,6.637899109567224,0.9934381426820101,0.6636240337295404,1.1494305435433663,-0.30723965527471686,2.5313112873015218,5.660184110618704,-1.6731491012616548,1.0414618094806711,1.8038647681631406,5.014480759770221,7.896343651099074,17.65676117755641,3.294229669734572,7.965853219378817,13.79726250160022,12.266389480150904,6.882754269821396,15.39030641974757,-0.3460156130336469,1.7770418383836153,3.077926751256023
-0.8639999999999999,0.6889849798181535,3.1244368348381006,6.986453154102277,0.9549314139173206,0.6420630737232917,1.112085865352583,-0.14326315318998545,2.6968832420583873,6.030414256622574,-1.77470474811609,1.159215431290734,2.00782002391342,5.0599344311608165,8.017424344779235,17.92750583938808,3.255722940969882,7.941424564285042,13.754950829817226,12.430365982235637,7.04736318456506,15.758383142816871,-0.4475712598880821,1.659146158945496,2.873725444476347
-0.8619999999999999,0.6705052754491847,3.2484052748128245,7.263655012950362,0.9011003710030812,0.5935591351420342,1.0280745793626447,0.0031383063355367113,2.84275835414792,6.356600923480171,-1.8906294747737007,1.2691491809503448,2.1982308637904238,5.041454726791848,8.109609722329788,18.1336386101226,3.201891898055642,7.890415858240907,13.666601159320438,12.576767441761158,7.2085371621455945,16.118779112890973,-0.5634959865456924,1.5510427932358053,2.6864849225979635
-0.8599999999999999,0.5817442062100815,3.3468433390676746,7.4837692161976985,0.8314525747438212,0.5233791253118771,0.9065192366611294,0.16396592239258273,2.9904387918615045,6.686824421154669,-2.0217127929521674,1.3765111566137183,2.38418726044036,4.952693657552745,8.17332376618264,18.276107543298984,3.132244101796383,7.82549099281612,13.554147993730135,12.737595057818206,7.380018229028873,16.502222435296172,-0.6945793047241594,1.447480356217176,2.507109519926046
-0.8579999999999999,0.4329186422934992,3.413355798397283,7.6324955966093935,0.735981287503373,0.4277845104201191,0.7409445067386241,0.33140402423331333,3.1341821454116956,7.008244331006682,-2.157192766708241,1.4842120446787945,2.5707306705893607,4.8038680936361615,8.206131011448628,18.349466773868237,3.0367728145559347,7.738442697146824,13.403375922918636,12.905033159658933,7.553451818217851,16.8900317303045,-0.830059278480233,1.3433134382752852,2.3266871255828327
-0.8559999999999999,0.2203056562433275,3.443565687423949,7.700046962065743,0.6136281140355165,0.33105031120574707,0.5733959588698423,0.486314392807062,3.262959511745653,7.296199276092803,-2.275595731704062,1.5993426187128508,2.770142674320916,4.591255107585989,8.200479304915772,18.336829173871894,2.914419641088078,7.6540338134602734,13.257175447763359,13.059943528232685,7.717425540296175,17.256688119395292,-0.9484622434760537,1.2293824260312403,2.129352823818395
-0.8539999999999999,-0.02392454584151622,3.43508890551461,7.681092301486021,0.4921360141610946,0.19561875668936154,0.33882162549942835,0.6450651559255217,3.3736792257045103,7.543776082954142,-2.3980331171183216,1.7070329915476625,2.9566678715568453,4.347024905501146,8.149932231171732,18.223802480916525,2.7929275412136563,7.529435612021328,13.041365032339405,13.218694291351145,7.869665472730235,17.597106957207824,-1.0708996288903136,1.1209076793195576,1.9414690511755957
-0.8519999999999999,-0.3062679116433564,3.382354709582433,7.56317505464288,0.3640489100360231,0.029425865286535353,0.05096709373295655,0.8220524527318703,3.4543170048349183,7.724087638644347,-2.525211661141392,1.810904407410942,3.136578441286161,4.064681539699306,8.048560133590984,17.99712757970423,2.6648404370885843,7.367122378447698,12.760230265049083,13.39568158815749,7.998315825310503,17.88477789090662,-1.1980781729133838,1.0162535027605986,1.760202700151195
-0.8499999999999999,-0.6348531086271445,3.281788218011978,7.338301543232682,0.21878867716847963,0.17021486301145958,0.29482079093922436,1.0096936418868596,3.490895777250169,7.805880260298343,-2.6257017498530577,1.8979775349326424,3.28739352212767,3.7360963427155185,7.883797144350153,17.628706335585665,2.519580204221041,7.20549004517129,12.480274851668439,13.583322777312484,8.098258784734988,18.10825714205227,-1.29856826162505,0.9280203517688217,1.6073783997215412
-0.8479999999999999,-0.9843947584165761,3.144483918733363,7.031279796442724,0.07645178835362239,0.34874280811442093,0.6040402624284208,1.2230934492942702,3.472937315664758,7.765723919422044,-2.6805829149302878,1.9613530882475365,3.397163200426857,3.3865546929260857,7.66854544158996,17.147388895941294,2.3772433154061834,7.0516016747760375,12.213732375449883,13.796722584719893,8.158261603141776,18.242427522851425,-1.3534494267022799,0.8638986120044805,1.4963162885799925
-0.8459999999999999,-1.3283637143713662,2.9724558518109765,6.6466133447663855,-0.07443172110892864,0.5012028924085924,0.8681088745521596,1.45981830465027,3.393081937367807,7.587161865181101,-2.7210369219161574,2.0463809675515656,3.54443580744127,3.0425857369712954,7.40098495279552,16.549105454903856,2.2263598059436327,6.915193286981369,11.977466117210959,14.03344744007589,8.173453422496387,18.27639746363023,-1.3939034336881486,0.7799540121143236,1.3509199765492
-0.8439999999999999,-1.615728711177875,2.779766059371592,6.215745870301596,-0.2118106262617722,0.6294833794902259,1.0902971957972318,1.731456945302169,3.280692918291217,7.3358523786013246,-2.7430285063399507,2.121696773284782,3.6748866095841874,2.7552207401647886,7.102052606602602,15.880672408142992,2.088980900790789,6.794044400196829,11.767630090019725,14.30508608072779,8.156296188894114,18.238032722989704,-1.4158950181119432,0.7050509063496706,1.2211839917201157
-0.8419999999999999,-1.8387423902200333,2.561243584014235,5.727114760791023,-0.30321364485414715,0.7427663592745766,1.2865090724165251,1.9995751562135993,3.118022885841789,6.972111128142307,-2.7436067572454115,2.182542167323593,3.7802739234659564,2.532207061122628,6.7704470714081815,15.139179889733068,1.9975778821984143,6.691837818692536,11.59060309798636,14.57320429163922,8.088968210173201,18.087482785782086,-1.4164732690174038,0.6421858054535873,1.1122984429451557
-0.8399999999999999,-2.022488725216941,2.315944839420096,5.1786100930831696,-0.375747961036578,0.828036696520407,1.4342016289048363,2.2743116042949896,2.9261410268623242,6.543050247815195,-2.7714172074561705,2.257493933982216,3.910094191435739,2.3484607261257207,6.404608255767685,14.321139429152904,1.9250435660159837,6.619800077232379,11.465830069714858,14.84794073972061,7.981990696728215,17.8482737936552,-1.4442837192281621,0.565408371381953,0.9793160262583154
-0.8379999999999999,-2.162663990375592,2.067598259972323,4.623290259458397,-0.4343186053035882,0.8864340527221166,1.5353488168738947,2.5737635191095567,2.7130816288642787,6.066634950646383,-2.819701674078633,2.3401365310864337,4.0532353684896885,2.2082854609670703,6.01546200603862,13.450981961569605,1.8664729217489722,6.565838595241809,11.372366041255477,15.147392654535176,7.838950630710179,17.52842648253281,-1.4925681858506252,0.48115703635770984,0.8333884333908189
-0.8359999999999999,-2.23075919791603,1.8600435666523332,4.159183856145778,-0.4777118478924298,0.9129025550666898,1.5811936077349515,2.87850058103023,2.4809899783818765,5.5476622431576095,-2.8680738835487514,2.4222185291059097,4.195405559446189,2.1401902534266313,5.618597332799696,12.563565574339128,1.8230796791601318,6.534958741146443,11.318880565031991,15.452129716455852,7.662154438659014,17.1330981789433,-1.540940395320743,0.39804531711002716,0.6894347129494324
-0.8339999999999999,-2.2174616330014816,1.7305546898278361,3.8696379252361055,-0.494662987834606,0.9180155519745653,1.5900495781583344,3.183829307710181,2.241781078700295,5.012774882646666,-2.944539505822796,2.5120562506167383,4.351009057539168,2.1534878183411807,5.23340771364838,11.702255401689532,1.8061285392179556,6.527882228105479,11.306623684904617,15.757458443135803,7.450852650246702,16.660613016286092,-1.617406017594788,0.3082620794377721,0.5339255836330545
-0.8319999999999999,-2.119778488024801,1.6999460002921765,3.801194814732184,-0.48803786567155066,0.9006817626545489,1.5600265743683712,3.499144817800839,2.011845090273191,4.498622382050056,-3.0496788804069723,2.6141159059899857,4.527781566048602,2.251170963317862,4.875029076666318,10.900896407713923,1.8127536613810105,6.533561199772495,11.316459952366632,16.07277395322646,7.215313582590039,16.133931649648872,-1.7225453921789642,0.208376741432329,0.36091910327643656
-0.8299999999999998,-1.9406039778893682,1.7724286497206723,3.963270946043587,-0.45401388104806734,0.8622977368445844,1.4935434914664776,3.787057645567439,1.8080740336036922,4.042976447490095,-3.1519000635962082,2.7119524292266894,4.697239395130466,2.4303454734532948,4.554765429840637,10.184765122689713,1.8467776460044945,6.56277076403112,11.367052401729518,16.36068678099306,6.954195420432483,15.550053688904763,-1.8247665753682003,0.11891126688055008,0.20596035582949504
-0.8279999999999998,-1.6620808552677644,1.9289937692911048,4.313361196308457,-0.41578157270188365,0.7777485020354951,1.3470999210360637,4.041545746432638,1.6425190903231197,3.672784340303613,-3.2248480655552236,2.7752545095736285,4.806881814516172,2.708868596074898,4.29516016385109,9.604270100620173,1.8850099543506775,6.635077434544628,11.492291228785056,16.615174881858263,6.6657077483772635,14.904975643518625,-1.8977145773272153,0.08738143683308543,0.15134908823327445
-0.8259999999999998,-1.2615765465078126,2.124156501546698,4.749758332306555,-0.35457202716333863,0.6665868645301438,1.1545623170242414,4.273117168388541,1.5320818206487663,3.4258390980622826,-3.2630974708184723,2.787428603809221,4.827967964268349,3.109372904834851,4.111791029169477,9.194244250496771,1.9462194998892226,6.726456618643017,11.650564618397656,16.84674630381416,6.355627598129546,14.211615349091382,-1.9359639825904635,0.09957683778797498,0.17247214230581714
-0.8239999999999998,-0.7411966792421054,2.324742895915763,5.198283145477364,-0.2742277185582155,0.5325223538420646,0.9223557730206273,4.502629936341707,1.4921906728407786,3.3366397798631304,-3.2938318474354062,2.7815534989719466,4.8177919841903964,3.6297527721005567,3.996173233686811,8.935715000388862,2.026563808494345,6.842320042766199,11.85124595571791,17.076259071767332,6.041775004572782,13.509819614983844,-1.966698359207398,0.10842605496307842,0.18779943606030744
-0.8219999999999998,-0.12194426318507645,2.5168745467423745,5.627902577354922,-0.16187485391697973,0.3814374217061757,0.660668994303172,4.710563508242616,1.514161980098571,3.3857691164460886,-3.268839106620618,2.709332225308877,4.692701068818624,4.249005188157587,3.941360855757184,8.813150797329808,2.138916673135581,6.974981789670313,12.081022841576678,17.284192643668234,5.719335068218049,12.788821998633955,-1.9417056183926098,0.150610308178756,0.2608647059092118
-0.8199999999999998,0.5686539330222719,2.6870901215073753,6.008516173358661,-0.024310500771244803,0.21832451360764835,0.37814915010620964,4.889923364596498,1.600050514124877,3.577821717016713,-3.211804852721022,2.606453392418574,4.514509703229231,4.9396033843649345,3.9312734832748975,8.790594746745054,2.2764810262813158,7.125605613058714,12.34191095651567,17.46355250002212,5.401490011549309,12.078098845610379,-1.8846713644930146,0.2323665253316122,0.40247062785259285
-0.8179999999999998,1.303201184674251,2.831528062983362,6.331489229029104,0.10523745683199552,0.06861331130518021,0.11884174125611215,5.10314157373367,1.7419308526274029,3.8950757985790414,-3.1360507646009164,2.505866092801322,4.340287389695996,5.674150636016914,3.947774916871989,8.827493073994349,2.406028983884557,7.290223912381065,12.627038214797563,17.676770709159292,5.102219473470881,11.408909578804076,-1.8089172763729078,0.3259863277651392,0.564624882262022
-0.8159999999999998,2.0939933667102024,2.9413184665277354,6.576988034631457,0.24871712102224883,0.16644597894617846,0.28829289225032073,5.326162727359955,1.937486173646747,4.332350789740088,-3.009885972518146,2.3722539652636736,4.108864396293417,6.464942818052864,3.9830039821079604,8.906267658645756,2.5495086480748106,7.461221680165683,12.923215036581386,17.899791862785577,4.841989311036502,10.827017245804992,-1.6827524842901376,0.45535341184882905,0.7886952447220079
-0.8139999999999998,2.9444316356388502,3.0161214586256366,6.744252609882743,0.4059789259308986,0.3390531068029449,0.5872572074467776,5.570208288415694,2.1586993750198005,4.826998545530586,-2.8540628600393667,2.221454119598173,3.847671401827225,7.315381086981513,4.031677651162834,9.015105291366782,2.7067704529834606,7.6286384831475305,13.213189445386694,18.143837423841312,4.63669429842017,10.367963642153196,-1.5269293718113588,0.6027749517680259,1.0440368419921002
-0.8119999999999998,3.8201947687722977,3.0670672966695007,6.858170966919518,0.5580259949409546,0.5065936081655144,0.8774458681323105,5.827055229133982,2.4034980873548433,5.374385107116158,-2.6669773425556595,2.0435568842574012,3.53954435169097,8.19114422011496,4.097423786017157,9.162118118158917,2.858817521993517,7.794015205468917,13.499630330836547,18.400684364559602,4.489141564832551,10.038025699585363,-1.3398438543276514,0.7769350310873198,1.345690948023343
-0.8099999999999998,4.694636471588861,3.0875082211744433,6.903878263635511,0.7132969794534411,0.673086610693851,1.165820207616083,6.120075909240439,2.6497632361695485,5.92505072035494,-2.4467854012529533,1.853595653736355,3.2105218489602145,9.065585922931524,4.174440858685366,9.334333528073072,3.0140885065060026,7.954108799814859,13.77692057021004,18.69370504466606,4.417820689839863,9.87854737488695,-1.1196519130249454,0.964895984644341,1.6712488694231977
-0.8079999999999998,5.544804989508655,3.084412601987864,6.896956248701867,0.8674132221530787,0.8269452062311339,1.4323111122678471,6.45267639265189,2.8883879956952017,6.4586319037688416,-2.2075714456454345,1.6371780323581804,2.835675533080012,9.915754440851318,4.261615794274868,9.529262609985365,3.1682047492056404,8.106506954882727,14.040881917767347,19.026305528077508,4.41584122743443,9.874121162389494,-0.8804379574174265,1.181570928952693,2.04654088169242
-0.8059999999999998,6.326533691571432,3.052036319379654,6.8245606799311656,0.983737742556788,0.9688815121119358,1.6781520054920334,6.836008461847024,3.119442281294466,6.9752849928614475,-1.9613781145298723,1.403278337262542,2.430549377299497,10.697483142914095,4.348022574034081,9.722474043243817,3.2845292696093495,8.244488178305986,14.279872407226943,19.409637597272646,4.484398267750988,10.027419364873513,-0.634244626301864,1.4178491221980074,2.4557867171138823
-0.8039999999999998,7.0196634292737645,2.9993456022567484,6.706740654661137,1.1009247296936477,1.0894739160985645,1.8870241762037459,7.258899764197795,3.326815215139931,7.4389849696334736,-1.7042791480184787,1.1852615692255202,2.0529332581574167,11.390612880616427,4.42861506148597,9.90268432366204,3.40171625674621,8.358957362072902,14.478138849412181,19.83252889962342,4.610764632718003,10.309983147009307,-0.37714565979047077,1.6409028915464805,2.842127178445187
-0.8019999999999998,7.607781018007737,2.9159023883658115,6.520155956139947,1.2275034943865153,1.187243701719441,2.056366412344221,7.716030383980905,3.501348759021324,7.829253838106212,-1.472670937772433,0.9871422382907937,1.7097805110169182,11.978730469350397,4.502017793614291,10.066817822435175,3.5282950214390763,8.45636223886319,14.646849044917944,20.289659519406523,4.781826922722517,10.692490055846182,-0.14553744954442513,1.846021817556427,3.1974035798883755
-0.7999999999999998,8.05995041470356,2.792092133743504,6.24330781049291,1.3486977695398819,1.2751594596779479,2.2086409719142828,8.185857887263305,3.6567954823133624,8.176843278266809,-1.2494848235195457,0.7970486680690354,1.3805287892006708,12.430899866046222,4.573948651931327,10.227660111311973,3.649489296592442,8.547161062264207,14.804117220315982,20.759487022688923,4.99860377420546,11.177217831710418,0.07764866470846243,2.0470443735813935,3.545584860390979
-0.7979999999999998,8.345823619471691,2.6205210592545956,5.859663224963031,1.4519428377365287,1.3637026336110252,2.3620022478297806,8.682115002344185,3.7887440418212455,8.471889226859611,-1.0572525406778588,0.6357819171089346,1.1012065829662192,12.716773070814352,4.644519716125123,10.385461808093801,3.7527343647890894,8.636538197191017,14.958922959044157,21.255744137769806,5.254291968091047,11.748954014282736,0.2698809475501494,2.222028908807139,3.8486669659407964
-0.7959999999999998,8.459048823330757,2.4070892890973017,5.38241527833321,1.5322411930629063,1.4424277026458134,2.4983580672274015,9.182264387440807,3.8957808508453655,8.711230807932207,-0.888030730409501,0.49248336497724415,0.8530062100230739,12.82999827467342,4.699095113585716,10.507496106714756,3.8330327201154675,8.714870072802055,15.09459774745464,21.755893522866426,5.530575682930787,12.366743181740564,0.439102757818507,2.383863938679743,4.128973460124573
-0.7939999999999998,8.413200054845634,2.1622168457204594,4.834863849126123,1.6262214298116715,1.5106944393082762,2.616599523593712,9.65034834663363,3.98605913471524,8.913099187557268,-0.7527099839395324,0.3746391427477266,0.6488940297431117,12.784149506188294,4.727616473637819,10.571271806602006,3.927012956864233,8.78270628123894,15.212093507060159,22.22397748205925,5.825349141294688,13.02587667260495,0.5744235042884757,2.5405388115669134,4.400342300234548
-0.7919999999999998,8.186376945353732,1.8946187140173596,4.23649623598605,1.7063849989694584,1.5850731889247183,2.7454272969328337,10.071123046168058,4.059859024349466,9.07812075751138,-0.6615273826606592,0.31522704549268177,0.5459892587131506,12.557326396696395,4.746345569920531,10.613151339047288,4.007176526022019,8.851811196829408,15.331786731915605,22.64475218159368,6.1258642007440685,13.697848773796157,0.665606105567349,2.660736794847704,4.608531314244192
-0.7899999999999998,7.781162859015185,1.636378689074624,3.6590539857028515,1.7692687056302328,1.6668788473642446,2.887118853696719,10.390611193917017,4.122805052874311,9.218872356206575,-0.5984927602390788,0.29578982790482045,0.5123230102932035,12.152112310357847,4.76010645004484,10.64392160243547,4.070060232682794,8.927096332854397,15.46218441256562,22.964240329342637,6.418732063663816,14.352721223709802,0.7286407279889291,2.755766975860407,4.77312841601066
-0.7879999999999998,7.238927210356816,1.4391404565087773,3.2180158899237057,1.8356952922718557,1.731797203338376,2.999560744587757,10.589140859031065,4.177246325906728,9.340606743488685,-0.5853849697091701,0.3002345248189709,0.5200214511727567,11.609876661699479,4.777119444471344,10.681963814473958,4.136486819324416,8.987405490944202,15.566642938538866,23.16276999445669,6.694783264165923,14.969990473302937,0.7417485185188383,2.8040178611335254,4.856701400813878
-0.7859999999999998,6.5840621236633465,1.372822427705549,3.0697242693858984,1.8655709574228598,1.7831350226687293,3.0884804560177206,10.633837465218845,4.205597530117498,9.404001963347946,-0.6168269389190292,0.30914861997615106,0.5354611168884964,10.95501157500601,4.798584905092923,10.729962043592154,4.16636248447542,9.034303288115064,15.64787230600186,23.20746660064446,6.939355945199898,15.516871613534278,0.7103065493089794,2.832684954282709,4.906354262653574
-0.7839999999999998,5.870749560633881,1.462284501720768,3.2697675482920454,1.87484027064853,1.804257871036585,3.1250663025914203,10.53559629923934,4.215240270517072,9.425563786370777,-0.6802424135257293,0.30495071675212343,0.5281901352192233,10.241699011976541,4.840180592759681,10.822972828785874,4.175631797701091,9.053271817493892,15.680726762630853,23.109225434664967,7.156472424383116,16.00235882002337,0.6468910747022791,2.8063634241855735,4.860764035192382
-0.7819999999999998,5.149080137745924,1.6891718648451959,3.7771031154739454,1.8958810498306111,1.842803932731252,3.1918300398782677,10.305076295313457,4.202992412499365,9.398176743264418,-0.7628188319851891,0.31288542800733665,0.5419334582566412,9.520029589088585,4.915118417512452,10.990538899019036,4.196672576883172,9.087030825119006,15.739199079050655,22.878705430739082,7.345066706739857,16.424068455540834,0.5643146562428193,2.7386243212885057,4.743436467315525
-0.7799999999999998,4.443419088400079,1.9936854625445508,4.458016220002727,1.8576230417726782,1.843719847228807,3.193416450323422,9.974229452376855,4.172977301847243,9.331060915494094,-0.8918343137993494,0.349759983071782,0.6058020611347569,8.814368539742741,5.023649524040304,11.233221830888585,4.158414568825239,9.087852750952372,15.740622696354098,22.547858587802477,7.513711026378677,16.80116861827244,0.43529917442865873,2.646590691644339,4.58402954476685
-0.7779999999999998,3.77456392131187,2.323651724406303,5.195843211807101,1.7732818149670029,1.8058350399328515,3.127798039251871,9.562835278235914,4.1352248001450596,9.246643755367336,-1.0369260980087773,0.42842075762133386,0.7420465192173015,8.14551337265453,5.155536473416687,11.528130015039249,4.074073342019565,9.050711727274127,15.67629255629826,22.136464413661535,7.659078003023122,17.126219059733042,0.2902073902192308,2.5233349374662177,4.370544316205125
-0.7759999999999998,3.1750309257025373,2.6426289687002407,5.909098013323902,1.6685738520038538,1.7427610348490312,3.0185506578098367,9.080513734256812,4.086321581469042,9.137292834089223,-1.1853160560556726,0.5276658177129022,0.9139440056961242,7.545980377045199,5.291538460146287,11.832239702441662,3.969365379056415,8.985717883991047,15.563719917552794,21.65414286968243,7.773899198780177,17.382967058703628,0.14181743217233547,2.3825649008672616,4.126723460632403
-0.7739999999999998,2.6695213838750265,2.9270596041186336,6.545104249002889,1.529035879985041,1.6391164130653977,2.839032906949323,8.526723171803836,4.021289133351836,8.991875859355922,-1.3460308084029868,0.6637761660318029,1.1496940444203574,7.04047083521769,5.417461229010389,12.113811573536786,3.829827407037603,8.884907476072394,15.389111169105945,21.100352307229457,7.858492565595966,17.572123577349306,-0.018897320174978322,2.219242716246834,3.843841138866677
-0.7719999999999998,2.2494824765561177,3.144707270162716,7.03177922542163,1.3693494657763197,1.5047313179705886,2.606271094465139,7.926903689811977,3.949653248987761,8.831693152289537,-1.4995601458392793,0.8074753466335989,1.398588326228684,6.62043192789878,5.522333051970398,12.34831209859969,3.670140992828881,8.757844703095019,15.169031990558542,20.500532825237595,7.91007313931191,17.687461246496596,-0.17242665761127154,2.0580021022406316,3.5645642031643328
-0.7699999999999998,1.9044253040344739,3.2807219002813475,7.33591718430138,1.1697115830231435,1.3500689693386645,2.3383880486167157,7.320111486485137,3.8797498086495597,8.675384307832218,-1.652824909829821,0.951393134393055,1.6478612467409761,6.275374755377136,5.612209580510794,12.549282125997715,3.4705031100757058,8.607338413790652,14.908347450624717,19.89374062191076,7.933612899415235,17.74009775026167,-0.32569142160181325,1.9005482711827422,3.291846167925702
-0.7679999999999998,1.6305911977800505,3.3324929661407983,7.451680806830731,0.9565357424820649,1.154694682470249,1.999989857268083,6.721443200634395,3.8194012993768327,8.540440938757623,-1.7984801876076713,1.0923808654338159,1.8920591601474297,6.001540649122714,5.670641064020175,12.679938895150848,3.2573272695346263,8.42095043723544,14.585514005311135,19.295072336060016,7.9336350474901,17.740147274862636,-0.4713466993796634,1.749797325137319,3.030737870085954
-0.7659999999999998,1.4155471371678232,3.3026496250669206,7.384949067513828,0.7415362974831798,0.953660752795798,1.6517888770267053,6.141541842284293,3.7624648747319096,8.413127222855781,-1.9337737939134565,1.2372644510293513,2.1430048915816515,5.786496588510486,5.699282449024161,12.743982978989505,3.042327824535741,8.230884927788862,14.256310886183197,18.715170977709914,7.912679617525043,17.693289508963034,-0.6066403056854485,1.5990507406809733,2.769637126740091
-0.7639999999999998,1.2479061433775818,3.221019165318603,7.20241781048203,0.538236143346919,0.7797657967014163,1.350593977891277,5.606709471514607,3.726238984267212,8.332123669231256,-2.0486877212438763,1.3533126292170639,2.3440062323285757,5.618855594720244,5.716561797755349,12.782620777359366,2.8390276703994797,8.061552159277053,13.963017927734445,18.18033860694023,7.890755466345076,17.644265616575645,-0.7215542330158686,1.4773983064634575,2.5589289298109232
-0.7619999999999998,1.1336755891972936,3.105795106294888,6.9447689818615554,0.35929429149520264,0.6314957879265881,1.0937827894545913,5.137743174508378,3.715259088482598,8.307571875870995,-2.1571695730957203,1.468868864997176,2.5441555038311385,5.504625040539956,5.733566645034021,12.820644771821478,2.6600858185477634,7.917181080716601,13.712959884524224,17.711372309934,7.8693551939387705,17.596413152738133,-0.8300360848677121,1.357271050440763,2.350862419005782
-0.7599999999999998,1.0381386548660452,2.9551261182038555,6.6078628823889,0.193386340545161,0.5167194880461735,0.8949844065569516,4.725006262599136,3.7203109429883723,8.318868165958346,-2.257326268038993,1.5656333265716258,2.7117564676451322,5.409088106208707,5.735174226969664,12.824239434308977,2.494177867597722,7.80319914835037,13.515537386521034,17.29863539802476,7.847540318173044,17.547633607605256,-0.9301927798109851,1.2571024827772481,2.1773653704911733
-0.7579999999999998,0.9463089806588674,2.7759311311075106,6.2071707100142754,0.024716817554153264,0.39582066993328363,0.6855815110103979,4.3713143241203065,3.7231287123380215,8.325168889769076,-2.342427340338699,1.6384623739765778,2.837900078017351,5.317258432001529,5.726579380179581,12.805020772630156,2.3255083446067144,7.685428896429282,13.311553326573522,16.94494345954593,7.817082748180228,17.47952841067186,-1.0152938521106902,1.1816072421748673,2.0466037780382127
-0.7559999999999998,0.8529762791729588,2.5864735222496433,5.7835306177535175,-0.07297070702624038,0.3079084832267016,0.5333131370301166,4.0648617887022755,3.718612585212929,8.315070522522339,-2.3987084146714706,1.6861932537755635,2.9205723869191575,5.223925730515622,5.711895420896631,12.77218644149464,2.2278208200263214,7.599612897054527,13.162915655554148,16.6384909241279,7.773469456723637,17.382006126252413,-1.0715749264434624,1.132356126084788,1.9612983426407224
-0.7539999999999998,0.7594334012399809,2.3969003081932345,5.359632024410269,-0.12196716004618811,0.26469369374799595,0.4584629260146054,3.787275334277923,3.702936223222033,8.280017111470801,-2.4398770821513223,1.7172114167826096,2.9742974212048146,5.130382852582644,5.691771954506745,12.727189002703923,2.178824367006373,7.554993205350831,13.085632082505287,16.360904469703545,7.711073984350243,17.242485608537294,-1.1127435939233143,1.1010992480260533,1.907159841757009
-0.7519999999999998,0.6673611602777829,2.222561848459596,4.969799377353244,-0.14175194473588645,0.24633777922960712,0.4266695494493648,3.5149578386250004,3.6633903154319456,8.191589773420228,-2.453356380221779,1.7186084065237268,2.976717078414082,5.038310611620445,5.670435111872134,12.679478372147717,2.1590395823166744,7.543729190474136,13.06612223644164,16.08858697405062,7.620799626057159,17.040626006768786,-1.1262228919937707,1.1002270471519042,1.905649145528577
-0.7499999999999998,0.5952564435777971,2.0688893978929235,4.626177331617187,-0.1173835191795997,0.2655159117707847,0.45988704940497444,3.2592288930493547,3.5958174858840803,8.040492333119195,-2.4404135704708656,1.6978973769624668,2.940844522936919,4.96620589492046,5.645300297179046,12.623275217892111,2.1834080078729614,7.567381742968755,13.10708965909101,15.832858028474977,7.492994582500346,16.75484524150843,-1.1132800822428575,1.1216883079782818,1.9428211396743502
-0.7479999999999998,0.5532475208899856,1.943125616278718,4.344960966820386,-0.07166576357969867,0.3262271222513032,0.5650419505462405,3.0246200157596626,3.510699781000501,7.850163358910745,-2.4174605938314384,1.672140968274623,2.8962331144690654,4.924196972232648,5.629115061856488,12.587083931479041,2.229125763472863,7.619816816793609,13.197909871054282,15.598249151185286,7.346817073197272,16.42798239392515,-1.0903271056034305,1.1492984618519984,1.9906433289884222
-0.7459999999999998,0.5365366232189064,1.8397328858122743,4.113767793118104,-0.0013742066934131492,0.4132815111032748,0.7158245750597131,2.7969111339233974,3.4030120934597483,7.609366369229865,-2.3695567577996806,1.6275868630591108,2.8190631405500284,4.90748607456157,5.617364748187462,12.560809431358154,2.2994173203591486,7.69676675468298,13.331191073117942,15.370540269349018,7.187648697744209,16.072071086543893,-1.0424232695716726,1.1949331193313313,2.06968487432863
-0.7439999999999998,0.5939724560643974,1.7666183746753161,3.9502787760742,0.11361477866922513,0.5215399468453771,0.9033336861129646,2.553062832481754,3.2624505455468684,7.295061193074072,-2.2950185802657885,1.5614871041701304,2.704574999786262,4.96492190740706,5.6052294589357885,12.53367409966479,2.4144063057217866,7.791520868461766,13.49531001240896,15.126691967907377,7.0088983641472415,15.672373189620307,-0.9678850920377808,1.260182517776674,2.182700147599269
-0.7419999999999998,0.6950736104228035,1.6906171155039442,3.780334794191433,0.24817191088633853,0.644082454293236,1.1155835350995438,2.3164632642185268,3.102247101468769,6.936835401885856,-2.2100873767467535,1.4797439808041437,2.562991756947002,5.066023061765467,5.57982498834523,12.476867976491906,2.5489634379389003,7.906318678702543,13.694145652343638,14.890092399644146,6.815485817780703,15.239889588243399,-0.8829538885187457,1.341556577713291,2.3236441538276447
-0.7399999999999998,0.8195412834770301,1.6187896909619424,3.61972379026678,0.35373357441112135,0.7622632550380454,1.3202786864687275,2.0998718145182282,2.934772480237023,6.562350764305642,-2.1138447848933613,1.3895477543286414,2.406767310040443,5.190490734819693,5.528992055408615,12.363202082949948,2.654525101463682,8.016638511984373,13.885225208670297,14.673500949943849,6.619375137450974,14.801372775912393,-0.7867112966653531,1.4309186034282593,2.4784237226332464
-0.7379999999999998,0.9593955988683829,1.549760278799092,3.465369332223796,0.4554574294787837,0.8558962234600708,1.4824557450391678,1.890284113653561,2.768404592555115,6.190340858175846,-1.9987258063688678,1.285002673348711,2.225689918101801,5.330345050211045,5.446011296078552,12.177651464263377,2.7562489565313455,8.103383184366038,14.035471388521257,14.463913249079184,6.423737193215726,14.363913033624065,-0.6715923181408594,1.5353698146111525,2.659338527314124
-0.7359999999999998,1.0929599525606233,1.4883569056799248,3.328067215881555,0.5443218236533688,0.923576876128992,1.5996820741511615,1.7038676461218416,2.5970262725739075,5.807127284828155,-1.8687833603349253,1.1582735250802965,2.0061885945009776,5.463909403903285,5.321598907691151,11.899456906586044,2.8451133507059314,8.159007451767915,14.131815445795102,14.277496781547464,6.226826755104194,13.923607908527414,-0.5416498721069174,1.6613683657372356,2.8775744195445645
-0.7339999999999998,1.248008782656528,1.4291799880935243,3.1957436054594606,0.6113773418761762,0.9592162272316243,1.6614112410097064,1.5349958846675793,2.4322414513720014,5.438657222960544,-1.7353655568677693,1.0223775972468618,1.7708099429517554,5.61895823399919,5.178185658947529,11.578775133521217,2.912168868928737,8.183923658701644,14.174971582136223,14.108625020093204,6.028923502071648,13.4810827817783,-0.4082320686397612,1.7961751791746594,3.1110666696246416
-0.7319999999999998,1.4401510815253653,1.3910521285273127,3.110487119632846,0.6259354125865936,0.9668774482561046,1.6746808650721212,1.4149493564798539,2.270162335892586,5.076237303015533,-1.5914794561063552,0.8824535737773886,1.5284544251031678,5.811100532868028,5.025262709439471,11.236829023101432,2.926726939639155,8.177889762235324,14.164520566888946,13.988578491905475,5.83694445937329,13.051804592049438,-0.2643459678783476,1.935821935790801,3.3529419471960042
-0.7299999999999998,1.6674127008866182,1.3645061563954597,3.0511285214172075,0.6040338412848398,0.9448309527219341,1.6364952146780976,1.3154679876177837,2.126376958312631,4.75472342457628,-1.4302997009869267,0.7366529754887319,1.2759203810932744,6.03836215222928,4.872268679315147,10.894723971591793,2.904825368337401,8.144143543966718,14.106070402284411,13.889097123043404,5.6604789064090415,12.657215619934288,-0.1031662127589182,2.08176604589164,3.605724560956083
-0.7279999999999998,1.9133535601456604,1.3565338876438393,3.033301986553687,0.5510343724447865,0.8998444499945544,1.55857630629944,1.2808981917210773,2.0101849225009847,4.494910134057348,-1.278637327770414,0.5812085375745968,1.0066827168720065,6.284303011488323,4.731649736100974,10.58029045564072,2.851825899497347,8.077808289407,13.991174371053965,13.854527327146698,5.513387043083254,12.32830821460072,0.04849616045759397,2.2383591557465445,3.876951783339993
-0.7259999999999998,2.144743594233275,1.3633784543594314,3.0486069030062835,0.46768281093823055,0.8496907778017214,1.471707597875299,1.3124703213510258,1.9118832787547329,4.275100976340762,-1.1248800709876439,0.4300035397604801,0.7447879782996154,6.515693045575938,4.613848121671616,10.316878037917455,2.7684743379907926,7.998915444073036,13.854527954581867,13.886099456776645,5.407648588248533,12.09186984175449,0.20225341724036414,2.393258283399198,4.145244942482486
-0.7239999999999998,2.366269411265903,1.4034456835015505,3.138199951038122,0.3802253981712509,0.7916291703767504,1.3711419438461308,1.3902495158954449,1.8347222778830132,4.102563733179677,-0.9697431420677004,0.29422443419642613,0.5096116688564158,6.737218862608567,4.502109143412947,10.067022086794701,2.681016925223812,7.916061219044821,13.711020227211254,13.963878651321068,5.328105388228532,11.914005839361906,0.3573903461603078,2.5420785085608526,4.403009133656312
-0.7219999999999998,2.5872137601236433,1.492231247304589,3.3367305071223607,0.30087949054214097,0.7229208027273912,1.252135560172319,1.4982059782596882,1.7918368311723618,4.0066689590892155,-0.8236294533342092,0.19249853169072895,0.3334172372707502,6.958163211466307,4.398454498268674,9.835243254068487,2.6016710175947027,7.830108628851207,13.562145973953767,14.071835113685307,5.273438625508056,11.791767241809069,0.5035040348937985,2.673268473731104,4.630236818774378
-0.7199999999999998,2.7775882371697262,1.6255245265129086,3.634783340376023,0.19586794714737363,0.6483751038020573,1.123018622147908,1.6560231445936797,1.7884223291782404,3.9990339005210513,-0.7072204045800871,0.13259902798488632,0.2296682535040705,7.1485376885123895,4.309435150017476,9.636189940066082,2.496659474199935,7.744525662979885,13.413911928802204,14.229652280019298,5.257244934105804,11.755557047026981,0.619913083647921,2.797663799686757,4.845695843553661
-0.7179999999999997,2.9797212335104053,1.7918133139926526,4.006616373076747,0.05435593690848909,0.5585131823287297,0.9673732084903399,1.863889034214307,1.8109792862729042,4.049472789950266,-0.6139742158465421,0.16232654208663977,0.28115781831102776,7.3506706848530685,4.256924490063671,9.518772534865997,2.35514746396105,7.626844284650747,13.210081802431402,14.43751816963993,5.28295205829224,11.81303992421388,0.7131592723814659,2.8964528492704287,5.016803496664021
-0.7159999999999997,3.1858167758703715,1.960097928113263,4.382912209817753,-0.06927865594277538,0.46041016405166335,0.7974537964586027,2.0881670413113,1.8629341812884574,4.165647466968908,-0.5282087922493502,0.23273414630924488,0.40310736606378084,7.556766227213035,4.261568553560629,9.52915697653702,2.231512871109786,7.484710711049711,12.963899231493077,14.66179617673692,5.3288896042202545,11.91575939962844,0.7989246959786582,2.9858727782377508,5.171683356844623
-0.7139999999999997,3.388406802018262,2.115616471566452,4.730662244740838,-0.19184862304567243,0.3841309870543067,0.6653343863396418,2.3299445019230522,1.9444734640526917,4.347974846066313,-0.4547462811606499,0.3005066488479926,0.5204927838169826,7.759356253360925,4.326318838617281,9.673943015486183,2.10894290400689,7.343921711911232,12.72004553183846,14.903573637348671,5.3943196499605195,12.062065429674593,0.8723872070673583,3.059252398776554,5.298780587857955
-0.7119999999999997,3.6073581615660624,2.243891615840713,5.017494187161679,-0.31981622340056975,0.3424846305347327,0.5932007808976123,2.56731950278794,2.0578011586415808,4.601383274900404,-0.41869650663585967,0.33774826978319367,0.5849971634329716,7.978307612908725,4.4621600499967355,9.977693198276562,1.9809753036519915,7.218481351193138,12.502776453754954,15.140948638213562,5.477895019869338,12.248945638035403,0.9084369815921484,3.0975779861312107,5.36516245238614
-0.7099999999999997,3.7878204206030874,2.3564346960666636,5.2691481649441165,-0.44050033536188127,0.33818829035196624,0.5857593014144611,2.7802868209289886,2.188409594585206,4.893432616105277,-0.3948459427637076,0.3492839597332077,0.6049775645267575,8.15876987194575,4.636726732481069,10.368036166918152,1.8602911916906801,7.127534723539528,12.345252273881853,15.353915956354609,5.578113628912821,12.473041260467104,0.9322875454643006,3.11132304971581,5.388969600867931
-0.7079999999999997,3.905502574051814,2.4426149485298163,5.46185306776982,-0.5367792663888292,0.3590986254973759,0.6219770642896038,2.9210846509354953,2.3392668023097665,5.2307595874732,-0.3820340075601709,0.36215352816092156,0.6272683109150423,8.276452025394477,4.82609543865625,10.79147746673704,1.7640122606637316,7.055835912057901,12.221066289553374,15.494713786361118,5.686138947078685,12.71459321517702,0.9450994806678373,3.120822717047879,5.405423507342076
-0.7059999999999997,3.9737764333548915,2.498453375724708,5.58671158673427,-0.6282667516036855,0.40044745344927457,0.6935953351357164,3.002581994470174,2.4753206205029943,5.5349851735516555,-0.389430552063762,0.3510150882985081,0.6079759671562917,8.344725884697553,5.033901209007334,11.256145295358778,1.672524775448876,6.9863289325969715,12.100676669646397,15.576211129895793,5.792841479308068,12.953187330613282,0.9377029361642464,3.100256179392563,5.36980121918729
-0.7039999999999997,3.979033453580782,2.5315925736617,5.660813086041205,-0.7015724923444133,0.444257569780386,0.7694766825067044,2.9944646957999206,2.590174466965635,5.791806181719443,-0.4312866079151221,0.3258226208782877,0.5643413336164463,8.349982904923447,5.246585055921741,11.731720834775548,1.5992190347081479,6.919855048639314,11.985540525255296,15.568093831225543,5.8927066957169805,13.176492743091337,0.8958468803128866,3.0542936280097543,5.290191744946771
-0.7019999999999997,3.9365422663993668,2.541939291569237,5.683949050626472,-0.7546570155203468,0.4953701215787498,0.8580062191259665,2.897193779010935,2.691597317143087,6.018594569188003,-0.4913072932113445,0.29856384132663183,0.5171277424806587,8.30749171774203,5.457558686722558,12.20347221470612,1.546134511532215,6.853884393429306,11.871275998622954,15.470822914436559,5.982142436743197,13.376477139644024,0.8358261950166638,3.000841736353712,5.197610352837839
-0.6999999999999997,3.877371487312992,2.5317162009132743,5.661089524979597,-0.8174187296847095,0.5562061184712491,0.9633772566728777,2.737877314650588,2.7793753717885186,6.214872266307879,-0.570814609689642,0.264929120107087,0.4588706964299921,8.248320938655654,5.680522758163402,12.702035034987967,1.4833727973678517,6.7868461257027395,11.755162312869135,15.311506450076209,6.070134902095795,13.573234273680228,0.7563188785383659,2.924602503039757,5.065560127207971
-0.6979999999999997,3.778173617629939,2.488446583913332,5.564335720007345,-0.8891997454309585,0.6266808912665506,1.0854431438062127,2.5235864081742663,2.8393609639732413,6.349004128103499,-0.6939787336639244,0.25688184826971605,0.44493241274534745,8.149123068972601,5.890016150699763,13.170476501536317,1.4115917816216033,6.715490195033512,11.63157021552867,15.097215543599887,6.1475212449999335,13.746275396943991,0.633154754564084,2.828821715505739,4.899662936810092
-0.6959999999999997,3.639253449055798,2.4193624539876835,5.409858909327167,-0.954497207913331,0.6984299593783733,1.2097161751716095,2.265312279453872,2.8775805557922713,6.434465733483145,-0.8210456511252276,0.2830608705251114,0.4902758093841686,8.01020290039846,6.080402120329875,13.596192471591458,1.346294319139231,6.646259594413095,11.5116592978156,14.838941414879491,6.211220183885234,13.888710554386128,0.5060878371027808,2.710764985811626,4.695182682804463
-0.6939999999999997,3.4639641274985857,2.3304406375190845,5.21102368302062,-0.9981515102345698,0.7431605415066842,1.2871918160699765,1.9737729382695406,2.9017909368725796,6.48860179133989,-0.9579676170081978,0.3353728629392165,0.5808828380905563,7.834913578841248,6.246865812943097,13.968416604060252,1.302640016817992,6.604075982587827,11.438595138887472,14.547402073695162,6.261922577999803,14.00208455424829,0.3691658712198104,2.599714894889745,4.502838283142622
-0.6919999999999997,3.254336558192327,2.24449801202845,5.0188501302587545,-1.0536881205325035,0.77653548991312,1.3449989224099133,1.6860109657698867,2.9155677555984356,6.519407694524595,-1.1001464918510842,0.41562068929367546,0.719876150533444,7.625286009534991,6.383685398227647,14.274354497409835,1.2471034065200577,6.572450626933923,11.383818416087475,14.25964010119551,6.319024325222781,14.129767942672878,0.22698699637692363,2.473585582206603,4.284375905251678
-0.6899999999999997,3.010052954133516,2.156444670554362,4.821956873076693,-1.1105054545680964,0.814570866148876,1.4108781265352404,1.3925575788771494,2.9353627451899884,6.563670636865208,-1.249491973480291,0.5201487974534951,0.9009241446853065,7.3810024054761785,6.4858600609136,14.502823988753738,1.190286072484465,6.5350615559121135,11.3190586454299,13.96618671430277,6.385388171959481,14.278162015224517,0.07764151474771719,2.345555294490752,4.062620942020162
-0.6879999999999997,2.754657807493202,2.0780854804552873,4.646740397353334,-1.150660232789428,0.846525827501172,1.466225743151317,1.1138029366282585,2.9559714247895057,6.609753045376242,-1.371275504751055,0.6078017123852583,1.052743446778633,7.125607258835866,6.558129360801636,14.664423055989703,1.1501312942631323,6.504404147769804,11.265958456899043,13.68743207205388,6.461106337519377,14.447472980548028,-0.044142016523046834,2.2447404089657517,3.888004438131622
-0.6859999999999997,2.5061394648450777,2.015847595801077,4.507572256490728,-1.1836702895275952,0.8843990260080232,1.531824047210325,0.873798999901801,2.9737912658934214,6.649599421432843,-1.480720538756917,0.6846615013288795,1.1858685062880057,6.87708891618774,6.608586094977218,14.77724774352894,1.117121237524966,6.469662506028925,11.205784168265485,13.447428135327423,6.545955105134706,14.637200592742985,-0.15358705052890867,2.158521746827577,3.7386693347476885
-0.6839999999999997,2.247594228983556,1.9583243684079998,4.378946409754629,-1.2072586012375066,0.9138259711007225,1.5827930112224198,0.6970056737543056,2.9873120759232563,6.679832871770414,-1.5883333814049259,0.7634736646932906,1.3223751774895842,6.618543680326219,6.639403885543429,14.846158418151342,1.0935329258150546,6.444756526043269,11.162645745518036,13.270634809179928,6.64138533384207,14.850589071241004,-0.26119989317691755,2.0708464271145592,3.5868112264348966
-0.6819999999999997,1.9843720742709539,1.9039458456474123,4.257352336345936,-1.2112441538359446,0.9272018009363855,1.6059606280911838,0.581397099880121,2.994750161039392,6.696464935712523,-1.6758240661466297,0.8151613779756189,1.4119009230216295,6.355321525613617,6.638676617873,14.844532198202424,1.089547373216617,6.434325675860639,11.144578983035581,13.15502623530574,6.736546104067657,15.063375022256654,-0.3486905779186216,2.014245726467745,3.4887759371706175
-0.6799999999999997,1.7257084189151766,1.8546290368253302,4.147076599386399,-1.214145786311776,0.9281904210834099,1.6076729684152162,0.5486423478734471,2.9933255456809857,6.693279398929336,-1.7420282841919728,0.8683038229486025,1.5039463377532705,6.096657870257838,6.603245496723052,14.76530580279211,1.0866457407407861,6.434251436474105,11.144450396646182,13.122271483299068,6.824751955976669,15.260609303138486,-0.41489479596396467,1.9579503327070755,3.391269454945042
-0.6779999999999997,1.4904081303589436,1.8185156598762016,4.066324633631074,-1.226346476967448,0.9257160356515132,1.6033872071296629,0.6069400193308131,2.985644248301584,6.676103495833603,-1.8038534196616431,0.9179821247827356,1.5899916805637309,5.861357581701606,6.545057974510083,14.635194547681632,1.074445050085113,6.4386073679202305,11.151995091225158,13.180569154756435,6.917921036591215,15.468941700793769,-0.47671993143363506,1.9055899222689905,3.300578563761119
-0.6759999999999997,1.256823785759492,1.7873531967261933,3.996643247681323,-1.2192913346592549,0.9110857211892145,1.5780467591502518,0.7070169604932344,2.969389796575888,6.639757436837958,-1.8636014676398005,0.947225010717153,1.6406418447620832,5.627773237102155,6.450172137741111,14.423023366564262,1.081500192393306,6.451299088618469,11.17397779630998,13.280646095918858,7.006666740599094,15.667383127666461,-0.5364679794117921,1.8749184386679356,3.2474539958205764
-0.6739999999999997,1.0631825648235929,1.7837747085757134,3.988641504920172,-1.1922807362265244,0.8839800029796416,1.5310982780356268,0.86687200573645,2.943036671941254,6.580830058735392,-1.8996359795418225,0.9628787089660695,1.6677548454555586,5.434132016166257,6.339508090419049,14.175571034086877,1.1085107908260359,6.4746789801497,11.214472956317522,13.44050114116207,7.091555880458073,15.857201014942625,-0.5725024913138141,1.857062241582911,3.2165261552393503
-0.6719999999999997,0.9010415566180263,1.8186873546696958,4.06670855486071,-1.159782536145152,0.8554624691629433,1.4817044605585417,1.069730751156985,2.901772966724011,6.4885616088661235,-1.9070658113596224,0.9714362390281059,1.6825769223103038,5.27199100796069,6.226120739693612,13.92202921007619,1.1410089909074095,6.500877896378841,11.259850810329636,13.643359886582607,7.169367538673884,16.03119317215516,-0.5799323231316144,1.8475831555312354,3.2001078965885306
-0.6699999999999997,0.7592744372128923,1.8803625048430186,4.204618383170767,-1.120108799359483,0.8345644146490812,1.4455079683611882,1.2841033137655322,2.8500300547301434,6.372860940294047,-1.8948412098219152,0.9721926378255636,1.6838870434582844,5.130223888555555,6.110121644983581,13.662647348976124,1.1806827276930776,6.520779056076265,11.294320630055115,13.857732449191156,7.237939133883473,16.184523920369397,-0.5677077215939073,1.846542210304151,3.1983049265673245
-0.6679999999999997,0.6359888115312529,1.935763232320277,4.328498175812857,-1.073762695825882,0.7986839138887548,1.3833611180432894,1.5068232733798126,2.762652370546368,6.177478498742617,-1.875994685832839,0.9590051758188235,1.6610456892397263,5.0069382628739145,5.991131403933935,13.396577081330031,1.22702883122668,6.556983597066992,11.357028734515765,14.080452408805433,7.277093483353539,16.27207570739925,-0.5488611976048308,1.8596330058082557,3.220978849491928
-0.6659999999999997,0.5233466122633791,1.9686321370618867,4.401995281161062,-0.9916736662923604,0.7482181474754526,1.2959518465725468,1.729726611437065,2.6362055451417805,5.894734801598912,-1.8606968853226833,0.9290024209679456,1.6090793934709722,4.89429606360604,5.864538276524449,13.113506242958128,1.3091178607602003,6.605771318784057,11.441531547315252,14.303355746862687,7.283298419930401,16.285950367381187,-0.5335633970946746,1.8896173410840729,3.272913241620823
-0.6639999999999997,0.4302495778437841,1.9659047608540603,4.395896682560147,-0.919046745319438,0.6722340104116777,1.1643434606088114,1.9315113432183004,2.483155958529086,5.552505522004685,-1.83867987101787,0.8967990649662739,1.5533015447018488,4.801199029186447,5.735256659161336,12.82442375829309,1.3817447817331239,6.676058952354116,11.563273299802379,14.50514047864392,7.262489336000652,16.239419841164768,-0.5115463827898618,1.921916928308583,3.328857767757177
-0.6619999999999997,0.3835924546016026,1.925632188638974,4.3058444734584445,-0.8238556800425956,0.5881537722583955,1.0187122162148354,2.1228497391155594,2.323384833421842,5.195246425423265,-1.813849053578834,0.8645696156938061,1.4974785010619707,4.754541905944267,5.598844650308036,12.519397233549807,1.4769358470099665,6.755802200204618,11.701392656640007,14.69647887454118,7.226835645825258,16.15969576628387,-0.4867155653508264,1.954403833092925,3.3851267374243097
-0.6599999999999997,0.39129979427783634,1.8602638135168101,4.15967634310658,-0.7334039124666334,0.5078447398345123,0.8796128917499733,2.2897498327505112,2.1710651991775634,4.854649368945153,-1.7657457102652667,0.8266890110704981,1.4318673692329726,4.762249245620499,5.45946381567372,12.207732212546821,1.5673876145859278,6.834075388977741,11.836965796465485,14.863378968176132,7.1744109619857745,16.042470609519853,-0.43861222203725836,1.9929981453786652,3.4519740471863916
-0.6579999999999997,0.4566216708584657,1.772808078251816,3.9641193740318275,-0.65949498606032,0.4446455973117723,0.770148765905801,2.4309050477873733,2.0491846590350913,4.582116196052193,-1.7145890994128192,0.7850289151411723,1.359709966435187,4.827571122201128,5.311324901452961,11.876483530236193,1.641296540992241,6.901078469969266,11.953018537006459,15.004534183212993,7.1108317067259135,15.900303072799993,-0.38745561118481103,2.035176044095477,3.525028310720404
-0.6559999999999997,0.5731720304063022,1.6615615144885938,3.7153644951939975,-0.5968260127105945,0.3994789095970924,0.6919177679743784,2.549292187951477,1.988756836107269,4.446995476253262,-1.6622295185745148,0.7502499556904811,1.2994710416322122,4.944121481748963,5.167087896449229,11.553959782176872,1.7039655143419665,6.9553206178077325,12.046968692974344,15.122921323377096,7.048933684096793,15.76189488652846,-0.33509603034650687,2.0691854687962925,3.5839343622384043
-0.6539999999999997,0.7364171487918244,1.5742232406651502,3.520070177887287,-0.5481044846557438,0.3803671292120862,0.6588151933244494,2.6024071951813506,1.9991823435208596,4.4703076195299785,-1.6323534545914542,0.7201099348649148,1.2472669942211472,5.107366600134487,5.02954408160063,11.246402462290758,1.7526870423968177,6.987843500775215,12.10329997868264,15.176036330606973,6.980406798427072,15.608664111884606,-0.3052199663634461,2.098819406682919,3.6352618482863814
-0.6519999999999997,0.9326586032163025,1.5394138496066307,3.442234013225064,-0.5015900463104103,0.3457766004403846,0.5989026400311891,2.6094887623580543,2.060971143242231,4.608471575955084,-1.6175413351265577,0.7105172025512345,1.2306518944704452,5.303608054558966,4.911494615127749,10.982435830549814,1.7992014807421512,7.026846156158446,12.170854559436497,15.183117897783678,6.900625108711761,15.430266830321376,-0.29040784689854976,2.107936552694652,3.651053208398727
-0.6499999999999997,1.1363614314046235,1.576306395174255,3.524728252977281,-0.4781434110624742,0.3209973104828324,0.5559836508492275,2.541614929534573,2.157205548617906,4.823658248149366,-1.588750355234473,0.6843172626471284,1.1852722674012823,5.507310882747286,4.814826852554995,10.766280142204325,1.8226481159900878,7.060010668047106,12.228297179035877,15.115244064960194,6.812341106036462,15.232857799013633,-0.26161686700646475,2.134037759233256,3.6962618242624385
-0.6479999999999997,1.3596696665341845,1.6742359548269505,3.743705405367329,-0.47260264019681264,0.2962330123706076,0.5130906283050721,2.408714922148768,2.252898616809971,5.0376344536023465,-1.5598077696648849,0.6428087603415373,1.1133774324619086,5.730619117876847,4.764210323420707,10.65309814227496,1.8281888868557477,7.091006801098734,12.281984056319462,14.98234405757439,6.704221065469952,14.99109403857688,-0.23267428143687674,2.1755473364637794,3.768158521026409
-0.6459999999999997,1.5751330591266752,1.827211096486906,4.085768220986649,-0.4666012259881717,0.2806861547244424,0.4861626809638733,2.2161905098396018,2.3197987957852098,5.187227801497881,-1.5046190101468706,0.5904493057831289,1.0226881969101513,5.9460825104693384,4.742344600167835,10.604204898704339,1.83419030106439,7.1082215724939815,12.311800915016715,14.789819645265222,6.570807263727205,14.692771708743418,-0.17748552191886238,2.2280346808947145,3.8590692683351557
-0.6439999999999997,1.7929260824799964,2.006862742607306,4.487481513981599,-0.4736893493709872,0.2841676091438743,0.49219273690256454,1.9275207717822282,2.3416124752825187,5.236004671693258,-1.4240886952211405,0.5274562217923023,0.913580974912586,6.16387553382266,4.7474114954285405,10.61553482094215,1.8271021776815737,7.0999485820050126,12.297471675159287,14.50114990720785,6.403502255031274,14.318666336323124,-0.09695520699313231,2.2914025477059825,3.96882563321953
-0.6419999999999997,2.0057347082280166,2.1916269662351735,4.900626877823485,-0.5280739143152232,0.2926780907837589,0.5069333234997268,1.6036852339240393,2.328785688255249,5.207323103967371,-1.312253728118341,0.4517379555087244,0.7824330906483996,6.376684159570678,4.769126943692799,10.664092039422911,1.7727176127373376,7.080712462703296,12.264153739188258,14.177314369349663,6.218979237788846,13.90606032635569,0.014879760109666998,2.36812974317944,4.101721034101827
-0.6399999999999997,2.20706906746491,2.3779986136024815,5.3173665504154055,-0.5845156192386508,0.3205835933459205,0.5552670717481342,1.2546855760394486,2.2869568726462086,5.113791028847253,-1.1879547954281762,0.3717098448414935,0.6438203369390109,6.578018518807573,4.781986496126412,10.692846872824692,1.7162759078139107,7.035776374921163,12.186322152056228,13.828314711465069,6.013596561999364,13.446810701889607,0.13917869279983167,2.449961886159628,4.243458463435753
-0.6379999999999997,2.3981380358612983,2.550589246768141,5.7032909384535495,-0.671991850110298,0.3855596999840462,0.6678089897233812,0.9139953550808088,2.225391226494596,4.9761260589735485,-1.0657317664860175,0.2970254344049135,0.514463143529527,6.7690874872039615,4.787964967114946,10.706215140356564,1.628799676942263,6.962780702855384,12.059889939305663,13.48762449050643,5.796516888969804,12.961405796462083,0.26140172174199056,2.5281893338434283,4.378952377370531
-0.6359999999999997,2.5692460635833694,2.701693471546082,6.041170256744433,-0.7623706946433203,0.4588347087972555,0.794725027912917,0.5739225381585932,2.1613605045751516,4.832949012113285,-0.9639931415137735,0.23037872928336364,0.39902766410194174,6.940195514926032,4.783356690661995,10.695910720948653,1.5384208324092412,6.883497290505329,11.922567040917933,13.147551673584212,5.574660190390077,12.465319137174133,0.3631403467142344,2.6000070166783806,4.5033442529225365
-0.6339999999999997,2.716719015545838,2.8253842073296247,6.317751150143401,-0.8463650167399135,0.526238159864483,0.9114712297668377,0.25721225139830695,2.102674075977355,4.701722168411924,-0.8730058595961685,0.18252632125016402,0.3161448621239229,7.087668466888499,4.76525289969351,10.655429413692676,1.4544265103126481,6.816508259105163,11.806538634983019,12.830841386823925,5.371050657545124,12.010034380865841,0.45412762863183964,2.6596068326468987,4.606574162301764
-0.6319999999999997,2.858016948413562,2.9065449833942694,6.499232162530584,-0.9159578205767489,0.5914434038570405,1.0244100252818726,-0.03934391812930889,2.054779381545212,4.594626375900071,-0.806825292581988,0.14925696630017043,0.2585206490154909,7.228966399756224,4.729783756001934,10.576117997294604,1.3848337064758123,6.757417742581477,11.704190858118507,12.534285217296311,5.181998324695948,11.587300513310167,0.5203081956460197,2.7249535397755738,4.719757979155953
-0.6299999999999997,2.9873256383004962,2.941257300140362,6.576851262431352,-0.9564570595061314,0.6359795561143746,1.1015489037651987,-0.29916711047813405,2.0306047304003187,4.540570212607746,-0.7225862205408164,0.14198600145956403,0.24592696849151363,7.3582750896431595,4.681091279256627,10.467238309299269,1.3443344675464293,6.723463611740352,11.645380578374837,12.274462024947487,5.012015617415906,11.207207624832545,0.6045472676871917,2.7786557885511183,4.8127730025158995
-0.6279999999999997,3.075422682944297,2.9157269224643674,6.519763602456584,-1.00419134704209,0.68168436603757,1.180711956702451,-0.5009998917824111,2.026919123239588,4.532328944457992,-0.6274160028281924,0.1599061831770754,0.27696563370711025,7.44637213428696,4.633332966845132,10.360447476256496,1.2966001800104714,6.683680427327313,11.576474081684571,12.07262924364321,4.875521193036645,10.901996813370815,0.699717485399816,2.8207326438044023,4.885652253637309
-0.6259999999999997,3.1515128356389823,2.8531988407995814,6.379946561351464,-1.0444611478108863,0.7341020037966242,1.2715019685138738,-0.6388637185066655,2.050034577524425,4.584016671569676,-0.5506463597071216,0.18049556378729661,0.3126274870203869,7.5224622869816455,4.591560036069754,10.267040363423355,1.2563303792416753,6.6386514967989045,11.498481686198877,11.934765416918957,4.764228151542996,10.653138007168309,0.7764871285208862,2.842963857926878,4.92415784601138
-0.6239999999999997,3.2127056808819647,2.7726530417690616,6.199840679417186,-1.0835765880415875,0.7770611171877649,1.3459093355554421,-0.7075442999214093,2.0858171926487383,4.664029031400354,-0.4914154862687221,0.19270085597377828,0.33376767320859657,7.583655132224626,4.550608959056569,10.175470971470045,1.2172149390109734,6.59870192958455,11.429287006043229,11.866084835504212,4.680450581362185,10.465805665254255,0.8357180019592864,2.8483610505454884,4.933506057845048
-0.6219999999999997,3.26442840995695,2.6900843281982816,6.015211423058212,-1.1242502235485479,0.7855710910038785,1.3606490425760316,-0.688185021544734,2.1061711817771473,4.709541934704768,-0.46725563818720284,0.19978666095430453,0.3460406474473926,7.635377861299611,4.526863546334869,10.122374614470537,1.1765413035040133,6.592742367555505,11.418964741818064,11.885444113880888,4.618127323942491,10.326446625084602,0.8598778500408054,2.843949137534409,4.925864400351285
-0.6199999999999997,3.2958468011742994,2.6192061951516585,5.856723099447689,-1.1266616074474216,0.7710446033775655,1.335488427951737,-0.5683272753037711,2.101065636041243,4.698125587377052,-0.48148619392757225,0.21583371358164985,0.37383495790968635,7.666796252516963,4.521811677751789,10.111078292905376,1.1741299196051387,6.607859234491732,11.445147923402867,12.005301860121849,4.570057714596138,10.218959710934298,0.8456472943004364,2.8087566867739215,4.864909287591255
-0.6179999999999997,3.302835959901164,2.5619633170050755,5.728724132684192,-1.0883635456080305,0.7328795364876299,1.269384593024104,-0.3760093286853574,2.0705195667264906,4.629822499943845,-0.5067028319478046,0.2409771286782152,0.4173846303327319,7.673785411243827,4.532989081004279,10.13607172638987,1.2124279814445316,6.644025819523629,11.507790286214371,12.197619806740263,4.536648198506785,10.144253761863132,0.8204306562802032,2.767906628618669,4.794154911374214
-0.6159999999999997,3.2777239338197233,2.514825964062392,5.623321807224952,-1.0248104774850189,0.6748379177396644,1.1688535603990853,-0.12452950750534497,2.0165933140837513,4.509239733262852,-0.5286030668484484,0.26257700287993646,0.4547967098872094,7.648673385162385,4.5708716049595335,10.220779625113082,1.2759810495675428,6.699629759073244,11.604099134615295,12.449099627920278,4.51698790904788,10.100292018175697,0.7985304213795598,2.725114270784681,4.720036373430078
-0.6139999999999997,3.179583264669167,2.4945991218031107,5.578093212963034,-0.928298782171798,0.5900834756091956,1.022054560461957,0.13716763334699902,1.9607598515711047,4.384392315665388,-0.559936820267566,0.29163251088820374,0.5051223259972527,7.55053271601183,4.609235633240971,10.3065642002411,1.3724927448807638,6.781123515599676,11.745250461418722,12.71079676877262,4.49701131137455,10.055622987818968,0.7671966679604422,2.6940521006983205,4.666235116647156
-0.6119999999999997,3.029020426944535,2.489428640637356,5.566531665600023,-0.8244691105891327,0.48158823655847566,0.8341352940467792,0.4220985355648487,1.8894295744716467,4.224892967217103,-0.5952602471176089,0.3244976431108327,0.562046404804315,7.399969878287197,4.652826458233146,10.404036248118901,1.4763224164634288,6.883284423699633,11.922198344795223,12.99572767099047,4.482307314939589,10.02274385224948,0.7318732411103991,2.661343392414282,4.609581972049252
-0.6099999999999997,2.800493279373039,2.487494828162499,5.5622075294505064,-0.7039079610361713,0.3700537143851741,0.6409518348447034,0.7108432434828736,1.8121901246810446,4.0521803069406355,-0.6327555557594589,0.34173639260741767,0.5919047947913526,7.171442730715701,4.68046859874906,10.465845953356087,1.59688356601639,6.987704973486536,12.103060042380413,13.284472378908495,4.464998730932597,9.98404068181558,0.6943779324685494,2.6365087914283567,4.566567181355929
-0.6079999999999997,2.5078845702800514,2.5028974566295923,5.5966488537351005,-0.5736530663811481,0.24526019987653924,0.42480312726066405,1.0031610724031905,1.7494192703391314,3.9118204096263796,-0.6642345401979903,0.3583872113000234,0.6207448587545633,6.878834021622714,4.684958340901508,10.475885322010406,1.7271384606714133,7.102202832837721,12.30137615213454,13.576790207828811,4.442369344860855,9.933439836270077,0.6628989480300179,2.612190981355211,4.524447498780431
-0.6059999999999997,2.163926295141399,2.5234164947319204,5.642530817764814,-0.4469057304973918,0.12983495935962905,0.22488074620951784,1.3004101504030492,1.6800964519617265,3.7568098753426304,-0.6810445289242208,0.3676086678043981,0.6367168899399268,6.534875746484062,4.664035793952113,10.429101084769128,1.8538857965551696,7.212065081224775,12.491663148174672,13.874039285828669,4.41094744699533,9.863178336660708,0.6460889593037873,2.6014205887447828,4.505792631561705
-0.6039999999999996,1.804416963316283,2.5432119871364858,5.686794884429503,-0.32698300834911953,0.06236376170457755,0.10801720382344657,1.5632816464776045,1.6103227378245595,3.600791107489287,-0.6864845339141835,0.3514149915728691,0.6086686199455981,6.175366414658946,4.599603432848082,10.285025945389702,1.9738085187034422,7.3101865206363055,12.661614466547233,14.136910781903229,4.360942082984792,9.751362943493525,0.6406489543138246,2.6328213733487855,4.560180385893364
-0.6019999999999996,1.4213681936554985,2.535506174886878,5.66956416441753,-0.21150328982310743,0.11507242833733475,0.1993112924305924,1.8148158452137217,1.544479213874172,3.4535605120580852,-0.6823723203782485,0.3357919898643366,0.5816087872196845,5.79231764499816,4.505775792036877,10.075220962367412,2.089288237229454,7.407979385801748,12.830996677631513,14.388444980639344,4.293924224332652,9.601506455840866,0.6447611678497595,2.6673402120435323,4.61996876833094
-0.5999999999999996,1.0369911590580378,2.504450313640426,5.600121147570661,-0.08573874835051863,0.1942990820966492,0.3365358820553928,2.0680374042072525,1.4896815525734324,3.331029216381622,-0.653986313503112,0.31960409096820813,0.5535705238638018,5.4079406104007,4.38566957441432,9.806655295242992,2.215052778702043,7.497550640143685,12.986138641049422,14.641666539632874,4.215881715136143,9.42699810014282,0.6731471747248964,2.712952608371382,4.6989717562257445
-0.5979999999999996,0.6820233627174916,2.4560789605480826,5.491959513892537,0.05407059278223,0.25857393456478517,0.4478631921791981,2.3219949783922322,1.4624946413839919,3.270237434863783,-0.607811315536139,0.3083464153317638,0.5340716576863499,5.052972814060154,4.262393959772018,9.531002640934735,2.3548621198347917,7.5657402741223185,13.10424655164994,14.895624113817851,4.126911836016065,9.228055402480386,0.7193221726918694,2.7580259396662616,4.77704105609486
-0.5959999999999996,0.38891639165971953,2.402389002670802,5.371905118369837,0.16211227460367916,0.328561937237033,0.5690859687277977,2.564883926229963,1.459226806277841,3.2629303334271698,-0.5687327678169,0.2928817020642646,0.5072859885825568,4.759865843002382,4.145604148924029,9.269852684799291,2.4629038016562395,7.634275429901835,13.22295292356471,15.138513061655583,4.039342167083735,9.032243669980545,0.7584007204111082,2.817421075432035,4.87991644896363
-0.5939999999999996,0.17846061399339144,2.3401869626168357,5.232817128470004,0.24090693528219273,0.35890503180595823,0.6216417501800435,2.7965132321293185,1.4810736631925159,3.3117813905830937,-0.5608498261077516,0.2775408108568583,0.4807147855779424,4.549410065336054,4.047596080578556,9.050699981635367,2.541698462334755,7.665932979864591,13.277785408543354,15.370142367554939,3.959133145914188,8.852890846236718,0.7662836621202563,2.850850832689922,4.937818487018985
-0.5919999999999996,0.03707744300232383,2.2881705830557446,5.116504967827973,0.2825359418984517,0.36420288268762385,0.630817897078012,3.018588277372196,1.5161978714470554,3.3903215078961035,-0.563661896411498,0.2766937215207767,0.47924758380929927,4.408026894344987,3.9724413350137686,8.882648861720803,2.5833274689510124,7.669779156851894,13.284447182500266,15.592217412797817,3.8986793492193663,8.717712047329146,0.7634715918165099,2.860475278777862,4.954488516638005
-0.5899999999999996,-0.033039346795608535,2.239532275135028,5.007746405006685,0.28145545823598617,0.3494040501999985,0.6051855673167439,3.2162665610713637,1.5532570518635542,3.473188354497824,-0.5678352970177799,0.2543347887824817,0.4405207763035573,4.337910104547054,3.9454869848130856,8.82237710238274,2.5822469852885472,7.657286388561353,13.262809073093862,15.789895696496984,3.871273261218038,8.656430171560833,0.759298191210228,2.8437033820626967,4.925438739388041
-0.5879999999999996,-0.026619974672945256,2.2030348452156883,4.926135670703006,0.26887097849163566,0.29816964131068097,0.5164449680246874,3.3831860101509363,1.5972101839235915,3.5714705456080926,-0.5772123347941517,0.23675852570153383,0.41007779564015845,4.344329476669718,3.9569589318826717,8.848029155864614,2.5696625055441964,7.61431086949704,13.188373290592828,15.95681514557656,3.8627464373480387,8.637363613755348,0.7499211534338563,2.8111638020037923,4.869078533469064
-0.5859999999999996,0.06104404910185447,2.164770936906583,4.840574970639028,0.22920947224488095,0.23519624306463188,0.40737184273726157,3.4994719784587005,1.627202579805682,3.6385355816085316,-0.5920849249842622,0.23326617799272048,0.40402887197079695,4.431993500444518,4.02600952434805,9.002430974503834,2.530000999297442,7.556155798676987,13.08764575321473,16.07310111388432,3.874777299159228,8.664265438593073,0.7350485632437458,2.7769954210831784,4.809897161702193
-0.5839999999999996,0.1964762568862703,2.133207860226757,4.769997785603899,0.15176849974546552,0.16671498102488364,0.2887588175179797,3.540373030088733,1.625073199335782,3.633774142127875,-0.5972332311497547,0.2308513738613155,0.3998463085248763,4.567425708228933,4.1531105915138395,9.286637600699306,2.452560026798027,7.493730260865744,12.979521550035845,16.114002165514357,3.920405587351606,8.766293392688182,0.7299002570782536,2.7459443168296267,4.756115071503924
-0.5819999999999996,0.3574821584831182,2.1070141565227134,4.711426883539169,0.07911249434892849,0.08878983919235175,0.1537885126770236,3.520044677238643,1.580753082538669,3.5346713481988,-0.6227085072642478,0.23696079709027815,0.4104281399623811,4.728431609825781,4.321868685269964,9.663992170091284,2.37990402140149,7.413612205849741,12.84075300814453,16.093673812664264,3.990514880323205,8.923062537627125,0.7044249809637604,2.711678660204843,4.696765213275089
-0.5799999999999996,0.5456379288978908,2.076952780410487,4.644207603055042,-0.0036841030120223057,0.02772522132436902,0.04802149198489922,3.4584714198201305,1.4866710874230815,3.3242976116615433,-0.6521897553236125,0.25244526572288745,0.437248026362267,4.916587380240553,4.524763355373703,10.117678444715638,2.2971074240405387,7.322159452190636,12.682352192314879,16.032100555245755,4.080972969601717,9.125332974368623,0.6749437329043957,2.662628666343315,4.611808131795981
-0.5779999999999996,0.7521269235752597,2.0429184611846773,4.568104551698204,-0.10102051869930151,0.13200685754992147,0.2286425842239712,3.3243485851562995,1.3426594697419414,3.002277844976803,-0.6880236571496732,0.28083734363616947,0.4864245478405256,5.123076374917922,4.73705873419081,10.592385343059759,2.1997710083532596,7.2162620935725466,12.498932586801006,15.897977720581924,4.195456900641401,9.381326826504754,0.6391098310783349,2.6146087734517085,4.528635237533703
-0.5759999999999996,0.9531653306276979,1.9960608049345365,4.4633276470565715,-0.24046928912147073,0.261709633104443,0.4532943813671051,3.115031177504923,1.1628898870032998,2.6003008376864276,-0.7198954596558099,0.3089857361411722,0.5351789938105813,5.32411478197036,4.950070844279531,11.068694901248808,2.060322237931091,7.096598042919131,12.291668371229793,15.688660312930546,4.324850838783528,9.670660468066952,0.6072380285721982,2.578894858040989,4.46677692150512
-0.5739999999999996,1.1354033973608157,1.9344917584391406,4.325655073783021,-0.41707173792762015,0.39106276900852344,0.6773405848713343,2.816130529867025,0.9579249385800033,2.1419852800071983,-0.7521991433994003,0.33553578362613,0.5811650249978946,5.50635284870348,5.166093954394352,11.55173726017647,1.8837197891249406,6.972667500967325,12.07701437595972,15.389759665292644,4.478341080547726,10.013875082534577,0.5749343448286081,2.5470474201678197,4.411615541017897
-0.5719999999999996,1.2599253446882412,1.8556465261686956,4.149351774724546,-0.5729014522026695,0.5363708908837315,0.9290216347116053,2.44947734048988,0.7565937482742122,1.6917950524925027,-0.7717874209183102,0.36209649879270384,0.6271695331517656,5.630874796030904,5.386066756464838,12.043611398807183,1.7278900748498927,6.834860109187987,11.838324971739356,15.023106475915501,4.6515809523239975,10.401251212239668,0.555346067309698,2.5149965279115616,4.3561017672021425
-0.5699999999999996,1.3342934778660316,1.7773462714736552,3.9742670825708886,-0.7361619290267122,0.6627656437808878,1.1479437685395935,2.000915066083103,0.6264223697163209,1.4007230013121994,-0.7581467108569379,0.3867183779186231,0.6698158787756774,5.705242929208694,5.615594363776295,12.55685073146848,1.5646295980258487,6.717520779440481,11.6350872908906,14.574544201508726,4.8288287853069365,10.797589415654048,0.5689867773710704,2.4851956527856234,4.304485137374002
-0.5679999999999996,1.382113010911011,1.7106683813357093,3.825170787626179,-0.8700049189726373,0.7885979681076122,1.3658917475079653,1.5001928489397294,0.6332834452731462,1.4160648326560228,-0.7628632731028363,0.41324180031515595,0.7157557939570826,5.7530624622536735,5.850506518019429,13.082130277097043,1.4307866080799243,6.604858687611131,11.439950823755174,14.073821984365349,5.019048211166322,11.222932982516616,0.5642702151251718,2.448920465284103,4.241654669567281
-0.5659999999999996,1.4054833115316208,1.6845717610067206,3.766816970587557,-0.9856409106929674,0.9156282753729673,1.5859146937926463,0.9815680676353917,0.7776048112203313,1.7387772175195522,-0.7604846399986104,0.4414368340110095,0.7645910248394174,5.7764327628742835,6.094601533791333,13.627943325331902,1.3151506163595936,6.492338079520138,11.245059413643029,13.555197203061013,5.218808761363707,11.669611151980728,0.5666488482293978,2.4141987050584084,4.1815148167281535
-0.5639999999999996,1.3724171921700503,1.719369081833842,3.84462614539187,-1.0851646881378743,1.0118886671062948,1.7526425830312524,0.4727158584538791,0.9995059381566141,2.2349632216328903,-0.7701761700865534,0.47090853571128666,0.8156375095698115,5.743366643512713,6.347915954292922,14.194371589254423,1.2156268389146867,6.403441783992564,11.091086513184612,13.0463449938795,5.429103558525594,12.139844613749238,0.5569573181414548,2.3789019060452845,4.120378967492877
-0.5619999999999996,1.2943641764678704,1.8193146841327166,4.068111306184313,-1.1744501193124803,1.0976164025588973,1.901127376452984,0.010279728957044033,1.2484791649824343,2.7916842813928984,-0.8020005646307204,0.5120949227156284,0.886974424441526,5.665313627810533,6.5956552493265415,14.748333493647472,1.126341407740081,6.330772921371596,10.965220350996853,12.583908864382664,5.643951403683066,12.620259000340694,0.5251329235972877,2.3299732087584215,4.035631977843872
-0.5599999999999996,1.1909475757800245,1.9689841877264178,4.402782490378478,-1.2268197934826055,1.1835655334433155,2.0499956380111835,-0.39058872464694894,1.4932951101741108,3.3391093768173494,-0.8238007230176242,0.563323570169235,0.9757050446342064,5.561897027122687,6.826257192433774,15.263975114178782,1.073971733569956,6.25581107217812,10.835382619564436,12.183040410778673,5.855093762423402,13.09238766741373,0.5033327652103838,2.2727268580335043,3.936478389840408
-0.5579999999999996,1.0702775164317817,2.1471734942819816,4.801225892700267,-1.280868407181208,1.2387385503022774,2.14555810641776,-0.7264422318105029,1.7094319344484583,3.8224060083357174,-0.8497553014533121,0.6075829975919567,1.0523646216442677,5.441226967774445,7.02490158944967,15.708157489255782,1.019923119871353,6.210499295433694,10.756900320061872,11.84718690361512,6.061419756701543,13.553746616144887,0.47737818677469585,2.2243621293408933,3.852708222450522
-0.5559999999999996,0.9450019844731639,2.335209440997566,5.221687051769842,-1.3199074015996235,1.2637903123399137,2.188949031086071,-0.9952592286832533,1.8922534981475618,4.231207452519721,-0.8819751127566641,0.6419187288220365,1.1118358526497953,5.315951435815828,7.18784201602215,16.07250335935466,0.9808841254529378,6.195621784814426,10.731131715779155,11.578369906742367,6.254943466951412,13.986478787521566,0.4451583754713444,2.1876461149378326,3.7891142200529897
-0.5539999999999996,0.8295980857371367,2.5214634417412114,5.638163658513929,-1.3425438324415355,1.263070942752655,2.187703046411519,-1.1776304269537015,2.0538661567736236,4.592584343232063,-0.8944073050386189,0.6734215226981658,1.166400292223621,5.200547537079801,7.3181851967704485,16.363959571911398,0.9582476946110253,6.1975315547573695,10.7344395343511,11.395998708471922,6.4276440597987605,14.372649052882752,0.4327261831893893,2.156183932727284,3.734620121947329
-0.5519999999999996,0.7313055325100652,2.69596521986334,6.0283614965895955,-1.3350729355316249,1.2410239697901824,2.149516569087419,-1.2977180719972825,2.191788949294796,4.900989082956004,-0.9085479801698386,0.7084253592458322,1.2270287155840156,5.102254983852727,7.418376275227419,16.5879936340802,0.9657185915209361,6.220300941818075,10.773877269597444,11.275911063428339,6.582769575887149,14.719520251901127,0.4185855080581695,2.122386280622529,3.6760808713253565
-0.5499999999999996,0.6716000495424007,2.84666195189738,6.365329633404778,-1.3004773082675065,1.2043439330336165,2.0859848818015534,-1.3192600614851862,2.3155038411764237,5.177623991032361,-0.9039600746844969,0.7359878571526006,1.2747683623420494,5.042549500885063,7.4748741445185924,16.71432671039916,1.0003142187850553,6.256878185635517,10.837230914290089,11.254369073940435,6.720363128366954,15.027188788511655,0.4231734135435114,2.0961409602082988,3.630622642906985
-0.5479999999999996,0.6416291948958857,2.9641733975211104,6.62809321395371,-1.2692503778689928,1.154014895059543,1.9988124309343946,-1.2607308768987975,2.4246458632361656,5.421672971559724,-0.8919604810939319,0.7531405937247315,1.3044777735738249,5.012578646238548,7.486863799340538,16.74113639360779,1.0315411491835682,6.3111549628795505,10.931241050147852,11.312898258526825,6.843868653559574,15.303355538439167,0.4351730071340764,2.079881758871836,3.60246088010174
-0.5459999999999996,0.6456251721193655,3.036352965817681,6.78949163525143,-1.22265795493711,1.0925351482681753,1.8923263858552761,-1.1191816308576508,2.523571694055126,5.642877854001563,-0.887953288996722,0.7412155083659515,1.2838229198478222,5.016574623462029,7.434861794941747,16.624856376805848,1.0781335721154512,6.367597211418172,11.029001892310175,11.45444750456797,6.958766430991879,15.560274779241443,0.4391801992312862,2.095616768869087,3.6297147168745836
-0.5439999999999996,0.6565372083356065,3.062632749877096,6.848255018842298,-1.1474947862743263,0.9990029923298542,1.730323939628649,-0.8852510730624976,2.613362736151969,5.84365672790065,-0.867223749187394,0.7072952084829769,1.2250712370425374,5.02748665967827,7.323881166650439,16.37669614776085,1.1532967407782344,6.4500837605942065,11.171872786424096,11.688378062363125,7.05259472046959,15.770081212726131,0.45990973904061416,2.1339631858432044,3.6961326593619765
-0.5419999999999996,0.6957810258784831,3.056735900758677,6.835069263360453,-1.051518108148992,0.8819638221924594,1.527606150474983,-0.5846219272873915,2.6951446609905245,6.026526671170439,-0.842063093092146,0.6520733970597259,1.1294242539714794,5.066730477221145,7.160753582870393,16.011931781423375,1.2492734189035695,6.556411395999436,11.356037653194612,11.98900720813823,7.1342779502178555,15.952730467064987,0.4850703951358623,2.195965036010517,3.8035230140150347
-0.5399999999999996,0.7921312336186994,3.037572734376087,6.792219120664843,-0.9564867225869441,0.7813638926059895,1.3533619611933656,-0.22341670218206816,2.763411362375988,6.179175656068014,-0.8165051268025777,0.5886193535869801,1.0195186267309995,5.163080684961361,6.95710738996106,15.556565050719067,1.344304804465617,6.650036897687475,11.518201779002421,12.350212433243556,7.196623385512847,16.092139098471403,0.5106283614254306,2.2652533002136863,3.9235338079831794
-0.5379999999999996,0.9338956512058839,3.005995760811388,6.721610861250462,-0.8767556451123625,0.6758354432999208,1.170581325351298,0.17659088455558614,2.8226010771730086,6.311527881922977,-0.7833810933879612,0.5247132955949101,0.908830087377291,5.304845102548547,6.715365478523011,15.016013703732856,1.4240358819401984,6.740733271248551,11.675292506072452,12.750220019981208,7.243362177173294,16.19665021381036,0.5437523948400469,2.3322512603290346,4.039577678906436
-0.5359999999999996,1.1069697580369666,2.961860464194013,6.622921337806896,-0.8183277144922688,0.571897226278225,0.9905550526216005,0.6084250315280986,2.8676455992843994,6.412250495378039,-0.7535718709070108,0.44389094070892576,0.7688416623274035,5.477919209379628,6.44239568118123,14.405634681072293,1.482463812560292,6.825093939607387,11.821409469830424,13.182054166953723,7.269532980263215,16.255169908545188,0.5735616173209973,2.4278763405363373,4.205205176303333
-0.5339999999999996,1.324606440073286,2.9097231962720747,6.5063388625723215,-0.7849803314807167,0.49981607273270134,0.8657068324125801,1.0407934189533337,2.9024432844353583,6.490060484835219,-0.7286644015865344,0.3946474036872587,0.6835493542614771,5.695555891415949,6.156925890259279,13.767304823048159,1.5158111955718436,6.884858113754859,11.92492405592624,13.614422554378956,7.264154360292301,16.243142948665085,0.5984690866414738,2.492049361275525,4.316356108698777
-0.5319999999999996,1.5371638121739528,2.846079707255008,6.364027694804899,-0.7517738832662039,0.4800919089362014,0.8315435785802315,1.477944544835005,2.9081253504776394,6.502765970758403,-0.7148850617477702,0.3682233514813103,0.637781553298922,5.908113263516614,5.850839261056157,13.082874313146206,1.5490176437863568,6.9050261185356865,11.959856064893925,14.051573680260626,7.221326536740149,16.147377023874107,0.6122484264802379,2.532276023388054,4.386030731296584
-0.5299999999999996,1.7199710824779004,2.771981088040675,6.198338145202779,-0.7452844229276806,0.47366563232980774,0.8204129409944664,1.8916725729121577,2.8781818971789015,6.435810373701334,-0.7202705330274353,0.3373529199158717,0.5843123973760043,6.090920533820563,5.526089098421109,12.356710873790126,1.555507104124881,6.909682636322375,11.967921390286818,14.46530170833778,7.143630974253669,15.973644464604254,0.6068629552005728,2.564361643516259,4.441604655550989
-0.5279999999999996,1.8666409507418251,2.6973806823989634,6.031526567038853,-0.768868820983525,0.49078191181394815,0.8500592066975463,2.2613822288673733,2.7982478717414785,6.257072459108059,-0.7336574349644703,0.32096589468587267,0.5559292370927329,6.237590402084488,5.187626435801596,11.59988535232732,1.5319227060690366,6.891897470724846,11.937116579850871,14.835011364292995,7.020263070959532,15.697785446596946,0.5934760532635379,2.564611731489506,4.442037820627015
-0.5259999999999996,1.947788655111139,2.614879259901414,5.847047778093902,-0.8257886426365175,0.5566591314727697,0.9641618982080006,2.5478198802757475,2.662542059447287,5.95362503787642,-0.77714100245906,0.32168405149278334,0.5571731211701036,6.318738106453803,4.8503160739851,10.845636453790584,1.4750028844160432,6.835334744439645,11.839147064110291,15.12144901570137,6.844752606148438,15.305332116516752,0.5499924857689482,2.5536485934767343,4.423049108578505
-0.5239999999999996,1.9753712612992627,2.5418788412098596,5.68381387951364,-0.8907042972533864,0.6469734728015011,1.120590926041481,2.7457411824055127,2.473687636299756,5.531333709867031,-0.8195881448409388,0.3239086772633808,0.5610262860326055,6.3463207126419245,4.527102620742019,10.122909201096604,1.410087229799175,6.751721135236956,11.694324044767026,15.319370317831135,6.623970716100019,14.811648802167603,0.5075453433870688,2.538980396298009,4.397643045809515
-0.5219999999999996,1.947772292658882,2.4828535705748775,5.551829361983498,-0.9762570774338114,0.7615253572714212,1.3190006100461429,2.8635320659275836,2.2441209428628914,5.018006977972347,-0.8354832736572874,0.33690236785491995,0.583532018314981,6.318721744001546,4.246895943987305,9.496348024123753,1.3245344496187499,6.645912011428612,11.511057266426628,15.437161201353202,6.362021473290685,14.225912488591336,0.4916502145707211,2.511468806877644,4.3499915751364675
-0.5199999999999996,1.8781957116877646,2.4543861650507743,5.48817430808855,-1.1300024319102784,0.9126177356296467,1.5807002859990096,2.8672734223704395,2.005657003047131,4.484785398361888,-0.8493112674846411,0.3648067938118495,0.6318639018284268,6.249145163030428,4.024656902576027,8.999406420273745,1.1707890951422826,6.503476592638423,11.26435188428467,15.440902557796061,6.072896759483106,13.579409974542417,0.4778222207433669,2.475396624684242,4.287512722837614
-0.5179999999999996,1.7614748108228517,2.455250330770827,5.490106641382414,-1.30499291538781,1.0876952104376294,1.8839433676272956,2.7739975963560064,1.7981581822365602,4.0208039297784035,-0.8747749676767594,0.40310812594594597,0.6982037550822524,6.132424262165514,3.8677750015724577,8.648607825190371,0.9957986116647515,6.338513218311492,10.978626938562423,15.347626731781626,5.754883934372891,12.868311679879222,0.4523585205512486,2.4311307135456643,4.210841915702269
-0.5159999999999996,1.6092740394324827,2.492970229544098,5.574450899143858,-1.4924449600022374,1.252992831448894,2.170247245589071,2.545749106491373,1.7051452686844104,3.812820732290485,-0.8894141034791346,0.43802013143818275,0.7586731223889301,5.980223490775147,3.7900878349249925,8.474894039587285,0.8083465670503239,6.185006109485351,10.712744826752541,15.119378241916994,5.442912406491633,12.170722136492259,0.4377193847488732,2.3972268627169533,4.152118723494705
-0.5139999999999996,1.4065882959415388,2.5697108456503135,5.746048133392571,-1.6647211966031155,1.4276280747888677,2.4727243598460595,2.2064315692327092,1.7966508644322337,4.017433464704234,-0.8864076672774847,0.44885739744221137,0.7774438177230467,5.7775377472842,3.7988004355576446,8.494376006862703,0.6360703304494457,6.0280074524525435,10.440815176051638,14.78006070465833,5.154488663049052,11.525787039829689,0.44072582095052343,2.391442325770621,4.142099611605398
-0.5119999999999996,1.1539255591704143,2.6816237457147327,5.996292985495753,-1.8571290586567548,1.5984143149073182,2.768534804964874,1.7740221834248224,2.0685844082740927,4.62549535409705,-0.8660153502448562,0.4695527142165359,0.8132891578549092,5.524875010513076,3.901222920749387,8.723399646175904,0.44366246839580664,5.881437005395529,10.186947714860805,14.347651318850444,4.921904098219715,11.005712142354083,0.46111813798315177,2.3677587980398798,4.1010785382732875
-0.5099999999999996,0.8472117557771426,2.821020680388765,6.307994007281987,-2.0272237884561783,1.7646749501560879,3.0565066725144203,1.2723346444393238,2.4477516787009916,5.473339145614641,-0.8060091079146442,0.47291581429336566,0.8191142180589172,5.218161207119805,4.091426699299749,9.14870822459183,0.2735677385963828,5.73685565249006,9.936525465801486,13.845963779864942,4.758613176433577,10.640582541131678,0.5211243803133639,2.361372772831275,4.090017618153568
-0.5079999999999996,0.5357911385223659,2.967760872263778,6.636115051345878,-2.179971851404176,1.9012404912231609,3.2930451282057245,0.7048751036540054,2.8818145026402484,6.443933126448343,-0.7342864375147943,0.48147208456283036,0.833934112888921,4.906740589865029,4.344641055439747,9.714912737799708,0.12081967564838554,5.6109488178764435,9.71844843123053,13.278504239079627,4.677066495532869,10.458238619298212,0.5928470507132139,2.346050350147857,4.0634784035708424
-0.5059999999999996,0.21740574173783775,3.1151080500990633,6.965593357278326,-2.2830399585231915,2.0099282659343394,3.481297876167085,0.09866720977516072,3.312725971298842,7.407480462653228,-0.6842296686451753,0.5038049056640035,0.8726156937124993,4.5883551930805,4.644297213844804,10.38496427786986,0.01775156852937047,5.506739882338188,9.537953260275602,12.672296345200781,4.666317251293832,10.434202578472977,0.6429038195828328,2.3195632860088207,4.017601462738696
-0.5039999999999996,-0.08835384435698646,3.2567217353050237,7.28225118394311,-2.337238205732312,2.091781664068445,3.6230721205075196,-0.5215117825073815,3.69284244626225,8.257446740039006,-0.6654778949701853,0.532133386054955,0.9216820610508459,4.2825956069856765,4.949485883669274,11.067386889560114,-0.03644667867975038,5.426149275721731,9.398366235003103,12.05211735291824,4.71310050007543,10.538813102956915,0.6616555932578226,2.2881575996920325,3.963205218391449
-0.5019999999999996,-0.3876719611014548,3.3734987911100798,7.543372618935502,-2.342659237927268,2.136641265687329,3.7007712297187263,-1.1124410718398186,3.993061805116279,8.928757634598018,-0.6208187992727846,0.5915139263895924,1.0245321738913309,3.983277490241208,5.223464376693179,11.680021424334516,-0.04186771087470594,5.374997799634523,9.309769279537912,11.461188063585805,4.794725699973106,10.721332598605127,0.7063146889552235,2.2276422225724946,3.858389510581218
-0.49999999999999956,-0.6584443253953939,3.4506805277600607,7.715956228706347,-2.3466770615391535,2.148214633162757,3.720816890200833,-1.6568804238252912,4.196652395520561,9.384000034321309,-0.5904423798892425,0.6721231547506092,1.1641514529715342,3.7125051259472683,5.447259161679539,12.180441776573968,-0.04588553448659205,5.352123261740115,9.270149417705138,10.916748711600329,4.866867949114176,10.882647571734285,0.7366911083387656,2.1548699356137715,3.732344212185727
-0.49799999999999955,-0.9132200567992431,3.475953422089828,7.772468138415875,-2.306319022062469,2.1261221585677337,3.6825516017373277,-2.145026361971458,4.305445105350581,9.627267928957645,-0.6179423826615399,0.7761616911547964,1.3443514839686905,3.4577293945434198,5.606407892790032,12.536309157869866,-0.005527495009907568,5.363380873861499,9.28964817387128,10.428602773454164,4.927708693339764,11.018691611624378,0.709191105566468,2.064737122280734,3.5762296000637845
-0.49599999999999955,-1.136897822401656,3.441609542049185,7.695672888033898,-2.228028458929337,2.0745045803141053,3.593147333638381,-2.579305129990833,4.316528319110549,9.65205074833409,-0.6390063547172928,0.8640522588041978,1.4965824126435232,3.234051628941007,5.713816479664918,12.776482059489302,0.07276306812322393,5.402729587054518,9.357802144334045,9.994324005434787,4.972159617821347,11.118086900427908,0.6881271335107154,1.9933927644388592,3.4526575474482826
-0.49399999999999955,-1.3326748372166943,3.3462843364320665,7.482519248304877,-2.1314274040020127,1.9961110324961555,3.4573657258321115,-2.949728361749602,4.231191710152295,9.46123228973412,-0.6563699397694758,0.955587162577624,1.6551255166450256,3.0382746141259696,5.77432362549688,12.911780150694062,0.16936412305054857,5.462324781935661,9.461024049755153,9.623900773676018,4.991693917941098,11.161766923388553,0.6707635484585325,1.921174422726807,3.3275717103646376
-0.49199999999999955,-1.5056626285228454,3.2029060508531506,7.161915655253043,-2.008121045237871,1.8992779551576604,3.2896459160285914,-3.2595756820201585,4.055180958569024,9.067660284423097,-0.646972232775981,1.0538763658654258,1.8253674105749642,2.865286822819818,5.79874570220015,12.966389574354288,0.29267048181468996,5.534477989129913,9.585997070544641,9.314053453405462,4.992349344815688,11.163232502434417,0.6801612554520271,1.8558602889891385,3.2144443122786472
-0.48999999999999955,-1.6232221442023007,3.0028697823006314,6.714620960804207,-1.8647478431235933,1.775612022671252,3.0754502377967494,-3.4888699480438197,3.7855734886633154,8.464799654472204,-0.6250940997826354,1.1554914641422265,2.0013699236064877,2.747727307140363,5.794029637798148,12.955844133765144,0.4360436839289683,5.632418363464904,9.755634775005161,9.0847591873818,4.978634427428801,11.132565014851544,0.7020393884453727,1.7924970683628847,3.1046959948227792
-0.48799999999999955,-1.6910739840558875,2.755973768070689,6.1625446896123,-1.659047470165639,1.629449797722533,2.822289838038257,-3.6579083223823288,3.452341938913135,7.7196712569831965,-0.6037408133924264,1.2453920616546617,2.1570823261288257,2.6798754672867746,5.773585027196233,12.910128594685748,0.6417440568869223,5.759265730344188,9.97534085924641,8.915720813043292,4.9739358298587915,11.122058631286086,0.7233926748355817,1.7388642195612352,3.011801175743663
-0.48599999999999954,-1.7094714210931792,2.4923221602842283,5.573001772224662,-1.4236912263570052,1.4591817763298147,2.5273769740818444,-3.7721804047984238,3.0555533087156044,6.832424907162492,-0.5882902545099494,1.3022515351295478,2.2555658230789435,2.661478030249484,5.757963290018009,12.875197328428605,0.877100300695556,5.912466300129703,10.240692029863423,8.801448730627197,4.983799500117945,11.144114468493196,0.7388432337180587,1.7134493157622392,2.9677812710943265
-0.48399999999999954,-1.6782587837453682,2.217012284426662,4.957390174930115,-1.1857462980653912,1.2632869834200697,2.1880772398239827,-3.8281294553638228,2.6179157329587572,5.853837538261968,-0.5480256886415001,1.3207256963293046,2.28756400890414,2.6926906675972937,5.751953135255303,12.8617582138239,1.1150452289871702,6.091950635657632,10.551568018160536,8.7454996800618,5.029456175648274,11.246205898605664,0.7791077995865079,1.725569946193098,2.9887748188203394
-0.48199999999999954,-1.5803159114231007,1.931943059064524,4.319956008727167,-0.9364548528076638,1.060330144377175,1.8365456828581104,-3.8357108737270122,2.16915038652157,4.8503677176821745,-0.4562505372775236,1.2953007852673726,2.2435267711669535,2.790633539919562,5.756905320939445,12.872831637650844,1.364336674244898,6.283471395785817,10.883291705406764,8.737918261698606,5.117382751436259,11.442815699096386,0.8708829509504845,1.7790826086821174,3.0814614690996063
-0.47999999999999954,-1.4385769226228704,1.6762722844514293,3.7482587768322597,-0.6764285424654118,0.8533209523678706,1.4779952446642137,-3.7959027727731454,1.7352797289818616,3.8802034339808547,-0.3337723445887244,1.2245255747833192,2.1209405106921917,2.932372528719792,5.8029787447863495,12.975854945328681,1.62436298458715,6.49010647007238,11.241194152696862,8.777726362652476,5.246025047447311,11.730468617758747,0.9933611436392834,1.8691646850604091,3.2374882022381075
-0.47799999999999954,-1.2324873553128686,1.4760521794013,3.3005530114780215,-0.4169687976955923,0.6469801798950578,1.1206025430682924,-3.7510477549419456,1.3704020773785304,3.064312201525321,-0.19812373347751536,1.0933252267176825,1.8936948418717878,3.1384620960297935,5.897779802156348,13.187836553946855,1.8838227293569692,6.720455397043304,11.640170197679474,8.822581380483676,5.404312421289845,12.084409945650576,1.1290097547504927,1.9971781057102926,3.4592139508543926
-0.47599999999999953,-0.9805937297415621,1.3947958437996566,3.118858321470211,-0.13925065361340694,0.48737104715116575,0.844151415803866,-3.688394802047577,1.1159981511019996,2.495447728628153,-0.02155937201520593,0.9434023754687367,1.6340208462930226,3.390355721601101,6.0488728240062315,13.525690821729055,2.161540873439155,6.948825331239371,12.035718526628223,8.885234333378044,5.588473442844241,12.496206508652008,1.3055741162128023,2.1571352035321985,3.736267771313199
-0.47399999999999953,-0.6984348590608158,1.4704302061648484,3.2879818971536316,0.1166949115526808,0.41852548155371444,0.7249073983132643,-3.615192104464717,1.030030319141398,2.303217812485969,0.212471287776437,0.7816534551877292,1.3538634982969096,3.672514592281847,6.261280720569363,14.000649317401962,2.4174864386052417,7.179850906459838,12.435866560757898,8.958437030960905,5.7889171895685445,12.944412351992302,1.5396047760044451,2.3415846259959117,4.055743542447086
-0.47199999999999953,-0.3975356566654632,1.6810433745933109,3.758927258716286,0.40204495054870976,0.48303571452683197,0.836642399430809,-3.5180603952834444,1.1157560381846883,2.4949063476868143,0.45059305424347884,0.6535125141595036,1.1319168779063356,3.9734137946772004,6.526999156645199,14.594813803342465,2.7028364776012714,7.441468388268511,12.889001331398745,9.055568740142178,5.983587481123124,13.379708357108047,1.777726542471487,2.5364483375399494,4.3932573913928055
-0.46999999999999953,-0.1050851019967494,1.975620088459024,4.417620815508526,0.673916488953382,0.6522958622017778,1.1298095749004262,-3.428871568891739,1.309387875498878,2.9278802985295225,0.7062235896541846,0.571000051265688,0.9890010999166051,4.265864349345914,6.817561092564935,15.244530043732931,2.9747080160059434,7.699510842039896,13.335943971840527,9.14475756653388,6.169596081413033,13.79563623175587,2.0333570778821928,2.749708380864997,4.762634621656128
-0.4679999999999995,0.1495016013298464,2.311453830714259,5.168567892329374,0.9404546319265261,0.8613817484060559,1.4919569529518004,-3.310154019989428,1.5589910763256813,3.486010022979787,0.9498727925445895,0.5506878190978225,0.9538192817867271,4.52045105267251,7.125065323987025,15.932130408561552,3.241246158979088,7.950475054515408,13.770626738729625,9.263475115436192,6.3509022587891195,14.201049169109433,2.2770062807725977,2.957965677920042,5.12334684120243
-0.4659999999999995,0.3665654068962951,2.6594707222592926,5.946757319142241,1.2082015059562539,1.069839118363911,1.8530157089309878,-3.1911754831078327,1.8075774518141605,4.041866056852314,1.1742057379499167,0.6096012059581576,1.0558602610747883,4.737514858238957,7.438744036326981,16.633537332448295,3.5089930330088155,8.180643174213534,14.169289616329376,9.382453652317787,6.5132753553376075,14.564126450708988,2.5013392261779246,3.151269836375887,5.458159464962298
-0.4639999999999995,0.5524140460401817,2.9878639062934904,6.681066801990307,1.4544183040267153,1.280748037255139,2.2183206722200177,-3.0928883451393188,2.0288709346593654,4.536693327471875,1.3826809260919755,0.7159891011458472,1.2401295008501791,4.923363497382844,7.731464247036265,17.288079621982316,3.7552098310792767,8.396679431196244,14.543475389700435,9.480740790286301,6.6439200995992636,14.856256979781127,2.709814414319984,3.3217843201919917,5.753499214358173
-0.4619999999999995,0.6458026037693576,3.2607094027663184,7.2911678794582295,1.645125827128551,1.4493618917098436,2.5103684349955904,-3.0160782546756115,2.203275576500005,4.92667396221905,1.5887969045053314,0.8362534544373638,1.4484334710904991,5.01675205511202,7.976068066151102,17.835030389079154,3.9459173541811112,8.56625089432331,14.837181779350308,9.55755088075001,6.737891825513403,15.06638414688812,2.91593039273334,3.4580410038790457,5.989502713374992
-0.4599999999999995,0.6463014147920699,3.48020173314439,7.781967650723439,1.8126844781596354,1.5711424657949706,2.721298576685936,-2.9600993699786184,2.3477628175920096,5.249757255182173,1.7572946070629307,0.9226204920884742,1.5980255684014366,5.017250866134733,8.175506156913658,18.280987517327002,4.113476005212196,8.694131614585915,15.05867768415364,9.613529765447003,6.807536186825623,15.222113673031803,3.084428095290939,3.5453938447579834,6.140802271962792
-0.4579999999999995,0.5326191056772348,3.6298177008895887,8.116519125121119,1.912581981855533,1.636730922492795,2.834901116076599,-2.946415920610827,2.453660708584047,5.486552138114232,1.8963403441070579,0.9792747797349781,1.6961536730718032,4.903568557019898,8.315195884978406,18.59334324503824,4.213373508908094,8.770230106918955,15.190484139253858,9.627213214814795,6.850090999875674,15.31726912778151,3.2234738323350656,3.5882247777391725,6.214987624021789
-0.4559999999999995,0.3228012363713065,3.716337739907828,8.309983813781837,1.9422180739305144,1.624481782984199,2.8136849840987117,-2.968911501072213,2.5198183648692702,5.634485154800057,2.0081670654789225,1.018241998627527,1.763646876023356,4.69375068771397,8.39963052663046,18.782144843428068,4.243009600983075,8.770218102380683,15.190463346783648,9.60471763435341,6.859519420162054,15.338351716462295,3.335300553706931,3.60235873911993,6.239468363245477
-0.4539999999999995,0.032069091017670456,3.742096586349308,8.367582345446964,1.9153638479377886,1.555537277816775,2.6942695982460383,-3.024260118260482,2.5511022939448718,5.704438146816384,2.0803680196815626,1.039826352220725,1.8010320730953062,4.403018542360334,8.42782815478063,18.84519665677611,4.21615537499035,8.708149670784282,15.082957669712568,9.549369017165137,6.841378089545349,15.297786468001044,3.4075015079095707,3.5816688604084956,6.203632442114835
-0.4519999999999995,-0.31287932122451034,3.7196362259407807,8.317359452774353,1.8022481532159251,1.4264114691486685,2.4706171370644596,-3.121366555098116,2.54235992112847,5.684889606914264,2.1176749896303217,1.0429619250391597,1.8064630445276673,4.058070130118153,8.41506536469945,18.816658190572028,4.103039680268486,8.585248162148517,14.870086012428557,9.452262580327508,6.7882552233845885,15.179000128105962,3.4448084778583303,3.521645624297931,6.099669147536634
-0.4499999999999995,-0.6753540807942562,3.649136441220456,8.159717141740606,1.629549509392131,1.2436962330666028,2.1541450648533798,-3.2587071623948134,2.4858430411252312,5.558514021350823,2.1262042455627737,1.061570012984895,1.838693198281391,3.695595370548405,8.363823882464361,18.702078753026523,3.930341036444693,8.40349953070843,14.555288148568216,9.314921973030808,6.700233368321979,14.982177276680332,3.453337733790782,3.4492142854443304,5.97421438858196
-0.4479999999999995,-1.0595714323134853,3.5289828240987413,7.891045486113969,1.4087392162744985,1.0008382485895657,1.7335026967153782,-3.426264981179469,2.3772550375987938,5.315703863924721,2.12689549473107,1.0940243657850812,1.8949057862580787,3.3113780190291764,8.268493147240722,18.488912748721432,3.70953074332706,8.148408664500044,14.113457807748537,9.147364154246151,6.589023756299903,14.733505024447592,3.4540289829590782,3.3612504463014337,5.821856549957647
-0.4459999999999995,-1.4381803683082928,3.3786635690932827,7.554921413594638,1.1671041453050472,0.7289361719522748,1.2625544852961035,-3.6119804183275264,2.224888116095398,4.975001069920754,2.1016382137373246,1.1272676106004111,1.9524847752866807,2.9327690830343696,8.152851349206859,18.230329827277412,3.467895672357608,7.85947718423438,13.613013804022323,8.961648717098095,6.464966813922954,14.45610526821196,3.428771701965333,3.2458143374231216,5.621915344352358
-0.4439999999999995,-1.799827813174084,3.175562988317171,7.100774708709565,0.8900713812036362,0.45128315328116825,0.7816453500828768,-3.814000058890872,2.0294946284555,4.538087949197178,2.0505314535540515,1.1873906603887332,2.056620952226048,2.571121638168578,7.989601905577061,17.865292974032165,3.190862908256197,7.530760765082753,13.043660264769597,8.759629076534747,6.321267010119241,14.134782738553476,3.3776649417820592,3.118843877954126,5.401996057491693
-0.4419999999999995,-2.163120858616653,2.9237764477221653,6.537762888119622,0.5938663167029744,0.3418061287182316,0.5920255812784047,-4.02766459102647,1.8018779410823111,4.029121563417409,1.9551640158368846,1.249846762254335,2.1647980938999676,2.2078285927260097,7.778548700822363,17.393363661331477,2.8946578437555353,7.2121925736343755,12.491883971505679,8.545964544399153,6.168243764889329,13.79261236008177,3.2822975040648927,2.974132824336368,5.151349160208912
-0.4399999999999995,-2.528306834731207,2.6453449774501197,5.915171193516116,0.29620991617078757,0.49988150875637677,0.8658201709302311,-4.218937154233393,1.5714918183458835,3.5139625319061465,1.8164119383252582,1.3252573541961647,2.2954130705720606,1.8426426166114556,7.538002529504579,16.855486070537605,2.5970014432233497,6.899403153097752,11.95011680306622,8.354691981192229,6.023788579875316,13.46960074668813,3.143545426553267,2.8326084116162598,4.9062216868663375
-0.4379999999999995,-2.8491520275014324,2.3595407311733694,5.276093470583211,0.042468468510688494,0.7259293521328815,1.2573465205997092,-4.390059430281175,1.3505283850463796,3.0198732745067156,1.6396997332910057,1.3909269136592457,2.4091560840727824,1.5217974238412306,7.277269016961415,16.272468212478795,2.3432599955632494,6.630760155517764,11.484813482160078,8.183569705144446,5.8877956677710745,13.165511350764891,2.966833221519014,2.6815474811675055,4.644576480290467
-0.4359999999999995,-3.105524964028654,2.0736005631543755,4.636711817395029,-0.20399009676607757,0.951425827967517,1.6479178736730253,-4.55233993853121,1.1098840105437189,2.481776094715849,1.468085265929526,1.4601411649475153,2.5290386839119052,1.2654244873140077,7.001564669113146,15.655974548997818,2.0968014302864835,6.3932926087032795,11.073507625928649,8.021289196894411,5.743433458085625,12.842707636526148,2.7952187541575335,2.5496355193825715,4.416098260352877
-0.4339999999999995,-3.279243965137937,1.8099010793982866,4.047061846084813,-0.40228145479044025,1.148631077663127,1.989487385665129,-4.680771004044456,0.8704927800251397,1.9464810300589837,1.2745954849362253,1.5391332350545244,2.6658569627322874,1.0917054862047266,6.721128760372019,15.02890079372073,1.8985100722621209,6.193492834481808,10.72744426563627,7.892858131381163,5.601736002554268,12.525862493719279,2.6017289731642337,2.4204279668824196,4.19230421470099
-0.4319999999999995,-3.3697970578413816,1.5851415007002425,3.544484149521773,-0.5477845839024382,1.2838182153123743,2.2236383766034327,-4.757467543343461,0.6537928920874475,1.461925349913717,1.0993853596314054,1.6051759351766879,2.7802462748129098,1.0011523935012798,6.443459048153264,14.40801244190679,1.7530069431501234,6.058013442341513,10.49278707507073,7.81616159208216,5.457536519946341,12.203422648287656,2.4265188478594135,2.3035499843136047,3.9898656106056536
-0.4299999999999995,-3.386859395432817,1.4430386056080977,3.226732416296216,-0.6483024269199006,1.3768769012663122,2.3848207487612494,-4.778237677851864,0.5180248764788652,1.1583388378426744,0.9330440439296256,1.6442505665660243,2.8479255216662662,0.9840900559098454,6.183510972923364,13.826750875072504,1.6524891001326611,5.965717097123491,10.332925115800201,7.795391457573757,5.32292434866166,11.902420682696263,2.260177532157634,2.206703370396762,3.8221223547606744
-0.4279999999999995,-3.3330705135521073,1.3819938413134296,3.090232173662886,-0.6685838350293812,1.39051117348698,2.4084360009716708,-4.728593767915839,0.5052604536746622,1.1297967207589281,0.7959674741064641,1.6579337936147431,2.871625566126148,1.0378789377905562,5.945816697494266,13.295250317350481,1.6322076920231792,5.9520663741051925,10.309281369972457,7.84503536750978,5.198918790176602,11.62513582433585,2.1231009623344725,2.139926696723371,3.706461763197914
-0.4259999999999995,-3.2197157579965037,1.409476387699752,3.151685015577494,-0.6328262398491118,1.351623632713989,2.341080804571444,-4.638526508234943,0.6152751408369228,1.3757970397771162,0.64188120054259,1.6437879117505239,2.847124180019453,1.15123369334616,5.734916305988508,12.82366270546229,1.6679652872034492,5.990305997244366,10.375514340111794,7.935102627190679,5.083055161510606,11.366056874518888,1.9690146887705982,2.0862001912545445,3.6134047260127797
-0.4239999999999995,-3.0403468221126317,1.513384660222605,3.3840309763631673,-0.5837621666988377,1.2507652109028584,2.166388893623353,-4.497357070487835,0.7963140903469045,1.7806124374565877,0.48687049750438055,1.5962517022610427,2.764789049984434,1.3306026292300317,5.555443405730517,12.422349100366382,1.7170293603537246,6.091087643358977,10.550073271652725,8.076272064937786,4.965153738556393,11.102421278149313,1.8140039857323889,2.04183342175733,3.536559227075907
-0.4219999999999995,-2.7980698622766536,1.6586235922621195,3.7087951013829934,-0.4886554039277884,1.1173050691522919,1.9352291473260272,-4.324825677473543,1.0198661787715442,2.280490103686126,0.3620076125337272,1.5234363339987935,2.63866913258238,1.5728795890660086,5.395442926135675,12.064577151559746,1.812136123124774,6.226184307595772,10.784067558043928,8.248803457952077,4.857549986527658,10.861811973979032,1.6891411007617352,2.0166610211118954,3.492959350209535
-0.4199999999999995,-2.473061789001146,1.8251539880419672,4.081168386666677,-0.35685753928653585,0.9516116323280867,1.6482396962658,-4.139150523603384,1.2675447700903058,2.834316270446266,0.2636777731385276,1.4154299470105718,2.451596582776834,1.8978876623415162,5.283847329672559,11.815041811878585,1.9439339877660267,6.398383892662063,11.082325988421022,8.434478611822238,4.754478687551745,10.631337542939686,1.5908112613665357,2.0235467493994004,3.5048857814506076
-0.4179999999999995,-2.074444600644481,1.9930467824189635,4.456588087826035,-0.22967771744876067,0.7733579656668619,1.3394952889731122,-3.9234876772515612,1.520521427752684,3.3999892737000366,0.23083100519311897,1.29165201973854,2.2372069238861094,2.296504850698183,5.229003697126242,11.692407721372,2.0711138096038013,6.587503811368224,11.409891296343389,8.65014145817406,4.66187801530858,10.424276145041791,1.5579644934211272,2.072718689818232,3.5900540805627736
-0.4159999999999995,-1.59810754191721,2.1471595365608165,4.801194682286931,-0.10638810223476525,0.6037096125030232,1.0456557218729554,-3.6921729530110596,1.7729841035413325,3.964512978544945,0.23797722589993286,1.1484714353870449,1.9892108771319186,2.772841909425453,5.232307726261103,11.69979575511719,2.194403424817796,6.775390326166447,11.735320286030953,8.881456182414562,4.588126841677336,10.259363507381938,1.5651107141279408,2.161331226432236,3.7435354961657867
-0.4139999999999995,-1.0408105440239104,2.271642055630108,5.07954605693628,0.016230499820397443,0.4682779802097448,0.8110812537890112,-3.4240685768303267,2.023785837570341,4.52532270470863,0.2873832680747153,0.9949272241914976,1.7232645021331447,3.3301389073187515,5.287268233529724,11.822691185447695,2.317022026872959,6.956324015617365,12.048706628960831,9.149560558595295,4.529271054234891,10.127757965791353,1.6145167563027236,2.2879396436901334,3.9628277075223446
-0.4119999999999995,-0.43792745573391734,2.369755464328797,5.298934308290768,0.14907084098996626,0.35945397698416737,0.6225925511192717,-3.091015601780312,2.2547255914669906,5.041719693128611,0.3689652322946597,0.8201297515798146,1.4205063985350805,3.933021995608746,5.385982618935861,12.043423261572931,2.449862368042529,7.1402603842227546,12.367293764745083,9.48261353364531,4.49243314952749,10.045385906716946,1.6960987205226676,2.450987210418875,4.245234377147002
-0.4099999999999995,0.20313429806948619,2.4567270897598714,5.493408774868301,0.27134090105504227,0.3284665424666737,0.5689207401387592,-2.699066591024308,2.4570821139144736,5.494202633011645,0.48770346712115714,0.6710204535282166,1.1622415184287818,4.574083749412148,5.533741521742607,12.373822212529602,2.572132428107603,7.330294990864476,12.696443358644911,9.874562544401314,4.46626843442749,9.98687982514143,1.814836955349165,2.6308526524447955,4.55677046126173
-0.4079999999999995,0.8506050750930891,2.541134129914045,5.682148654432586,0.3944870620661569,0.37945580310027727,0.6572367301965321,-2.2805219252006124,2.6339429291223184,5.889675438372414,0.6137698110999158,0.560704554311797,0.9711687761032953,5.221554526435751,5.718342275793423,12.786602047284944,2.6952785891187188,7.496561076567182,12.984424666657599,10.293107210225008,4.4620647657506085,9.977480136225036,1.9409032993279238,2.8240941368063974,4.891474530306052
-0.4059999999999995,1.4833132458181157,2.618912413514799,5.856066183737131,0.4821424340996223,0.4569423068089772,0.7914472915208746,-1.8224565392392733,2.7898021083926636,6.238187158138233,0.7473974016593946,0.5329598617641594,0.9231135589704095,5.854262697160779,5.917736845587089,13.232461859687907,2.782933961152184,7.615686165597397,13.190755373314097,10.751172596186347,4.466108007862622,9.986521100436988,2.0745308898874026,3.0145779799921364,5.221402224724734
-0.40399999999999947,2.0817630871573147,2.713062236422241,6.066591587827737,0.4953062254057142,0.4672799236688565,0.8093525691513662,-1.3221975566935458,2.911668836866044,6.510689447200221,0.8512498889071196,0.5698403424285676,0.986992425288726,6.452712538499976,6.121493132262035,13.688074767536023,2.7960977524582753,7.660068154861376,13.267627233660285,11.251431578732078,4.478610652730101,10.01447786425921,2.178383377135128,3.1982652901927753,5.539557978697906
-0.40199999999999947,2.614679564513326,2.824263432182312,6.3152450207265165,0.44650433474236756,0.4469143535834372,0.7740783670383151,-0.7541136974123811,2.991386815391011,6.688944266210915,0.9559147478927734,0.6523504631136008,1.1299041464538433,6.985629015855987,6.332228591679383,14.15929358006286,2.74729586179493,7.666072680368179,13.278027376913412,11.819515438013239,4.493562614881916,10.047911468027673,2.283048236120781,3.366491761499142,5.83093477417856
-0.39999999999999947,3.0558156704348987,2.926303359905037,6.543413235533696,0.3694269626344897,0.3819557670757284,0.6615667948191054,-0.17191750898938488,3.034067055775225,6.784380185006049,1.059233581521698,0.7600820071146887,1.3165006542415696,7.426765121777561,6.530197621557869,14.601965788310842,2.6702184896870502,7.615624789234182,13.190649066334625,12.401711626436235,4.518159044721192,10.102910757152099,2.3863670697497064,3.517557129507105,6.092587666832443
-0.39799999999999947,3.386840390350747,3.0329599239505822,6.781904562986095,0.2504298548128637,0.2684336129419878,0.4649406560748014,0.4372974988168908,3.0223855274758287,6.758259493647512,1.142259635155032,0.8587191096806309,1.487345127397164,7.757789841693411,6.724034828057946,15.03539895861368,2.5512213818654246,7.516718137701518,13.01933772067354,13.010926634242512,4.5302453401005485,10.12993653521648,2.4693931233830395,3.63686905593471,6.299241985353975
-0.39599999999999946,3.5877230403840428,3.1491244142867765,7.041656259949442,0.08672462841360577,0.12136444152726385,0.21020937895744313,1.0373617690760697,2.966040078459042,6.632267239423228,1.1824863923813151,0.9232888412677378,1.5991831831371182,7.958672491726705,6.919164148948884,15.471721384529184,2.3875161554661664,7.382037047015121,12.78606322878591,13.61099090450169,4.540640815381844,10.153181524603875,2.5096198806093235,3.7110869544376124,6.427791156391992
-0.39399999999999946,3.676103161941034,3.2670538059218197,7.3053543961905945,-0.11850426380202168,0.14683414173358783,0.25432419376834375,1.6009060410209215,2.8753005504905027,6.429367486639331,1.1636400034920618,0.9372962376584906,1.6234447053676588,8.047052613283695,7.112891160245801,15.904908150866962,2.18228726325054,7.1990350257851965,12.469094430127882,14.174535176446543,4.551037981927305,10.176430295772914,2.49077349172007,3.7287417588642917,6.458370174656692
-0.39199999999999946,3.644698032821598,3.373399575716357,7.543150766570723,-0.36142091864067477,0.3642383272048541,0.6308792887827045,2.1140411174679876,2.7678874582760686,6.189184510774402,1.0976996715631222,0.8843355977304781,1.5317141862109802,8.01564748416426,7.289216191760883,16.29918290746948,1.9393706084118865,6.983258511534141,12.095358544364943,14.687670252893607,4.5654152729461,10.208578895823237,2.42483315979113,3.680052633147875,6.37403813513975
-0.38999999999999946,3.5084159076054826,3.4731925854936847,7.766294720112129,-0.6338576779000121,0.6189034412722668,1.071972205262787,2.54217551926417,2.660976019161483,5.950123265341859,0.9764849602450223,0.780896325453369,1.3525521111290764,7.879365358948144,7.4533937761796905,16.666295146611642,1.6669338491525487,6.7505763429165615,11.692341206303988,15.115804654689791,4.607868905649282,10.30350810443936,2.3036184484730304,3.578399547375923,6.197969825836572
-0.38799999999999946,3.275398265911201,3.5443587154461262,7.9254270243813725,-0.9263017957754728,0.8987903669392954,1.556750580892334,2.8289281655714236,2.5676150824674804,5.741361864451015,0.8175012644881855,0.6415081333544717,1.1111246804386157,7.646347717253866,7.593421121945965,16.979405810453898,1.374489731277088,6.494364541349153,11.24856934849048,15.402557300997042,4.667886077797563,10.437710581180223,2.1446347527161933,3.436563581302526,5.952302726256833
-0.38599999999999945,2.9426510343744723,3.5858961551407886,8.018307563149936,-1.2142488862244885,1.2142840479843733,2.103201665929339,2.9843888558353178,2.491491935658284,5.571145333524456,0.6366745719474153,0.48310983884916914,0.8367707865231735,7.313600485717134,7.708487397831166,17.236701825250954,1.0865426408280736,6.206969997169198,10.7507873961527,15.55801799126094,4.759986548979601,10.64365349550302,1.9638080601754229,3.2704207836324106,5.664534959380557
-0.38399999999999945,2.5407518001544,3.582629827474516,8.011003832451362,-1.531846294371035,1.5224743362134079,2.6370029035413234,3.005211031572448,2.430679756249361,5.435165166506191,0.4314611937038084,0.308130289897614,0.5336973174535945,6.911701251497062,7.792052060627293,17.42355809177994,0.768945232681526,5.93112530125551,10.273010367831807,15.578840166998068,4.8709475622475695,10.891769864022454,1.7585946819318163,3.0698933823675643,5.317211312080092
-0.38199999999999945,2.1209518966504572,3.5306101414336073,7.894684278295693,-1.828172199782162,1.7857058953760452,3.092933338166584,2.874169511589914,2.3803403517238206,5.322602836040222,0.21479225121848397,0.1809596507215412,0.31343130916962736,6.491901347993119,7.851430306508672,17.5563318859554,0.47261932727039974,5.701497704017193,9.875283702595079,15.447798647015535,4.9971831473226,11.17404121342968,1.5419257394464925,2.8629241028760246,4.9587300043948215
-0.37999999999999945,1.6879446519398733,3.447824547255208,7.709570062155081,-2.0466462805094663,1.9975602118128468,3.459875778037899,2.5824565705387363,2.3246814641621,5.198145779900197,0.011872996949158332,0.24407323112041132,0.4227472370680536,6.058894103282536,7.9044598434009865,17.67490953526195,0.25414524654309467,5.504308671316408,9.533742279261958,15.156085705964355,5.132202724680895,11.47595416669612,1.3390064851771664,2.6612775288207104,4.6094678929588175
-0.37799999999999945,1.2399052731199967,3.3198100514155393,7.423320947352218,-2.2001548060507803,2.1691882059865484,3.7571441839478847,2.141490749713582,2.2481851004047577,5.027094710507228,-0.1563631023338038,0.4088715257253943,0.7081862563245882,5.6108547244626585,7.928537467796583,17.72874874014721,0.10063672100178185,5.351212885136019,9.268572599172822,14.715119885139202,5.258716247180563,11.758847003078326,1.1707703858942047,2.467506707954011,4.273846986193367
-0.37599999999999945,0.794010914947364,3.168682601894615,7.085389696957264,-2.3204417205548973,2.279768737973943,3.9486752836780483,1.5759902602482105,2.153713002624044,4.815848677892546,-0.3018448153891517,0.5657418971997925,0.9798937099204493,5.164960366290027,7.935928072337333,17.745274634295146,-0.01965019350233632,5.248745618121091,9.09109408659024,14.149619395673833,5.382870358156841,12.036464034907336,1.0252886728388564,2.2988482823282266,3.9817220238849313
-0.37399999999999944,0.37516498057151126,3.0062714799976784,6.7222273880937085,-2.3816393116688253,2.342014360660118,4.056487864719265,0.902030864550858,2.0294182657696425,4.537917197040655,-0.43408087807853724,0.6937185979978323,1.2015558578876948,4.746114431914175,7.936437031361899,17.746412701271836,-0.08084778461626445,5.192752542261631,8.994111234329598,13.475659999976477,5.496858990966418,12.291350366531814,0.8930526101494708,2.167271668198701,3.7538246431247084
-0.37199999999999944,-0.021948150388890576,2.8391464317027677,6.348524419363353,-2.4074707075805244,2.358360076967678,4.084799475850065,0.14678723957871767,1.8856122694354391,4.216357213665291,-0.5311955504005701,0.7776645274832332,1.3469544728450034,4.349001300953772,7.922840828215498,17.71601066680059,-0.10667918052796328,5.164934774439129,8.94592944710787,12.720416375004339,5.604574670681548,12.532209948617439,0.7959379378274379,2.079855733000236,3.602415801969818
-0.36999999999999944,-0.39602400660990966,2.6719579380739935,5.974679582553623,-2.370260661376579,2.34841183565884,4.067568616457203,-0.6501853674737126,1.7093007583205646,3.8221126895967217,-0.5654669335598229,0.7958619033643951,1.3784732524356043,3.974925444732753,7.8873635941828,17.636681159849807,-0.06946913432401776,5.172219304295426,8.95854662292823,11.923443767951907,5.695086969919188,12.734601602512607,0.7616665546681851,2.056361776337563,3.5617230753592466
-0.36799999999999944,-0.7422276295863174,2.5348392989905126,5.668072984580701,-2.304038073958732,2.310424540351835,4.001772690943348,-1.481586243388558,1.5058100129418732,3.367093550137867,-0.5503214214356663,0.7705769168690129,1.3346783711569092,3.628721821756346,7.841866269396653,17.534946048833596,-0.003246546906169693,5.201682609248812,9.00957856406639,11.092042892037064,5.769805922414789,12.901678259500347,0.7768120667923419,2.080249051307344,3.6030970492612755
-0.36599999999999944,-1.0752088479496564,2.4322537143200913,5.438684643746078,-2.219895994044146,2.2556371041829917,3.906878067882474,-2.3145044808467667,1.3062245687677516,2.9208069296450416,-0.48412352611500226,0.6641797048508986,1.1503929941578575,3.2957406033930057,7.786438304938629,17.411005352451014,0.08089553300841541,5.245093160686888,9.084767844741718,10.259124654578857,5.832120994852608,13.041018997494133,0.8430099621130056,2.1885268911658753,3.790639769230059
-0.36399999999999944,-1.4002890534277543,2.3702404078551216,5.300018674980879,-2.1113989522019327,2.1736088563800573,3.764800975031942,-3.085060957293633,1.1300842331574108,2.5269451656406923,-0.39069714702127095,0.5294600664827303,0.9170517357268843,2.970660397914908,7.72482715946822,17.27323864300755,0.1893925748506291,5.31535829122764,9.206470620838761,9.488568178131988,5.887552477217661,13.164967560155974,0.9364363412067371,2.3224613799730043,4.022621108729771
-0.36199999999999943,-1.6777499979607875,2.34588580597129,5.245560129603687,-1.998697486429518,2.053210965209031,3.556265710399576,-3.8083186569607443,0.9983506805804483,2.2323799871610617,-0.2601714757711116,0.3505077595871245,0.6070972480520368,2.6931994533818764,7.661415610147484,17.131446108167804,0.302094040623043,5.42503491994639,9.396436114182505,8.765310478464878,5.93012202252698,13.260155957238867,1.0669620124568964,2.4982773846307778,4.327143361580801
-0.35999999999999943,-1.9267298266367967,2.347561753210049,5.249307661556254,-1.8479482356716963,1.9054415328977274,3.300321545830788,-4.481341211251669,0.9296652463203547,2.0787946870913996,-0.0990766548573173,0.1544048853186351,0.2674371063087218,2.4442196247058665,7.591934103494927,16.97608073611358,0.4528432913808646,5.554668956449463,9.620968851796064,8.092287924173954,5.963329724547228,13.3344106363327,1.2280568333706907,2.7044353565777257,4.684219443378274
-0.35799999999999943,-2.1820313605246104,2.3511797325711083,5.2573977093487745,-1.6819146648503516,1.7447272159247311,3.0219561833298294,-5.095466529392677,0.9276970110429247,2.0743935792153527,0.09485130200689036,0.13715698581157973,0.2375628680386597,2.1889180908180523,7.509213792106178,16.79111249672839,0.6188768622022103,5.695468333106472,9.864840525840032,7.478162606032946,5.989331827778766,13.392553106716385,1.4219847902348988,2.925728595559912,5.067510576666902
-0.35599999999999943,-2.432916928277824,2.346630800852824,5.247225988801686,-1.5361714228158638,1.574007500495761,2.7262609623531526,-5.636219259953658,0.9842446676617809,2.200837983383431,0.2806985218264116,0.32160636507892465,0.5570385643542426,1.938032523064838,7.41003088551162,16.569332775376946,0.764620104236697,5.854456563553882,10.140216218780415,6.937409875471961,6.009644092860437,13.437972712215997,1.6078320100544197,3.134752918762072,5.429551324470742
-0.3539999999999994,-2.6547753063215005,2.336875167941571,5.22541173044859,-1.383600370845735,1.4120172729345215,2.4456856578874415,-6.112479734005239,1.077143772299104,2.4085666964013517,0.4477204939932824,0.541648921772349,0.9381634523746086,1.7161741450211625,7.306420781650147,16.337653539986878,0.917191156206826,6.002188648870644,10.396095696457147,6.461149401420381,6.020102304744882,13.461357984912713,1.7748539822212903,3.3585916800603655,5.817251431742668
-0.3519999999999994,-2.8504276952545156,2.3174962027045405,5.182079046844985,-1.2440393137009664,1.259171235777119,2.18094855579526,-6.526327651170791,1.1872887647415058,2.6548583868837627,0.6096330858465823,0.7543048702394552,1.3064943596513856,1.5205217560881465,7.199156216937425,16.097802681712306,1.0567522133515947,6.142979077529806,10.639951872114217,6.047301484254829,6.023411435908346,13.46875742714068,1.93676657407459,3.57204634419941,6.186965755144044
-0.3499999999999994,-3.030365162586235,2.2821925314914435,5.103137638157198,-1.1480703311105211,1.127921975613336,1.9536181687357623,-6.859021279181244,1.2913130700868756,2.887463804948204,0.7846883074405925,0.9676803742612117,1.676071573707685,1.3405842887564277,7.080685468628632,15.832894035148577,1.152721195942041,6.261062169545807,10.844477787000761,5.714607856244377,6.01911390519566,13.45914785633172,2.1118217956686003,3.7858329730524356,6.557255058296354
-0.3479999999999994,-3.188690745664212,2.2345835632622593,4.996680748858114,-1.0389557759617114,1.0161230234603331,1.7599767033737992,-7.107002215220047,1.3932519642998151,3.115406101959497,0.9325346303503256,1.1558513581652596,2.0019932783397216,1.1822587056784506,6.957854222991723,15.558235020143474,1.2618357510908502,6.3689439416166875,11.031334497438092,5.4666269202055755,6.013477672610423,13.446544857134132,2.259668118578334,3.974104605993504,6.883351092174243
-0.3459999999999994,-3.3211232806826656,2.1820511889547567,4.879214788887075,-0.9380389514624502,0.9124476046601819,1.5804056105159556,-7.297071420542534,1.4938194765936614,3.340281895776583,1.0822748561947695,1.308226476750505,2.265914725538699,1.0498261706599963,6.835777853360016,15.285263959200584,1.362752575590111,6.46720801156832,11.20153285915282,5.276557714883086,6.010653746065795,13.440230365416879,2.4094083444227774,4.126486128727015,7.147283631683396
-0.3439999999999994,-3.4127827951868532,2.132306932739948,4.767983250500596,-0.8251521297355892,0.8104932708336181,1.403815524276509,-7.377182480289507,1.5785452199346666,3.529734417331271,1.2449475659604916,1.4579731516160421,2.525283574670307,0.9581666561558084,6.723061189960098,15.033221837641406,1.4756393973169721,6.564885409293758,11.370715074764393,5.196446655136116,6.010033561952594,13.438843591581193,2.5720810541885,4.27621645929726,7.406624171665143
-0.3419999999999994,-3.4774579120421394,2.0778790891691306,4.646278892407524,-0.7220774084378266,0.6992491182394243,1.21113499993842,-7.373226498564011,1.652756551598836,3.6956759996331363,1.3834857593881844,1.5475007952778275,2.680350002174441,0.893491539300524,6.618459220020288,14.799324722275601,1.5787141186147349,6.6710119093771025,11.554531564938207,5.200402636861609,6.018901218252178,13.458672273868167,2.710619247616192,4.365599342427822,7.5614398665742675
-0.3399999999999994,-3.513054578087709,2.024071955241898,4.525962483271797,-0.6405841065231926,0.593937248641984,1.0287294911555855,-7.309807922937557,1.7191917599807174,3.844229641674387,1.4894801907107311,1.6095622358009902,2.787843570351473,0.8578948732549527,6.524637583756436,14.58953316582937,1.6602074205293682,6.769977861974594,11.725945623056516,5.263821212488063,6.035918726656626,13.496724579468188,2.816613678938739,4.427471517563304,7.668605617483722
-0.3379999999999994,-3.5396516118648433,1.9568764856061334,4.375708845386203,-0.5589003481141189,0.49880271313907315,0.8639516421100787,-7.166579305283986,1.7770934086487982,3.973701664105526,1.5751541320871094,1.6653797590854513,2.884522356632818,0.8312978394778181,6.4292938991731985,14.376338205875951,1.7418911789384424,6.859404362351103,11.880836865251707,5.407049830141636,6.05820024772886,13.546547575227798,2.9022876203151178,4.483215230741075,7.765156560910169
-0.3359999999999994,-3.5506750856951648,1.884209027813943,4.213219470010769,-0.48202561369407215,0.42707242913726173,0.7397111457775962,-6.934203612292444,1.8100381125805869,4.04736826159561,1.6526696510490781,1.7030044539128013,2.949690239693062,0.8202743656474976,6.334720120612342,14.164864808124864,1.8187659133584901,6.92845715156156,12.000439804568561,5.639425523133176,6.0789429683485565,13.592929708571726,2.979803139277086,4.520977040220087,7.830561933513554
-0.3339999999999994,-3.557291075249618,1.7907948205323032,4.004338952464766,-0.40695285790944064,0.36995696119260946,0.6407842533993869,-6.617188864122284,1.8136773294508364,4.055505797902351,1.7022184281243475,1.7438281629276882,3.020398977860254,0.813658376093046,6.229467271720943,13.929512283178184,1.8938386691431213,6.984197802015821,12.09698544320228,5.956440271303337,6.091211268641214,13.620362461994487,3.029351916352356,4.561804679517461,7.9012774791297025
-0.3319999999999994,-3.5668129902640877,1.6744677141015993,3.7442236348598597,-0.32629393279679336,0.307833146029023,0.5331826491760374,-6.248147442410071,1.8007174459500208,4.02652661741405,1.759932757983167,1.8034591894030567,3.1236829454230772,0.8041364610785748,6.109732360955168,13.661776883426038,1.9744975942557677,7.0436663554213945,12.199987999153356,6.32548169301555,6.086517193602859,13.609866191117241,3.0870662462111746,4.621489800699086,8.004655141472181
-0.3299999999999994,-3.545020093502181,1.5493169303523378,3.4643779749591346,-0.24454281078153092,0.22817394703855873,0.39520886923431386,-5.827451931853572,1.7579375193646427,3.9308677934966942,1.8109845556841062,1.8470707516708633,3.199220387068372,0.8259293578404812,6.000399761052257,13.41730175788634,2.05624871627103,7.121698346731011,12.335143372717386,6.74617720357205,6.06294209122739,13.557150659629176,3.138118043912114,4.664698125586755,8.079494155487566
-0.3279999999999994,-3.4962353954319463,1.400942893507966,3.132603542479061,-0.12758420576921936,0.12907292132411663,0.22356085761471034,-5.339863574191594,1.6954301699025636,3.79109711100615,1.8592267738403931,1.891005768874649,3.2753180690967416,0.8747140559107163,5.898708942506324,13.189914174930038,2.1732073212833414,7.218103593621147,12.502122158447323,7.233765561234027,6.019158738511991,13.459248106674695,3.1863602620684013,4.707986794416097,8.15447232929201
-0.3259999999999994,-3.41933293586247,1.2379858405332447,2.7682204946145497,0.01735960124618537,0.01604991479240072,0.027799267877589334,-4.813054960508017,1.644825743708052,3.6779421740728515,1.8882593856537975,1.935487039549573,3.352361889890933,0.9516165154801932,5.810268959945966,12.992156361996184,2.318151128298746,7.357880061979397,12.744222103346356,7.760574174917603,5.95736965881357,13.321083524201873,3.215392873881806,4.751957585508355,8.230631973512798
-0.3239999999999994,-3.309978423287749,1.0919233119770997,2.441614751797505,0.14283461325925728,0.18131109946178875,0.31404003624399224,-4.252039068758658,1.6204504268048554,3.6234373085042044,1.9554631926693429,1.9944917545220255,3.454561054109341,1.0609710280549138,5.743778377200518,12.843478899113787,2.443626140311818,7.514512197615424,13.015516920365974,8.321590066666962,5.879374932500623,13.14668201427963,3.2825966808973512,4.810455124863764,8.331952683794126
-0.3219999999999994,-3.169333963119518,1.0052201081161891,2.247740494097487,0.2873933559590388,0.36459027456382936,0.6314888794900393,-3.661054758446376,1.6476264682211255,3.684204784470334,2.025324091242534,2.084238309668093,3.6100066474266117,1.2016154882231447,5.71481850260078,12.778722650888904,2.588184883011601,7.687925171533072,13.315877001882956,8.912574376979247,5.801495886469241,12.972539173330626,3.352457579470542,4.899060278410074,8.485421311548777
-0.3199999999999994,-2.9975537826140517,1.0358074825156918,2.3161359425080117,0.44962304306638745,0.5542237155419395,0.95994363407824,-3.0830783891186053,1.7346471769939775,3.8787890047366433,2.0757170137307943,2.168038846461506,3.7551534348543485,1.3733956687286113,5.732210881592164,12.817613192604076,2.7504145701189486,7.871636019231633,13.634073523998412,9.490550746307015,5.725363639727052,12.802302294335306,3.402850501958801,4.982086838825568,8.6292275325661
-0.3179999999999994,-2.770105377468732,1.189442993369759,2.659675388535613,0.6293759487366185,0.7573477860336871,1.311764844410149,-2.477134987743897,1.9023959438077842,4.253886650474076,2.107071951078394,2.2582461091972474,3.911396997124367,1.6008440738739296,5.801362687921071,12.972241332322413,2.9301674757891796,8.07005038126518,13.97773727999188,10.096494147681724,5.669101927397028,12.676497281034832,3.434205439306403,5.0715864919603195,8.784245479055281
-0.3159999999999994,-2.5191287018645747,1.4321084833905513,3.2022919200154014,0.8284491830089546,0.9699427796930911,1.67999017486302,-1.894441395173589,2.119797526200849,4.74001136712099,2.1408998160891186,2.3550963946734744,4.079146612296743,1.851820749478089,5.907173790476166,13.208842150409806,3.1292407100615165,8.274843520031114,14.33244940137598,10.679187740252033,5.625403177041125,12.57878390470724,3.4680333043171276,5.167905851404663,8.951075503365374
-0.3139999999999994,-2.227605416901197,1.7275659872368787,3.862954983078195,1.000030583356351,1.1642077481589312,2.0164669703766207,-1.3331892518606008,2.39490420112506,5.3551685933154625,2.1743470002394547,2.4275743101044336,4.204682044249844,2.1433440344414647,6.059344241493966,13.54910562305241,3.300822110408912,8.458834757332616,14.651131572529644,11.24043988356502,5.619543275786295,12.565680767160005,3.5014804884674624,5.2395843562233955,9.075226315521988
-0.3119999999999994,-1.9125573135967102,2.04232275404458,4.566772510038264,1.1397931125571323,1.3426330958132018,2.325508737871958,-0.8172622061298475,2.703882058058843,6.046064084961607,2.206855373493061,2.4913975693569355,4.315227171979818,2.4583921377459514,6.234580227780498,13.940945200493317,3.440584639609694,8.629513574700345,14.946755955986323,11.756366929295774,5.652963136372997,12.640409847230437,3.533988861721069,5.301877112609697,9.183120534526573
-0.3099999999999994,-1.577417648327234,2.3563042034314,5.2688563745411034,1.2625594633739359,1.4977543187341626,2.59418657730328,-0.3496764532359958,3.031982555378582,6.779719100420031,2.2302163332402647,2.537646752191396,4.395333106457645,2.793531803015428,6.435351824294456,14.389884138249686,3.563350990426496,8.777800109058825,15.203595767573518,12.223952682189626,5.724259600530014,12.799833587640903,3.5573498214682737,5.3467300696282685,9.260808134952441
-0.3079999999999994,-1.2053636997577852,2.6506540279134043,5.927042591247997,1.3535157034862915,1.6154889757363122,2.7981089850426977,0.09435438016349736,3.3790657073432535,7.555820622057926,2.2422090555734164,2.57288238594327,4.456363014352781,3.165585751584878,6.652238546537147,14.874857592601458,3.654307230538853,8.894857483312087,15.406345087180771,12.667983515589118,5.84476622685688,13.06929459584694,3.5693425438014246,5.380426872677069,9.319172709885606
-0.3059999999999994,-0.8494746180103597,2.9175095780281692,6.5237497414777135,1.4001569637434021,1.7006537575181486,2.945618714104355,0.5172992223677836,3.728535739454981,8.337259369958783,2.2621780097021515,2.603246180272592,4.508954648841738,3.5214748333323036,6.85818877662033,15.335376307049179,3.7009484907959638,8.982892606988552,15.558826394239016,13.090928357793405,6.017292925181403,13.455076021234174,3.5893114979301597,5.41097937765991,9.372091200814387
-0.3039999999999994,-0.5120990924393589,3.135775924779047,7.0118081300132165,1.3853653364424028,1.718158295512143,2.975937463272973,0.8677676757056391,4.017457620401876,8.983308335943141,2.2718342285607664,2.6187583305109974,4.535822481189298,3.858850358903303,7.0316850950429695,15.72332586888815,3.6861568634949644,9.002735218690315,15.593194805861332,13.44139681113126,6.185336173278815,13.83083214713985,3.598967716788774,5.426459801349941,9.398904081168215
-0.3019999999999994,-0.20271344109781886,3.2923981374516744,7.36202604433564,1.308532547760475,1.6565417122323947,2.8692144104436497,1.1830968781228886,4.262801490402917,9.53191390712834,2.285221833351093,2.6192660420208167,4.536701863319892,4.1682360102448435,7.157128080943667,16.003824912662658,3.6093240748130366,8.944899126273267,15.493019755283756,13.75672601354851,6.3624069076950605,14.226774346120386,3.6123553215791007,5.426692233100554,9.399306664769568
-0.2999999999999994,0.08550770532031207,3.383937236529549,7.566713692472856,1.1970000734497925,1.5342502788123886,2.657399434429773,1.4475703211037376,4.440332686711847,9.928885730201968,2.296300816680695,2.6202206622105813,4.538355313990495,4.456457156662974,7.230062967640469,16.166912277247953,3.4977916005023544,8.830360451572494,15.294632951270412,14.02119945652936,6.520587714462849,14.580477382788919,3.6234343049087037,5.426801869621816,9.39949656079476
-0.2979999999999994,0.339018032266455,3.418209930072889,7.643349765007783,1.0288252695389928,1.3867587497939764,2.4019366124838633,1.6659961607577416,4.542150296384709,10.156556826737027,2.290379524450488,2.609289296668902,4.519421633476199,4.709967483609118,7.249610421409923,16.210621712663485,3.3296167965915537,8.69264847688856,15.056108814307203,14.239625296183366,6.643623328835326,14.855593380179227,3.6175130126784967,5.415290644144334,9.379558533410378
-0.2959999999999994,0.5592748826986582,3.3938690941500167,7.588922001255072,0.8389557746400635,1.2175646932018203,2.108883910127565,1.8416607356078771,4.573068252637484,10.225691478643597,2.298412678327908,2.612168954813117,4.524409347690409,4.93022433404132,7.216665405693655,16.136954418002112,3.139747301692626,8.532644624088027,14.778974011849906,14.415289871033497,6.728062437551398,15.04440496722786,3.625546166555916,5.417549512029904,9.383471007355771
-0.2939999999999994,0.7221626142574182,3.314628885335743,7.411735507795077,0.6454255717125497,1.0380199177572893,1.7979032368240924,1.9366351339890528,4.495843036614054,10.053010646038102,2.3306057416457517,2.627334875682816,4.550677493180297,5.09311206560008,7.127976632840323,15.938640293061022,2.946217098765112,8.36323275404712,14.485544045533798,14.510264269414671,6.739439392034894,15.069844610829879,3.6577392298737603,5.431838161558396,9.408219674310665
-0.29199999999999937,0.8389886573933696,3.166350908699752,7.080175872470876,0.42608134331738495,0.8530795061225246,1.4775770474999776,1.9760869928045346,4.34512194147254,9.715988031658462,2.3882495283316416,2.653641794953165,4.596242413947154,5.209938108736033,6.982426200629438,15.613179632483009,2.7268728703699465,8.18875699327467,14.183343163186683,14.549716128230159,6.697850490055488,14.97684899889435,3.715383016559649,5.457641168998771,9.452911794185473
-0.28999999999999937,0.8962490946298456,2.9765327009643636,6.6557294566073715,0.22029171978688175,0.6875875243883256,1.1909365268910843,1.961283586306512,4.096948672750566,9.161055732597806,2.4408870275922543,2.694652938394496,4.6672757980640345,5.267198545972509,6.792488228698814,15.188465415737687,2.5210832468394426,8.029141231224543,13.906880553627039,14.534912721732132,6.586450315542643,14.727750635978289,3.7680205158202624,5.498292949910389,9.523322744142552
-0.28799999999999937,0.921833283984433,2.7472755658690726,6.1430949182074475,0.051168739266478136,0.5650951317946818,0.9787734793782198,1.9056219358075772,3.7563977827707706,8.399560792804932,2.4704585027899575,2.741572560165698,4.748542966843671,5.292782735327096,6.575696311574444,14.703703952075095,2.3519602663190398,7.904441835020281,13.690894863728095,14.479251071233199,6.415209944674219,14.34484552622422,3.797591991017965,5.545320940774633,9.604777613697308
-0.28599999999999937,0.9415112189147857,2.4838838534969327,5.554133144633271,-0.09690960219862772,0.4723732917093383,0.8181745413791282,1.804513474264419,3.327361010058096,7.440205404172264,2.5018451679781015,2.781464029056984,4.817637017751932,5.312460670257448,6.334319588192352,14.163969190406576,2.2038819248539325,7.800450021946935,13.510775759913853,14.378142609690041,6.195138733771051,13.852751338754043,3.8289786562061097,5.585361055053137,9.674129125968541
-0.28399999999999936,0.9244993738937601,2.212781387384364,4.947929601537734,-0.22928051315440193,0.4049350546784572,0.7013680884687692,1.6352175819824208,2.806371689732458,6.2752378683727255,2.5455769826821313,2.8103797474841024,4.867720511205056,5.295448825236423,6.087835289612277,13.612813543395172,2.0715110138981587,7.720783416140689,13.372789150990874,14.20884671740804,5.937104934863637,13.275770223904553,3.8727104709101394,5.614184231174915,9.724052331446966
-0.28199999999999936,0.8807403678394973,1.947425665345279,4.354576168839801,-0.31389801758999486,0.35486199713677696,0.6146390087162591,1.385739144856896,2.2205812783448877,4.965370687942551,2.593554192151972,2.8299018575204617,4.901533797658981,5.251689819182159,5.850385390202992,13.081859427065522,1.9868935094625666,7.654177943077293,13.257425087582913,13.959368280282519,5.658193646044108,12.652105622412009,3.9206876803799795,5.633405610603843,9.75734473720943
-0.27999999999999936,0.8067188746704244,1.7186427073703499,3.8430019227143815,-0.36288990067566895,0.3456976846663904,0.5987659539011125,1.1131173461214217,1.6547981664222309,3.7002411891621185,2.636491238799335,2.8331868967207345,4.907223652458709,5.177668326013087,5.654136274533401,12.643033063904097,1.937901626376893,7.623212652650547,13.203791631292662,13.686746481547043,5.414076673607283,12.106243477581828,3.9636247270273426,5.637265185265377,9.764029716618811
-0.27799999999999936,0.6955867962941976,1.5410609741536896,3.4459170956796963,-0.36497345985349233,0.36326969556661626,0.6292015695714579,0.7805070839791264,1.1499425136883057,2.571349630824034,2.6555581168948517,2.8198123017277985,4.8840581744002876,5.06653624763686,5.520098144892871,12.343314694450944,1.9358180671990695,7.637109470869444,13.22786162651134,13.354136219404747,5.203640808260948,11.635694577763429,3.9826916051228594,5.624797945045186,9.742435823127275
-0.27599999999999936,0.5681334025042322,1.4137176852820383,3.161168845284292,-0.3403042048449169,0.3990603089204192,0.6911927303342977,0.4186527463213654,0.8776286951644914,1.9624374213922438,2.6415879546266674,2.760015058551216,4.7804863110658955,4.9390828538468945,5.454366522234835,12.196334317916211,1.960487322207643,7.686774312423937,13.313883655433582,12.992281881746985,5.058077193315745,11.310204439695351,3.968721442854674,5.567494947675793,9.643184120257501
-0.27399999999999936,0.452598187201775,1.3056876622491582,2.9196063701719037,-0.2694699651761611,0.4536500259245457,0.7857448937562515,0.02695103361377873,1.0051743909063013,2.2476382673084365,2.6038313360120346,2.6601764015292546,4.607560684544415,4.823547638544438,5.449132176669758,12.184629965414972,2.0313215618764002,7.759239116978974,13.439396378683453,12.6005801690394,4.981178512706152,11.138253762472257,3.9309648242400423,5.470362277656297,9.474945400708911
-0.27199999999999935,0.32965957815365166,1.2308578124189127,2.752281739205374,-0.2058645511894276,0.5282043346239869,0.9148767443468578,-0.3955071062394502,1.3736378023606237,3.071547502541776,2.5365705560904037,2.5376862194816643,4.395401465809628,4.700609029496314,5.50305080061211,12.30519567380332,2.094926975863134,7.849676761628142,13.596038974132673,12.17812202918617,4.9738646545774525,11.121899478518694,3.863704044318411,5.350047880548951,9.26655475203697
-0.26999999999999935,0.20498339048507946,1.1840723532625204,2.6476662721731405,-0.160418945918496,0.59560118691339,1.031611516782319,-0.8284407270420331,1.7771676053945793,3.9738675730728015,2.480415279791126,2.392290857886919,4.14356931234268,4.575932841827742,5.60615672078046,12.535747520182417,2.1403725811340646,7.928413356652186,13.732414757129291,11.745188408383589,5.021719816163024,11.22890687289827,3.8075487680191333,5.207160467733219,9.019066493278055
-0.26799999999999935,0.09882216427121995,1.1560388892092168,2.584981540905157,-0.10437615538849705,0.6580330364815036,1.1397466522447888,-1.2539732629698057,2.1275969955805807,4.757451510842499,2.385910197363418,2.238227388654025,3.8767235560409836,4.469771615613881,5.750117207953172,12.857652955574588,2.1964153716640644,7.9965445897554845,13.850421514446523,11.319655872455817,5.107591688151979,11.420922216020733,3.713043685591426,5.05476443800042,8.755108826909069
-0.26599999999999935,-0.010122840097194353,1.1544842207583628,2.581505196566573,-0.05118959240347398,0.7130572312530594,1.2350513532346892,-1.6806319351140424,2.4030650356764327,5.373416774125461,2.2731175567188964,2.0629266005806186,3.5730936844909786,4.360826611245468,5.92558180118268,13.250003713680117,2.249601934649087,8.053046366057897,13.948285461720191,10.892997200311576,5.208788803616459,11.647205845326205,3.6002510449469045,4.880596382802046,8.453440906250025
-0.26399999999999935,-0.12154548403114944,1.1810209092900115,2.640843036021079,-0.044880399123443215,0.7346175620052676,1.2723949415255036,-2.094659792842779,2.579585264565981,5.7681280053263135,2.1676832689980237,1.8769005902160263,3.2508871830101707,4.249403967311514,6.126765405227778,13.699863928283358,2.2559111279291186,8.075712100988387,13.98754366621069,10.478969342582843,5.2974253763762125,11.845403247309621,3.494816757226032,4.6951547349416485,8.13224655031652
-0.26199999999999934,-0.25116057245421763,1.2448877250624162,2.7836535775946314,-0.057491628701363005,0.7398681470343386,1.2814892215653149,-2.4721005125367226,2.6470850134026094,5.919062032189177,2.07052578027165,1.6970932524938542,2.9394517385016727,4.119788878888445,6.345441372205877,14.188838255491886,2.2432998983511983,8.08133817098526,13.997288305292214,10.1015286228889,5.368460603870422,12.004242844783834,3.3976592684996585,4.514987660222421,7.82018802305176
-0.25999999999999934,-0.3794734716776733,1.3449419442678494,3.0073816131736453,-0.0673455246132822,0.7308586929692481,1.2658843893761202,-2.8063959385733277,2.6141986417502374,5.845525869641151,1.9488234445725017,1.5114897768408264,2.6179770886092553,3.9914759796649895,6.574453397609957,14.700924711960317,2.2334460024392797,8.07190420342513,13.980948194161108,9.767233196852292,5.410189814544617,12.097552196498743,3.2759569328005096,4.327352492556944,7.495194379368448
-0.25799999999999934,-0.5151113952971642,1.4771146613515145,3.302928793343568,-0.09184596669201721,0.7297543146596528,1.2639715500331241,-3.07620272870394,2.4863556159119082,5.5596601734173845,1.7815910068554446,1.3238294871052765,2.292939932224187,3.8558380560455,6.803962422563816,15.214122493206842,2.2089455603605437,8.07071040674948,13.978880477664978,9.497426406721681,5.435022960141765,12.153080798149118,3.1087244950834525,4.134993912827783,7.1620195460057525
-0.25599999999999934,-0.6344404884440388,1.6354036587779164,3.6568737516792917,-0.12305110622765632,0.7148620818818481,1.2381774462238238,-3.306577731409662,2.2906824099553424,5.122121583523187,1.6039082109657945,1.1599308962269879,2.0090592455340457,3.7365089628986246,7.031198457194801,15.72223771357922,2.1777404208249043,8.056117783243725,13.953605312337286,9.267051404015959,5.463878485893663,12.217603715256857,2.9310416991938024,3.9653399269543113,6.868170222766327
-0.25399999999999934,-0.7291273746717576,1.8047429277045666,4.0355278682594,-0.18159543645623,0.6791709053188107,1.1763585150347315,-3.507969209719513,2.0614561479570805,4.609556079466897,1.4336954897417382,1.0150659325492681,1.7581457682076154,3.641822076670904,7.245036114328778,16.200393251080087,2.119196090596331,8.019056328580719,13.88941298985855,9.06565992570611,5.5049801006308465,12.309509719794207,2.7608289779697466,3.815597676952455,6.608809037723431
-0.25199999999999934,-0.8121787777325722,1.9762791386059624,4.419094496437661,-0.263871600239807,0.6123434401411118,1.060609950005917,-3.6706916783158987,1.8176204812097343,4.064322953280845,1.2894819405440003,0.9018541745456834,1.562057251331214,3.55877067361009,7.44160907547149,16.639943754733615,2.0369199268127556,7.948075664735937,13.766470873724419,8.902937457109722,5.54871638277064,12.407307019741895,2.616615428772009,3.7020562738769676,6.41214955883403
-0.24999999999999933,-0.8832689179191504,2.1469676635545407,4.800765641201851,-0.38516066895425366,0.5304108359378896,0.918698516729505,-3.797610231742321,1.6075106065023885,3.5945029906912564,1.1716561706024258,0.8376140514069668,1.4507900941704759,3.487680533423512,7.624862740608502,17.049711407105956,1.915630858098308,7.859737700683919,13.613465031749131,8.7760189036833,5.612374796630958,12.54965156047338,2.498789658830434,3.6423024759624663,6.308652944900911
-0.24799999999999933,-0.9333546465287474,2.307307242231987,5.159295838608297,-0.5266047594769697,0.42884976571703853,0.7427895830359204,-3.875347932474606,1.4700719590067672,3.287180832155416,1.081244229299909,0.8095433832803444,1.4021702707727615,3.4375948048139158,7.7889534515450185,17.416629391236278,1.774186767575592,7.74163181598369,13.408899638775464,8.698281202951016,5.690658405779455,12.724699032053445,2.4083777175279164,3.619321760561379,6.268849178231947
-0.24599999999999933,-0.9644802896871683,2.460322578151485,5.50144853132426,-0.6583250692278695,0.33873382288036546,0.58670419147083,-3.940589599141545,1.4516786821384065,3.246052214748787,0.9740736757773495,0.8094947908266287,1.4020861061740615,3.406469161655493,7.9392307459541955,17.752659637009945,1.642466457824692,7.607768039028803,13.177040775796533,8.633039536284077,5.779138455954769,12.922546438898038,2.301207164005357,3.6254886293048574,6.27953050821926
-0.24399999999999933,-0.9779379600579674,2.605059295775606,5.825089670771986,-0.7933621973787526,0.29408036683198735,0.5093621368614953,-3.963964975345033,1.5684623734791265,3.5071884872499903,0.8923662079352472,0.8259260381442497,1.430545861359911,3.393011491284695,8.07542714890898,18.0572040523078,1.5074293296738084,7.4742006220239245,12.945695223308343,8.60966416008059,5.882578385250998,13.153845152392178,2.2194996961632554,3.6441727276858464,6.311892315908748
-0.24199999999999933,-0.9707502284547456,2.7378209354843386,6.121953721965047,-0.9188071060799743,0.2885221957358618,0.49973510212584504,-3.977370236290092,1.7859388625776076,3.993480700382186,0.822880071689139,0.859785353166927,1.4891919152886681,3.400199222887918,8.195018311295524,18.324618020912325,1.3819844209725876,7.345105062325224,12.722095154878653,8.59625889913553,5.994492115961087,13.404091861875544,2.150013559917147,3.6770321741860874,6.368806546755757
-0.23999999999999932,-0.9533130225779487,2.86104895043958,6.397499940137329,-1.0127907001880083,0.33659836605993393,0.5830054717604731,-3.975581605307793,2.049440142415697,4.582687474258349,0.7338285042683182,0.8846974488538824,1.5323409307414924,3.4176364287647147,8.300556927756412,18.56060954157015,1.2880008268645529,7.234180168404884,12.529967602784435,8.59804753011783,6.104701066544278,13.650526567108473,2.0609619924963267,3.698480147227958,6.405955525783644
-0.23799999999999932,-0.9380118176769393,2.97209345227631,6.645802994771856,-1.0907083029454332,0.4080573569558412,0.7067760746497864,-3.972706946492501,2.312182319921036,5.170196843716603,0.6410226685324925,0.9095184426201997,1.5753321530391042,3.4329376336657234,8.389333048399788,18.75911898210746,1.210083224107129,7.136421709343028,12.36064498481966,8.60092218893312,6.196859318409675,13.856598682967048,1.9681561567605002,3.7168725391395,6.437812083047154
-0.23599999999999932,-0.9376565162134021,3.06033145378738,6.843109164349338,-1.1471868974230872,0.47838133063028193,0.8285807700440538,-3.9776399149337345,2.5516210032527664,5.7055980160893975,0.5724538034848599,0.9356051046132197,1.620515577010891,3.433292935129262,8.450546311300906,18.895995999078927,1.1536046296294742,7.050678314609228,12.212133068727283,8.595989220491889,6.26941533368481,14.018838865298763,1.8995872917128684,3.7348073259380237,6.468876045005112
-0.23399999999999932,-0.9411661722125964,3.1211326115762126,6.9790646862758585,-1.1965205769158553,0.5429257644650405,0.9403750087916234,-4.006171805131567,2.7345327428293333,6.11460109966534,0.542513228338873,0.9724423162186593,1.6843194991206782,3.4297832791300658,8.479406985885012,18.960530429325487,1.1042709501367056,6.9700608243297255,12.072499479584495,8.567457330294054,6.309581932569333,14.108654110829525,1.869646716566881,3.7605518642493476,6.513466893377729
-0.23199999999999932,-0.9801854175222722,3.141934926398831,7.025580076308585,-1.2225710931056086,0.5865372222726309,1.0159122695065164,-4.059629182244295,2.832871221567448,6.334492622927682,0.5091247526975459,0.9936135677656212,1.7209891824598373,3.390764033820388,8.46027756106154,18.91775573504973,1.078220433946953,6.922255843895806,11.989698824618111,8.513999953181326,6.287888152814339,14.060145344608447,1.8362582409255543,3.7710542316576317,6.531657527328632
-0.22999999999999932,-1.0433909045483802,3.1225313992165664,6.982192470525776,-1.2302013400191354,0.5932691717776881,1.0275723480832637,-4.125622746116827,2.842754635318103,6.356592607923902,0.4892878315398039,1.0111616041915503,1.7513832731226162,3.3275585467942825,8.39491377010507,18.77159785520398,1.0705901870334256,6.896907138517036,11.945793578995985,8.448006389308796,6.2066502226532405,13.878491810416852,1.816421319767812,3.7802960876094813,6.547664891393469
-0.22799999999999931,-1.1449310024192296,3.0354678868064444,6.7875125384168475,-1.179326058175356,0.5513711051942796,0.9550027680218963,-4.203982824426885,2.776751743135715,6.209005654292494,0.46993177661250213,1.0154183136203296,1.7587561101263194,3.2260184489234325,8.2619075986334,18.474187014366333,1.1214654688772054,6.922797559633028,11.990637103798239,8.369646310998736,6.088095656477745,13.613395741405446,1.7970652648405103,3.7794913875686063,6.546271110037821
-0.2259999999999993,-1.2924456540493663,2.8801074048599284,6.440115939767308,-1.1002708469309619,0.5109328665122134,0.8849616840559604,-4.305003920501603,2.633254196181959,5.888135384699428,0.45203812336341204,0.9886779047755841,1.712440363392056,3.0785037972932954,8.05752514177525,18.01717394742309,1.2005206801215997,6.9546482356779205,12.04580409296341,8.268625214924018,5.919219649709739,13.235777510503471,1.7791716115914207,3.7491624171366795,6.493739792308469
-0.2239999999999993,-1.487933178267484,2.6624398268042144,5.95339643873699,-0.9694831447426905,0.4347062790982916,0.7529333617674577,-4.442334658514031,2.40071880380079,5.368170440160547,0.43138731793710733,0.9362868050616847,1.6216963168231748,2.883016273075179,7.784182512759556,17.405961247795492,1.3313083823098708,7.026217243150937,12.169765250153949,8.131294476911592,5.708521776198786,12.764642742618328,1.7585208061651156,3.6957520128310395,6.401230258398305
-0.2219999999999993,-1.7194589563113483,2.3818610433441476,5.326003205876087,-0.8363546151352669,0.33840686831789446,0.5861378895568637,-4.588426906750614,2.1136101378715524,4.726175946213494,0.40891053797847504,0.889727497663795,1.5410532308448124,2.6514904950313154,7.444480549949333,16.646364566861727,1.464436911917294,7.11311709671944,12.320280211704894,7.985202228675009,5.481810527688851,12.257700979686264,1.736044026206483,3.651017239783224,6.323747358614426
-0.2199999999999993,-1.9624563627206126,2.087744807917832,4.668339310176514,-0.6932451627438535,0.2539202784262798,0.43980282330635206,-4.771917346315785,1.7766174231296437,3.9726373281283904,0.39641791322802106,0.8540888366953281,1.4793252593337058,2.40849308862205,7.078860688567079,15.828813702886958,1.6075463643087076,7.1960655639820335,12.463951171413669,7.801711789109836,5.252230081213538,11.744343495062713,1.7235514014560296,3.6219155103309633,6.273341684614987
-0.2179999999999993,-2.208737325062613,1.803922901328018,4.033694233538094,-0.5716228952418436,0.18462484283987632,0.3197796081380848,-4.964860817240317,1.429078696052298,3.195517109569699,0.41171437456474913,0.851274903270373,1.4744513836725675,2.1622121262800493,6.701788280796559,14.985654166672555,1.7291686318107178,7.284112169317663,12.616452365288945,7.608768318185303,5.041262182596538,11.272604932684816,1.738847862792757,3.624118645827285,6.277157627230575
-0.2159999999999993,-2.442681525128948,1.549569337347273,3.4649423741578063,-0.4317078484834558,0.1313323415779778,0.22747428829004807,-5.16185832666584,1.1261107490330646,2.518060185031138,0.4681785693235712,0.8940058586776589,1.5484635694939466,1.9282679262137141,6.3239875427555585,14.140866034463286,1.8690836785691058,7.368706189903768,12.762973506960606,7.411770808759782,4.880453233322099,10.913025190716855,1.7953120575515795,3.6698368749143455,6.356343922841437
-0.2139999999999993,-2.6452545908861795,1.349771704390151,3.018181285122129,-0.288148256001697,0.14041489735183835,0.24320573635295262,-5.354011740393451,0.955671445657291,2.136946316645199,0.5623321935566269,0.9544010734071199,1.6530711499394053,1.7256948604564841,5.966003805560265,13.340390063255192,2.0126432710508655,7.4622391983185175,12.92497742971972,7.219617395032169,4.787489256526117,10.705151419142325,1.8894656817846345,3.736433338394821,6.471692381194026
-0.2119999999999993,-2.8245361725008253,1.224971927957553,2.7391205014420636,-0.16018654183749015,0.21362110180160432,0.37000260188922207,-5.521045077297054,1.008659513884624,2.2554312391979123,0.6731074020288176,1.0451262474401057,1.8102117608900652,1.5464132788418379,5.636537606116311,12.603681245010005,2.1406049852150706,7.554567470227123,13.084894687640457,7.052584058128568,4.773211295989414,10.6732249288022,2.0002408902568254,3.830432293038394,6.634503346495056
-0.2099999999999993,-2.9769169788437395,1.1862711000919568,2.6525828195490724,-0.03775173016460143,0.3084794922054055,0.5343021535928097,-5.6545025583790265,1.236602103565148,2.765126364690906,0.7883834704473925,1.146383443036424,1.985594368294828,1.3940324724989228,5.356083695093635,11.976567235407625,2.2630397968879605,7.649440301826546,13.249219252228585,6.919126577046595,4.836107530542684,10.813865184792082,2.115516958675401,3.9337613902038764,6.8134745926858935
-0.2079999999999993,-3.0720624509436463,1.186543601621039,2.653192151492073,0.09241517214183,0.400740728826613,0.6941033029898754,-5.764047069622902,1.5353475173045201,3.433141417778442,0.9347984037289172,1.2650778865439287,2.19117917502594,1.2988870003990176,5.138960756732962,11.491065585758662,2.393206699194392,7.737065547582945,13.400990629904376,6.8095820658027195,4.963602959459009,11.098953630669477,2.2619318919569253,4.054462526681089,7.022535093595731
-0.2059999999999993,-3.130268869572845,1.1967883475768524,2.676100099861488,0.23177821050974332,0.49225901258580756,0.852617620282306,-5.845436609476368,1.830040616916107,4.092095221010067,1.0686187563569922,1.3819479731130835,2.3936041028486894,1.240680581769818,4.998558715445273,11.177117077259659,2.5325697375623046,7.821857334690042,13.547854313238433,6.728192525949252,5.141484883488867,11.496709704768694,2.395752244585,4.173609810967824,7.228904243564209
-0.2039999999999993,-3.140590160058489,1.1821985746853627,2.643476375899833,0.32292353301274646,0.5529246530174626,0.9576935917836374,-5.905738304153607,2.1080920311353886,4.713837084444332,1.1712321497555553,1.4936897413038785,2.58714652268273,1.2303592912841748,4.944544056287062,11.056336627600418,2.6237150600653076,7.876784252312749,13.642990525264112,6.667890831272014,5.347251442938341,11.95681771919397,2.498365637983563,4.285774631746983,7.423179411975569
-0.2019999999999993,-3.1248708400438288,1.1383695085960766,2.5454716047338586,0.39075474725074094,0.5850401783610895,1.013319313390565,-5.932707395836784,2.32345080040663,5.195393932085521,1.244265344662031,1.5951752296592652,2.7629245447451996,1.246078611298834,4.9609417377091205,11.093002957933527,2.6915462743033025,7.903825662943863,13.689827622385534,6.640921739588836,5.565972494971267,12.44589285964986,2.5713988328900395,4.388279112381183,7.600722380437465
-0.1999999999999993,-3.0833195125821,1.0651476074099022,2.3817424562398,0.44306850436597117,0.5881240102641291,1.0186606669286313,-5.930566163812057,2.4697086303753064,5.522436382137087,1.3086955858462994,1.6914467926021557,2.929671783086351,1.287629938760563,5.040665236704764,11.27127012109192,2.743860031418533,7.90079680306869,13.684581483192728,6.643062971613564,5.773626999748553,12.910222448165927,2.6358290740743073,4.484449514089401,7.767294402380406
-0.1979999999999993,-3.0163881288826744,0.9750570666316122,2.180293882929827,0.473938945890477,0.5753599224909106,0.9965526183931483,-5.886383702557017,2.5537942919382797,5.710457637324937,1.3752575238220235,1.7557166565691202,3.040990452872674,1.3545613224599875,5.173285764839629,11.567818637213403,2.774730472943039,7.883320445275039,13.654311543562873,6.687245432868605,5.968827293882253,13.346703575076832,2.7023910120500307,4.548852952480428,7.878844429855797
-0.19599999999999929,-2.9557477621716153,0.8964024247397656,2.004416756913755,0.48933390560059226,0.56094328689011,0.9715822730583553,-5.802076521319474,2.5889409013122977,5.789047845063872,1.4534979385481008,1.8098641494267744,3.1347766616046036,1.4152016891710477,5.334116607441308,11.927447334149326,2.7901254326531544,7.862922791188081,13.618981770329045,6.771552614106146,6.140405945530214,13.73036510364943,2.7806314267761087,4.602203156319076,7.971249693498491
-0.19399999999999928,-2.8823853818653093,0.8497132815771563,1.9000166589909413,0.5113371517010679,0.5431333300758552,0.9407345229754586,-5.696177878671509,2.587664429990644,5.7861935684173265,1.5222077868145636,1.8457297731924156,3.196897744211844,1.4885640694773534,5.512372045853939,12.326038611798996,2.8121286787536293,7.840475042267218,13.58010112868256,6.877451256754112,6.290825023372271,14.066712386817102,2.8493412750425713,4.637023777357996,8.031560778289002
-0.19199999999999928,-2.814909006127921,0.8506556273567348,1.902123808212389,0.49578471564713283,0.5077543493514454,0.8794563308407808,-5.560890715686307,2.555207153248558,5.713616891257499,1.5992119451645488,1.8745004352685866,3.246729992695167,1.556040445214742,5.689628652367371,12.722396433423961,2.7965762426996945,7.806897323527601,13.521942813823287,7.012738419739316,6.4134219003596495,14.34084733759006,2.9263454333925574,4.666779025000728,8.083098378998008
-0.18999999999999928,-2.7401229656309765,0.9178599723996154,2.0523972921116207,0.44729617938627375,0.46767551633662063,0.8100377557510354,-5.361407016529292,2.4800100270117063,5.545471005279265,1.6488368679115901,1.8996817383004696,3.2903452889471767,1.6308264857116863,5.863438079225667,13.11104612700939,2.7480877064388345,7.76469473770739,13.448845790971896,7.21222211889633,6.504327308331896,14.544118009338355,2.975970356139598,4.6920995992290795,8.126954900038331
-0.18799999999999928,-2.6285499328518602,1.028413000875602,2.299601378902397,0.4032688235423861,0.41207450047289845,0.7137339713226254,-5.126969665520273,2.3930501868001746,5.351022891253761,1.678115968044487,1.916436820806417,3.3193659431324862,1.7423995184908023,6.036548167994393,13.498132053087284,2.7040603505949483,7.707831371148556,13.350355551002583,7.446659469905349,6.578453592400684,14.709869419435623,3.005249456272495,4.708309349810879,8.155031011624027
-0.18599999999999928,-2.474091996258056,1.161668359546456,2.597569419256543,0.35252188002201507,0.31662141675450717,0.5484043805832461,-4.857305238818175,2.30959876052812,5.164419829290134,1.7042240980808339,1.9473128734740657,3.372844835090026,1.8968574550846058,6.203221080398257,13.870824015230191,2.6533134070745774,7.606847079307247,13.175445626767072,7.716323896607447,6.633697666146111,14.833398923684411,3.031357586308842,4.738631124151304,8.207549865357283
-0.18399999999999928,-2.285592447045205,1.2924946572143101,2.8901059140864866,0.2580128338548901,0.1984407199954299,0.3437094093226338,-4.564030982730527,2.233465771106948,4.994181289614121,1.7136918841753912,1.9747813599344362,3.4204216492464057,2.085357004297457,6.3566818252328545,14.213972672558102,2.5588043609074522,7.490146521119867,12.973314330714881,8.009598152695094,6.6645745779113135,14.902441797326667,3.040825372403399,4.764900713813623,8.253050129346406
-0.18199999999999927,-2.0291681398592667,1.4201374022114328,3.175523768734724,0.15037356831187074,0.08608625986863222,0.14910577592604865,-4.268812988652015,2.1625124165545815,4.835524765603386,1.7464706120900866,2.000498520593115,3.464965078133649,2.3417813114833965,6.489103143368788,14.510075741580174,2.4511650953644324,7.371762945433463,12.768267962844355,8.304816146773605,6.661471149671625,14.89550232081943,3.0736041003180947,4.788345468601663,8.293657635810284
-0.17999999999999927,-1.7124942217620949,1.5434252624185518,3.4512038049583333,0.07851875885662403,0.08112100617093199,0.14050570424916262,-3.9828519716862743,2.09968311165212,4.6950341688624215,1.8009644874872703,2.044716565248354,3.5415529780878723,2.658455229580569,6.6082708813315225,14.77654290438973,2.379310285909185,7.271965197489653,12.595413192924722,8.590777163739348,6.622057299891966,14.807370273457147,3.128097975715279,4.830559013963283,8.366773641144224
-0.17799999999999927,-1.348566826030234,1.658069376457345,3.707555837169313,0.033487901497468914,0.13737089467059901,0.23793336905067017,-3.7291784739485756,2.051207755132163,4.586639976450259,1.8809739470866444,2.1325753401705976,3.6937288401439567,3.0223826253124284,6.721530698286734,15.029799554220766,2.3342794285500297,7.204821297080594,12.479116545997888,8.844450661477046,6.543675294358887,14.632102780872417,3.2081074353146524,4.916059256326263,8.514864404976358
-0.17599999999999927,-0.9345801808374279,1.7548202859749227,3.923897447735548,0.006287627970524383,0.17364648601938723,0.3007645363413774,-3.496565630901265,2.015592621589642,4.507002116821449,1.9748044793555002,2.2390284376346163,3.8781110135747183,3.436369270505236,6.835056515776134,15.2836509993283,2.307079155023086,7.169680104375017,12.41825021479326,9.077063504524357,6.4311915243708615,14.380581424813743,3.301937967583509,5.020164254980139,8.69517955196676
-0.17399999999999927,-0.4971326460406075,1.8503850172449166,4.137586683106754,0.008536002702462464,0.1811207824779436,0.31371039755842917,-3.320701704731472,1.9865426402384414,4.442044383775064,2.0828301251012538,2.3574415674472147,4.083208570693388,3.873816805302055,6.9524922875597746,15.546245368026671,2.3093275297550235,7.168902941405859,12.416904129044918,9.252927430694148,6.274836762086202,14.030961547739423,3.4099636133292623,5.136831974871482,8.897253970421781
-0.17199999999999926,-0.045809011287948384,1.946951165687765,4.353515155350299,0.04041900891244299,0.16565971115800562,0.28693103649285057,-3.1937235761887375,1.9719546847964988,4.409424723754142,2.181939493586568,2.4690614073283395,4.2765398045001985,4.3251404400547155,7.07022835958941,15.809511228488748,2.341210535965004,7.191458563866966,12.455971613143896,9.379905559236885,6.089003575154298,13.61542590928426,3.5090729818145756,5.246612791053571,9.087399921745538
-0.16999999999999926,0.40262871497049196,2.0589840049379147,4.60402819962594,0.10446929482211509,0.12495287761336842,0.21642473257828984,-3.0912825881647974,1.9699271144319497,4.404890938589847,2.278011291841833,2.596499487026603,4.497269033356603,4.773578166313155,7.191657492851931,16.081035024912627,2.4052608218746765,7.233149276616873,12.528182045830494,9.482346547260823,5.880102031723268,13.148307857567854,3.6051447800698413,5.372435384092001,9.305331045628161
-0.16799999999999926,0.8421154378134007,2.1907762915393523,4.8987247113768895,0.219633547058503,0.03794457088654573,0.06572192464689604,-3.0275346763662982,1.9852373032891506,4.439125561622908,2.3618270085565003,2.7194363412251192,4.71020191095112,5.213064889156063,7.315870691663696,16.35878418115843,2.520425074111064,7.312450224173503,12.665535316086933,9.546094459059322,5.656336339566167,12.647952558872284,3.6889604967845084,5.492978769585319,9.51411831381895
-0.16599999999999926,1.2353937840314946,2.327176073852237,5.203723896744673,0.3953857591159508,0.07062315072152787,0.1223228852402809,-3.0174135804029674,2.0215784294703134,4.520386790142886,2.4338880603420505,2.8190736698523216,4.882778826463872,5.606343235374157,7.421024606391936,16.59391548259099,2.696177286168513,7.4119835067521365,12.837932018557236,9.556215555022655,5.42910213241144,12.139841424861045,3.7610215485700578,5.5906871601681924,9.68335421063427
-0.16399999999999926,1.5343270308041286,2.4591922637644577,5.498921071518921,0.5866719254869921,0.22266534981785022,0.385667698969614,-3.051816841281288,2.0687112495124556,4.62577897972838,2.4921763763026323,2.906981098680015,5.035038959556181,5.905276482146791,7.497773598965693,16.765531447190536,2.887463452539554,7.563720664468765,13.10074848511853,9.521812294144334,5.194641065797076,11.61557054183422,3.81930986453064,5.677925128365219,9.834454803900599
-0.16199999999999926,1.7466834111098326,2.5808192423291185,5.7708872634874115,0.7890029127717467,0.4235815047535726,0.7336646873796656,-3.1270466153112944,2.120562494461704,4.741721888152892,2.5494378010454906,2.9535455002299846,5.115690868864768,6.117632862452496,7.545935965963693,16.873225773755358,3.0897944398243085,7.760542375221078,13.441653688174162,9.446582520114328,4.956578471636208,11.083246398390575,3.876571289273499,5.725650417651703,9.917117429750713
-0.15999999999999925,1.869322290949213,2.6804014935305815,5.993559946526344,1.0285133356298297,0.6404891411623073,1.109359734189271,-3.2127458033577456,2.1696805284036595,4.851553150968246,2.5967404452017635,2.9907031031188986,5.180049724955835,6.240271742291877,7.55945283557118,16.903450413040698,3.3293048626823905,7.967228038667813,13.799643758459988,9.360883332067875,4.739910505474397,10.59876209750614,3.9238739334297716,5.764781913717422,9.984895169112718
-0.15799999999999925,1.9024798343949698,2.7571301923840323,6.16513053298777,1.2859741798672253,0.8744496241824155,1.5145911777434538,-3.28105731633205,2.200742257107384,4.92100928784843,2.6128379930688617,3.0207062164152045,5.232016641570283,6.273429285737633,7.548853314660006,16.879749163754383,3.5867657069197865,8.192233051310456,14.189363872314722,9.29257181909357,4.558655965310189,10.193464624468506,3.9399714812968694,5.796267727607265,10.039430198487585
-0.15599999999999925,1.8309071362575284,2.8133114205661385,6.290755578262386,1.5306938581034633,1.0898917631107103,1.8877479084585733,-3.3258673967712546,2.209714266737979,4.941071311277224,2.6018768843602906,3.0306123252238812,5.249174525332216,6.201856587600192,7.511467742671477,16.79615248341032,3.831485385156025,8.398965237691213,14.547434522685991,9.247761738654365,4.41798073638777,9.878905249847634,3.929010372588299,5.8067896048131065,10.057654624399103
-0.15399999999999925,1.6897912893068312,2.841469241821553,6.3537183806877815,1.7605865745224412,1.2798948348615795,2.2168428823252335,-3.334107350197857,2.1931105732816194,4.903944324031236,2.5842188539396136,2.9970495431525337,5.191042081541281,6.060740740649494,7.453475134280558,16.666477068855702,4.061378101575003,8.579336554870048,14.859846808267855,9.239521785227764,4.317449837793154,9.654111326750932,3.9113523421676213,5.774368327998572,10.001499325710075
-0.15199999999999925,1.4850298842945786,2.8284114730626824,6.324520322108474,1.9330250276161713,1.4390554035595664,2.4925170738717033,-3.3164724507082637,2.1667906721169636,4.845091235865989,2.5521847449353747,2.9422915667298875,5.096198484257599,5.855979335637241,7.364176078956025,16.46679831082353,4.233816554668732,8.72902550453678,15.119115674422256,9.257156684717357,4.265917333447742,9.53888114398379,3.879318233163383,5.7210241901107395,9.909104568602388
-0.14999999999999925,1.2508523245695589,2.774135357379382,6.203155237885971,2.066792454244339,1.5581144330588388,2.698733362064285,-3.2485679149354403,2.140934995425394,4.787276185179382,2.5089282133688946,2.882421808812499,4.992501021707833,5.62180177591222,7.245654200549803,16.201775333886253,4.3675839812968995,8.840510141283449,15.312212729530847,9.32506122049018,4.270687532618545,9.54954763359592,3.8360617015969027,5.66179961165372,9.80652458965798
-0.14799999999999924,1.0082079701449946,2.6794273035383336,5.9913815914806765,2.1718989743521413,1.636129545833439,2.8338595011481083,-3.156547095374788,2.127017855040757,4.756156513226927,2.4497837079351634,2.8119035858282317,4.87035987663961,5.3791574214876565,7.101741797561962,15.879977418000099,4.472690501404704,8.91302465564312,15.43781155268798,9.417082040050834,4.31951212839447,9.658722748724834,3.776917196163172,5.590952445380715,9.683813698100856
-0.14599999999999924,0.7530049562172818,2.548526937545419,5.698679474840918,2.2207655545251095,1.6628052408051184,2.8800631601662667,-3.060107870225016,2.1261085308450864,4.754123202511822,2.371069138185821,2.722651729580429,4.7157711269485825,5.1239544075599435,6.9379401987834255,15.513705908308143,4.521557081577671,8.937070441718033,15.479460075877661,9.513521265200605,4.399901524321966,9.83847890268886,3.698202626413829,5.50159803941826,9.52904732709375
-0.14399999999999924,0.47182838837511054,2.382697675160429,5.327873971489432,2.192336648633167,1.6420727226202878,2.8441533853012944,-2.9556567147584296,2.136249706515762,4.776799560683219,2.2855784214711115,2.6157286625926637,4.530574942424682,4.842777839717774,6.755928860806788,15.106716183916692,4.493128175685728,8.922085012969232,15.453504551911534,9.617972420667192,4.505831005442778,10.075344423296277,3.61271190969912,5.395560648443146,9.345385178422806
-0.14199999999999924,0.1879070903269536,2.2032413581669408,4.926597447700241,2.1104988405454064,1.6015453029701505,2.7739578353675913,-2.8642349580273807,2.154521512606644,4.817656561174126,2.202203106545216,2.513761408861756,4.353962478254483,4.558856541669616,6.587363455006467,14.729792477892339,4.411290367597967,8.885051794870172,15.389361136596182,9.709394177398242,4.62088055276139,10.332603031881272,3.529336594773224,5.293743763718839,9.169033161011923
-0.13999999999999924,-0.07015834768552835,2.0191818465424842,4.5150278678025435,1.9754776861872987,1.489544472004258,2.579966705644732,-2.7734794344299103,2.17708762024568,4.868115911842588,2.124578560452326,2.411096159456477,4.176141050112809,4.300791103657135,6.43881535242921,14.39762882260098,4.2762692132398605,8.775596165210207,15.199778424850681,9.80014970099571,4.742672970859684,10.604939157893133,3.4517120486803345,5.191472844391735,8.991894732600601
-0.13799999999999923,-0.3108095385035087,1.8220124100402244,4.074143604698162,1.8109317484331904,1.326887992840208,2.2982374195523287,-2.7028086775875884,2.1943898711368304,4.906804920998956,2.0507883597429566,2.316782717793859,4.0127853773164714,4.060139912839155,6.304233180983131,14.096693938688016,4.111723275485752,8.621337001057453,14.932593715005003,9.870820457838033,4.852350390014021,10.850185322718968,3.3779218479709647,5.09677863149388,8.82787954467877
-0.13599999999999923,-0.5370654072986862,1.6153491525485675,3.612030512495275,1.6370027876511495,1.1646867619432466,2.017296646588581,-2.6485324576716858,2.200169724436947,4.919729065877994,1.980446139738417,2.2171001854134293,3.840130166606438,3.833884044043978,6.181696700508144,13.822694038622368,3.9377943147037104,8.470855429397359,14.671951987286905,9.925096677753936,4.944959620275624,11.057265856927842,3.307579627966426,4.995841102890743,8.6530506167477
-0.13399999999999923,-0.7555794955219397,1.3996321101363551,3.1296725417563627,1.4579908589160588,0.9913978839653953,1.717151505544339,-2.6251382472921776,2.189150231736572,4.895088731122392,1.9142284981695916,2.12769981957864,3.6852841907653375,3.6153699558207237,6.066453632274295,13.565002704115837,3.7587823859686202,8.305148754012464,14.384939606366942,9.948490888133444,5.007338880768361,11.19675012377577,3.2413619863976,4.90584342023828,8.497170057830175
-0.13199999999999923,-0.9498546919951177,1.1733601615744598,2.623713083370629,1.2867574444488383,0.8439533188595449,1.461770027481109,-2.6216654514165256,2.1690334058856555,4.850106141028219,1.893523570802384,2.0760313739970435,3.595791817869905,3.4210947593475445,5.957787098414116,13.322016947525192,3.5875489715014,8.164579012856008,14.141465672677153,9.951963684009094,5.0486927499217495,11.289220186335378,3.220657059030392,4.855586449618125,8.41012243128157
-0.12999999999999923,-1.1058660036384143,0.9549232907351839,2.1352733913816664,1.1332790235128902,0.7368212329300251,1.2762118115303458,-2.646976386989553,2.1373644640292855,4.779292234261887,1.8804541298694888,2.048541877317917,3.5481786129471624,3.2650834477042494,5.8580478552306126,13.098993219742496,3.4340705505654516,8.064324788409895,13.967820262263073,9.926652748436068,5.070093709061631,11.337074185755847,3.2075876180974974,4.830021263377081,8.365842229807122
-0.12799999999999923,-1.2337411253060155,0.754123804873035,1.6862720911468934,1.0357270668708283,0.6454017563167477,1.1178686332347945,-2.7032958094331407,2.10129419445628,4.698636659529905,1.8961048667290765,2.049353029750828,3.549583570173647,3.137208326036647,5.773726877445901,12.910445781486631,3.336518593923389,7.976948129546963,13.81647944971686,9.87033332599248,5.077606355576094,11.353872974053115,3.2232383549570858,4.83289545921804,8.370820483034565
-0.12599999999999922,-1.3334667481489657,0.5972030133684573,1.335386534259586,0.9590394585689569,0.5868124613639557,1.01638899759692,-2.7815760057511936,2.0714834242775013,4.631977750948532,1.9367887534001593,2.0741826681915096,3.5925897654864727,3.037482703193697,5.708738635206784,12.765127654101745,3.259830985621518,7.92106729424268,13.719691003800454,9.792053129674427,5.085711434341118,11.371996481134698,3.263922241628167,4.860542080457666,8.41870583567921
-0.12399999999999922,-1.4469309020185759,0.5284192234046813,1.1815813041505152,0.8817472369011442,0.5758421780749287,0.9973879095669014,-2.861088348176856,2.0578896952636696,4.601581248805893,1.9897458639939332,2.112942140637576,3.6597231410376256,2.9240185493240873,5.664359249505052,12.665892330872989,3.182538763953706,7.910455158727146,13.701310245910744,9.712540787248766,5.1067908232406785,11.41913142763827,3.3168793522219406,4.902185643716419,8.49083460305158
-0.12199999999999922,-1.5753174940567747,0.5709737219109784,1.2767360555590088,0.830909159352537,0.5801447219338578,1.00484013413236,-2.9313808451827112,2.0614156734294022,4.609465575671651,2.0645202559507427,2.1564043147469154,3.7350018348024063,2.7956319572858894,5.642047455631614,12.616001643072018,3.1317006864050985,7.915405468189788,13.70988443341323,9.64224829024291,5.144868566096226,11.50427584909303,3.3916537441787518,4.948824148423361,8.571614862793043
-0.11999999999999922,-1.704161926369539,0.688628113965524,1.5398192740443841,0.8173045652074244,0.596420823367343,1.0330311687643012,-2.989814099318492,2.0791452120071403,4.649110029141178,2.154678115416926,2.2338506830286824,3.8691428795281175,2.666787524973124,5.65116366778698,12.636386113148726,3.118096092259986,7.930016207546996,13.735190976316058,9.58381503610713,5.19982710836331,11.627166885546528,3.481811603644934,5.028030056096713,8.708803519142899
-0.11799999999999922,-1.831912691106418,0.8219248198019277,1.8378797694713755,0.8218425224412543,0.6374331894765445,1.104066670604054,-3.0440921939289374,2.1070184290479004,4.711436437195923,2.2624373715343373,2.324578733242659,4.026288472170385,2.5390367602362445,5.6889240714621945,12.72082094262434,3.1226340494938154,7.9688461347589215,13.802446383101316,9.529536941496684,5.2708579242446545,11.785996618354485,3.589570859762345,5.120964106329083,8.869770015898522
-0.11599999999999921,-1.9508813868925785,0.9388454389755644,2.0993222219149925,0.901428430625101,0.7180205907943075,1.2436481441363625,-3.0838616614161163,2.147110131637875,4.801084209520811,2.3653826613250697,2.435168526982375,4.217835613726136,2.4200680644500845,5.7471035537083806,12.850914219822553,3.2022199576776624,8.048315609838433,13.940091551589857,9.489767474009504,5.359443938044797,11.984080967067339,3.6925161495530783,5.232591701028013,9.063114681443775
-0.11399999999999921,-2.0677489860055323,1.034231455036975,2.3126118379311933,1.0204744824103613,0.8468650770928824,1.4668133406806063,-3.1037126819972998,2.190786691109469,4.898747965522607,2.4643979829040172,2.5590420887782535,4.43239091647112,2.3032004653371305,5.8230813132989,13.020805655045091,3.321266009462923,8.17298070120564,14.156017823768076,9.469916453428324,5.462354789033796,12.21419662550109,3.7915314711320263,5.356773356102942,9.278203617401546
-0.11199999999999921,-2.197932765047406,1.0962652188820146,2.4513235507888704,1.1414115137180312,0.9719395254815604,1.6834486400184479,-3.135503320653167,2.226516952899447,4.9786432597388615,2.582636092795196,2.6844106735637574,4.649535674992619,2.1730166862952567,5.911915381105429,13.219444669378314,3.442203040770593,8.291913999460911,14.36201633905795,9.438125814772455,5.571942527510802,12.459242258236147,3.909769581023203,5.482929000490111,9.496711603141712
-0.10999999999999921,-2.3284105624745353,1.1343382863486093,2.536457517756112,1.241967470877708,1.100296630871944,1.9057696680670653,-3.1601485874527184,2.2661529653173957,5.0672720778624205,2.696240079266722,2.8030967457600933,4.855105982187461,2.0425388888681284,6.003224515916666,13.423618101782935,3.5427589979302696,8.415586452296557,14.576223310865952,9.413480547972904,5.689286477853082,12.721631307949842,4.02337356749473,5.602090270539857,9.703104977162308
-0.10799999999999921,-2.4543097645370424,1.156120589929588,2.585164229269718,1.3444756567280918,1.2237436867040026,2.119586240812983,-3.207062304818168,2.2935538393350194,5.128542294808735,2.769027078046626,2.8906713522682237,5.006789650112395,1.9166396868056204,6.095707519330484,13.630416384179577,3.645267183780652,8.535658758010246,14.784194644944005,9.366566830607452,5.798450668381275,12.965729858679621,4.0961605662746345,5.689539431901745,9.85457136772039
-0.1059999999999992,-2.596917567176291,1.1736331523502896,2.6243235093026147,1.4275043251319979,1.3114745735880737,2.271540594289272,-3.252991863633914,2.309510075076623,5.164221522591973,2.8101189396935666,2.934746201930991,5.083129529064268,1.7740318841663711,6.189103464964767,13.839256067440708,3.7282958521845586,8.621946999485779,14.933650263275402,9.320637271791707,5.903593973753466,13.20083743687086,4.137252427921575,5.733364069480052,9.930477866629309
-0.1039999999999992,-2.759333625947692,1.18183078999923,2.642653984340557,1.461017762885886,1.373021776308161,2.378143476464204,-3.2840994127359195,2.3235061783585502,5.1955177609504695,2.778737484270962,2.9027963117977302,5.027790696057217,1.611615825394971,6.273663152458197,14.028337276832156,3.761809289938448,8.683224130467467,15.039785367477739,9.289529722689702,6.005648431090635,13.429038140883621,4.105870972498971,5.701321228514584,9.874978038058268
-0.1019999999999992,-2.949025388023626,1.184481194615677,2.648580469230812,1.4595975265066856,1.384268137464213,2.3976227453867556,-3.3443179822637035,2.3244161821687306,5.197552591329816,2.6858737585739507,2.81317076641496,4.872554697798188,1.4219240633190364,6.352458992527529,14.204530131571383,3.7603890535592464,8.693477398706355,15.057544549011123,9.229311153161916,6.086284148124448,13.609345085585666,4.013007246801959,5.611301237321639,9.719058839615185
-0.0999999999999992,-3.1097463057883026,1.1948742931958145,2.6718201441528557,1.425922546097197,1.3398339015886456,2.320660391254773,-3.420259641256981,2.3098772795370803,5.165042616727196,2.550851849798794,2.6973096588191012,4.671877372820957,1.2612031455543604,6.429126771235058,14.37596449644533,3.7267140731497577,8.652672990899013,14.986869241516048,9.15336949416864,6.139713225349623,13.728816134236242,3.877985338026802,5.49479985929718,9.517272533725032
-0.0979999999999992,-3.232999848902203,1.2151128389330736,2.7170749081871057,1.372319021664637,1.2795522236548866,2.216249462307999,-3.518940044051825,2.271267339887939,5.078708167064551,2.3807854228377994,2.5516368149778157,4.419564606004803,1.1379496024404603,6.503290842355452,14.54180040095866,3.6731105487171987,8.598356237470849,14.892789864876276,9.054689091373795,6.160338250963991,13.774935093547645,3.7079189110658075,5.347783164620449,9.262632148984094
-0.0959999999999992,-3.3150509607008436,1.247207965184986,2.7888417922328195,1.3084775547834868,1.1942188309720605,2.068447690599118,-3.644393837154935,2.206444623334509,4.933760166364881,2.1817594235400812,2.3663869247944707,4.098702384110695,1.0558984906418183,6.572976775455021,14.6976228844448,3.609269081836048,8.520450034979772,14.757852363936982,8.929235298270688,6.141253471045664,13.73226022831464,3.5088929117680885,5.161746510639589,8.940407212219135
-0.0939999999999992,-3.3424920911733134,1.2840489828010193,2.8712208119825378,1.2267094768652929,1.0607037856962338,1.837192848606527,-3.7949709666960976,2.1179909989196317,4.7359718493169805,1.9621926853497786,2.1626197599345454,3.7457673016590403,1.0284573601693485,6.624133972573358,14.812013854739758,3.527501003917854,8.392746658742409,14.536663627995786,8.778658168729523,6.080253297081373,13.595859692691173,3.2893261735777863,4.956564745406521,8.58502197004879
-0.0919999999999992,-3.325086685850736,1.3228711671572215,2.958029855238035,1.1109386867787119,0.9338126557843917,1.6174109645693935,-3.9778111448292406,2.005745906603511,4.484984192757395,1.7349181226235035,1.9288696749915117,3.3409002782641655,1.045862765491928,6.660643141625886,14.893650838543241,3.4117302138312726,8.269676416721973,14.323499715916592,8.59581799059638,5.971040908452806,13.351653367732572,3.062051610851512,4.721599879026846,8.178050883485563
-0.08999999999999919,-3.2413110546024084,1.375187773445634,3.0750133432510176,0.9668365689773054,0.7738057838137892,1.3402709327561415,-4.176065073416974,1.8832598426906828,4.2110970275519275,1.504987850759786,1.6798204835094173,2.909534425033228,1.1296383967402537,6.6982604124729885,14.977765613285383,3.267628096029867,8.113643311698237,14.053242450352752,8.397564062008648,5.831100943049412,13.038738092321616,2.8321213389877946,4.4714284019750465,7.744741174627293
-0.08799999999999919,-3.061689913817254,1.4494522137766885,3.241073680142233,0.7914063017339599,0.6118889839218616,1.0598228087443602,-4.357301251328072,1.769913641744714,3.9576472172453903,1.247255220834587,1.4345201707010748,2.4846618201366404,1.3092595375254086,6.750141046141932,15.093774236884906,3.092197828786521,7.953657182554544,13.776138346169597,8.21632788409755,5.670376650470208,12.679347648478949,2.5743887090625956,4.222686898411096,7.313908252503456
-0.08599999999999919,-2.8230712273681635,1.532681877621767,3.4271808662442846,0.6147398681196875,0.433830464769914,0.7514164068527108,-4.53443123995133,1.6802503452822852,3.757153991268683,1.0194136338234685,1.1923406873869054,2.0651946504857195,1.5478782239744997,6.805467123231496,15.217487106185565,2.9155313951722497,7.767809302327886,13.45424037513805,8.03919789547429,5.498747908784696,12.295574115177395,2.346547122051476,3.9788116295962754,6.891503896206669
-0.08399999999999919,-2.536434997738813,1.63416016029835,3.654093204549064,0.4205355489801481,0.27520532487542393,0.4766696051977332,-4.694858886813455,1.6424038471932922,3.672526648831379,0.8442930311401874,0.9490004747727406,1.6437170387133733,1.83451445360385,6.8745906037446725,15.37205190745441,2.7213270760327095,7.566815290645192,13.106108534886534,7.8787702486121685,5.328918046267215,11.915822997978863,2.171426519368196,3.7384575167723497,6.475198360987488
-0.08199999999999918,-2.2110336376144746,1.7479575104353902,3.9085518151148304,0.21674043735159465,0.24332645673233244,0.4214537858861099,-4.837365705664711,1.6582206504536356,3.707894096108247,0.716836212370407,0.7410223286252093,1.2834883227218636,2.159915813728188,6.953825407744234,15.5492263153813,2.517531964404156,7.380357773575961,12.783154641869483,7.736263429760912,5.16830768667942,11.556687316049869,2.043969700598416,3.5367587034239882,6.125845768441774
-0.07999999999999918,-1.8495907759159045,1.8751818632245412,4.193034116344787,0.016288623202282988,0.35526267608166845,0.6153330050063343,-4.969585961353486,1.7180750525106088,3.841732607860242,0.6600989073511134,0.587041298828668,1.0167853557124769,2.521358675426759,7.051747674004487,15.76818715925006,2.317080150254844,7.203281465799379,12.47644947998374,7.604043174072134,5.024344086057621,11.234774918773894,1.987232395579121,3.392722504836355,5.876367754358912
-0.07799999999999918,-1.4528957959870465,2.005751280700019,4.484996209602504,-0.138684577063803,0.4846399677125538,0.8394210474566833,-5.0534095612870376,1.8068618384313548,4.040265896682752,0.6526401871991313,0.47207342171776767,0.8176551513180627,2.9180536553556156,7.164348173873401,16.01996953125741,2.162106949988759,7.06072926034287,12.229541817402069,7.520219574138582,4.912312487578131,10.984264648945793,1.9797736754271391,3.287420245024845,5.693978890213558
-0.07599999999999918,-1.0367686119775823,2.1324116010193044,4.768217295888324,-0.23538368551342395,0.5874966397235876,1.0175740292772415,-5.1100195629948,1.9056745954501304,4.261217938420903,0.6985717913981508,0.3910898135911921,0.677387427462586,3.3341808393650796,7.281634615668444,16.282229987950195,2.0654078415391375,6.959301106366971,12.053863101397893,7.463609572430822,4.840325947399314,10.823297851640937,2.025705279626159,3.2084049972365953,5.557120466471666
-0.07399999999999918,-0.6306426061449925,2.2362856627399252,5.000486758994642,-0.3000093116684912,0.6596835474244968,1.1426054210565013,-5.13905198326528,1.9972029767994277,4.465881620988456,0.7666264162225332,0.3445338707745487,0.5967501691098883,3.740306845197671,7.384621404397572,16.512515448332937,2.00078221538407,6.880752505836956,11.917812934416474,7.434577152160342,4.804623536928111,10.743464834866728,2.0937599044505415,3.1432851631065484,5.444329605177967
-0.07199999999999918,-0.24905057633836422,2.3096037248922148,5.164430929945715,-0.31058198890637223,0.6897661692166993,1.1947100504254748,-5.144783738022265,2.06738254551207,4.622807907261541,0.8395638169766757,0.329322842415868,0.5704038951572823,4.121898875004297,7.465897834883736,16.694255071868536,1.9902095381461897,6.830991594713254,11.831624508119303,7.428845397403357,4.796408525157447,10.725095510111561,2.166697305204684,3.0758527570538514,5.327533251818081
-0.06999999999999917,0.07824081787289847,2.3480371323434777,5.250370641613687,-0.311616639235615,0.6946521610505925,1.2031728365271444,-5.119954794464816,2.1062208985022077,4.709653104681622,0.921237786814777,0.3559498520663991,0.6165232287256289,4.449190269215561,7.518965206853168,16.81291732297945,1.9891748878169462,6.81147420752246,11.797819401873856,7.453674340960807,4.817100435238253,10.771364027636558,2.248371275042785,3.0117806998917422,5.2165571934678505
-0.06799999999999917,0.3582944407160512,2.3412589655309057,5.235214199857943,-0.33573752561105225,0.7148551742631377,1.238165481877258,-5.081624727265519,2.111969673426982,4.722507756200764,1.0113122173978473,0.42197876747372165,0.730888664979779,4.729243892058714,7.538205142166525,16.855939126222818,1.9650540014415097,6.79197563128129,11.764046877148893,7.492004408160102,4.869944568099818,10.889527100927047,2.338445705625855,2.9504890578499214,5.110396955372092
-0.06599999999999917,0.5618640753800106,2.2954711617530816,5.1328295580703065,-0.37871794273986636,0.737838317680581,1.277973453993912,-5.063424935648274,2.0905061075003806,4.674513763749334,1.0857078041873311,0.4950276858510679,0.8574131030472946,4.932813526722672,7.523872475961395,16.823890310289332,1.9220735843126953,6.761752556988256,11.711698976912428,7.5102041997773465,4.950814979181064,11.070358837473064,2.4128412924153397,2.9024820760753705,5.027246423820537
-0.06399999999999917,0.6251611558189878,2.1931460298627887,4.904023607356979,-0.4172781587891288,0.7749425593331996,1.3422398857125608,-5.065779291447645,2.0418175222118586,4.565642777315903,1.1587818610734812,0.5828867772567861,1.0095895132688366,4.99611060716165,7.449697736454262,16.658030550538044,1.8835133682634322,6.71786024917937,11.635675269725986,7.507849843977977,5.044732654753037,11.28036514434077,2.4859153493014894,2.8584858371717763,4.951042702697573
-0.06199999999999917,0.5712381171631221,2.048726896826648,4.581092608636583,-0.467680808674593,0.8017366538774562,1.3886486188060174,-5.09834881189514,1.9655992669398732,4.395213577401312,1.199764306552869,0.6736187407187046,1.1667418838553625,4.9421875685057834,7.334698327143649,16.40088405394719,1.833110718377969,6.682664426503069,11.574714316636449,7.475280323530481,5.14829434455145,11.511936122594769,2.526897794780877,2.8113537200859233,4.869407481236591
-0.059999999999999165,0.41190786001096996,1.8550521960499908,4.148022812178047,-0.5164228288935027,0.828432449668601,1.4348870934647635,-5.145993470200479,1.8627551081597817,4.165247047280245,1.2144665587151409,0.7557486417613369,1.3089950452818058,4.782857311353633,7.172484213964607,16.038162269969007,1.7843686981590583,6.6475838882961105,11.513953042105134,7.427635665225142,5.263247488903353,11.768979167592969,2.5416000469431492,2.756851166414169,4.775006289134862
-0.05799999999999916,0.14518808797721422,1.6322206855677286,3.6497564072107513,-0.5374338762433104,0.8659772439357802,1.4999165846952387,-5.208510808257628,1.7371159548950144,3.884309359944711,1.2005629474191768,0.813155209340954,1.4084261370178388,4.516137539319877,6.9793194269304974,15.60623267530147,1.763357650809251,6.5998505699978205,11.43127650959864,7.365118327167996,5.3755651761073455,12.020129151256654,2.5276964356471847,2.69067929835773,4.660393251629366
-0.05599999999999916,-0.20588784508957736,1.384177719078042,3.0951154727991095,-0.520600209872278,0.8783329494034587,1.5213172943286144,-5.288132318836251,1.5933837035775438,3.5629142754397627,1.1434188763019748,0.8609396854554244,1.491191277461163,4.165061606253085,6.759110929298978,15.113831505374291,1.780191317180283,6.5774067981670825,11.392402756474318,7.28549681658937,5.4724089444849895,12.23667840054631,2.470552364529983,2.6142970268759504,4.528095276625405
-0.05399999999999916,-0.633845788425036,1.1242091134467675,2.513807998591745,-0.5087146633726415,0.8675595975585043,1.5026573015653375,-5.386481389561345,1.441987049905321,3.2243810662626795,1.067327561154401,0.9073100845858564,1.5715071647223189,3.737103662917627,6.517746050752262,14.574123229562852,1.7920768636799203,6.5764655382458,11.390772446467528,7.187147745864277,5.555989774778407,12.423570818698266,2.3944610493824094,2.529934998626839,4.3819759574683825
-0.05199999999999916,-1.1337026475952356,0.8759868050836563,1.9587660435599141,-0.5068916111439054,0.8636330855458623,1.495856383262912,-5.491450843032211,1.2885310552774274,2.881243030719867,0.9780021954044557,0.9610998528838787,1.664673776341851,3.237246803747427,6.270455764850391,14.021165340110912,1.793899915908656,6.565564796491339,11.371891807908614,7.08217829239341,5.6194431411733605,12.565456859358582,2.305135683632464,2.4496131875747547,4.2428544997702256
-0.049999999999999156,-1.6684893483710588,0.6755784498840507,1.5106393380746723,-0.50944994004168,0.8611731263880448,1.4915956090170277,-5.5897034052632195,1.1411124846644478,2.551605085683392,0.9085681161557164,1.0039252898629842,1.738849609046001,2.702460102971603,6.042195223449914,13.51075925295854,1.791341587010881,6.556722514624912,11.356576526461119,6.9839257301624,5.663169361221868,12.66323165978616,2.2357016043837246,2.3869521084841465,4.1343223271282
-0.047999999999999154,-2.2068464232209473,0.5578913678951044,1.2474830226737972,-0.5292858986801233,0.8483876610129397,1.4694505333889332,-5.688611839860495,1.0154763155676771,2.270674071150354,0.8638272301500213,1.0062942440227516,1.7429527580115196,2.164103028121714,5.842512046377396,13.064254095061262,1.771505628372438,6.563816516436722,11.368863698028159,6.885017295565126,5.692143850730276,12.728020587940314,2.1909607183780295,2.3541745907178053,4.077550001010906
-0.04599999999999915,-2.714322953027643,0.53717550946475,1.2011609550112627,-0.5509038328116546,0.8395431128153906,1.4541313265407863,-5.792622321075699,0.9143867151516503,2.044630852801827,0.829982927089445,0.9841080381273697,1.704525122173534,1.6566264983150183,5.684954140243227,12.71194390655273,1.749887694240907,6.570429066673721,11.380316971006241,6.781006814349924,5.698698312763132,12.742676810601722,2.157116415317453,2.3464614852663344,4.0641905104848215
-0.04399999999999915,-3.179897913994464,0.5579760258937103,1.2476723237135192,-0.5687094197857675,0.8404223847395911,1.4556542701871704,-5.8750661442960235,0.8291788356685167,1.8541002420589308,0.810203334053532,0.9307581712373224,1.6121204421429356,1.1910515373481991,5.579763281880288,12.476729996641645,1.7320821072667936,6.562360905281699,11.366342505551595,6.6985629911296005,5.672029562118724,12.683043671285834,2.1373368222815396,2.38018361933007,4.122598960022861
-0.04199999999999915,-3.5728910621645453,0.5755570962173756,1.286984792074439,-0.5614475134134147,0.830052752215804,1.4376935398001525,-5.921352938374366,0.7546615190144957,1.6874744565196627,0.8426653027087743,0.9060553958644357,1.5693339801091346,0.7980583891781183,5.513648027642452,12.328891793816162,1.7393440136391465,6.571321929243473,11.381863454341229,6.652276197051255,5.60332335600169,12.529411923932035,2.169798790936782,2.426294323478955,4.202465042381506
-0.03999999999999915,-3.8214060875803275,0.5832409426672037,1.3041663950649252,-0.5573425967652997,0.8223658501499783,1.4243794348693362,-5.910012478516205,0.7176786624182265,1.6047782751682782,0.8870185053774949,0.8741150356822742,1.514011653461581,0.5495433637623351,5.509422191372261,12.31944253665423,1.743448930287262,6.5778552123659075,11.393179432649518,6.663616656909416,5.507008513354366,12.314045388530422,2.214151993605503,2.471361868369672,4.28052431990462
-0.037999999999999146,-3.954221497915303,0.5694863469156655,1.2734101839614558,-0.5301769147958414,0.8014921770389676,1.3882251725004813,-5.8177063424772175,0.7457821219498395,1.6676195210838793,0.9209359009567452,0.8400355428499136,1.4549842403797528,0.4167279534273588,5.5535439608349,12.418101812460266,1.7706146122567195,6.593649277042843,11.420535555128,6.755922792948402,5.3817555731902225,12.033971299941683,2.2480693891847534,2.516518095290247,4.358737199209164
-0.035999999999999144,-3.9763419117099104,0.5596059292982267,1.2513168985227763,-0.49112709018563977,0.7675853879236326,1.3294968910311977,-5.667310923204695,0.8513516806535062,1.9036802306999325,0.9332538605929134,0.7942112442462729,1.3756142269770397,0.3946075396327524,5.645702589241168,12.624174770289825,1.809664436866921,6.624325980127877,11.473669163479984,6.906318212220926,5.232758265733799,11.700803192004683,2.260387348820921,2.5673605684561385,4.446798945914947
-0.03399999999999914,-3.8783448689509847,0.6122369168665694,1.3690033644485369,-0.4498298005055514,0.70950228679492,1.2288940088151064,-5.47165771189398,1.0357733330925976,2.316059582076581,0.9244440797843084,0.7565387725610689,1.3103635919715666,0.49260458239167715,5.767915491185444,12.897451126764743,1.8509617265470097,6.680476977636958,11.570925544061385,7.10197142353164,5.075762237936265,11.34974940165195,2.251577568012317,2.6105188190759154,4.521551228754191
-0.03199999999999914,-3.691676581925043,0.743673299722718,1.6629040512315731,-0.39027147807640183,0.6506136019665893,1.126895814701527,-5.244639576276344,1.2873527389610506,2.878608235337451,0.9303384515962421,0.7074506626303801,1.2253404915240873,0.6792728694176194,5.907593635371047,13.209780952134768,1.91052004897616,6.7360803604553805,11.667233428175596,7.328989559149276,4.927714018126447,11.018703518209367,2.2574719398242507,2.654116809877493,4.597065163930444
-0.02999999999999914,-3.4375149734753387,0.9336979440085916,2.0878120732550034,-0.32393957928133227,0.6029255316138656,1.0442976539356905,-5.004147449995669,1.5878402848074422,3.5505188142420674,0.9473797599055612,0.650136777582845,1.1260699306425943,0.9334344778673234,6.062103238305463,13.555274927472622,1.9768519477712292,6.785243702030186,11.752386833653022,7.569481685429952,4.783765001966254,10.696823732780958,2.274513248133569,2.694796684340585,4.6675247733460425
-0.027999999999999137,-3.1365842882460186,1.1720447697175207,2.620771777761463,-0.2622404992931943,0.5520362682341999,0.9561548642023553,-4.752828297922037,1.9259454226547468,4.3065448860105775,0.9550043429618357,0.5820302531524221,1.0081059700021706,1.2343651630966437,6.232408842213705,13.936089834760606,2.0385510277593664,6.839590981408508,11.846519082789415,7.820800837503585,4.669900968881813,10.442216014611866,2.2821378311898437,2.736423329016617,4.739624236873547
-0.025999999999999135,-2.810867606409791,1.4366536345481686,3.2124551869718454,-0.1816465379566242,0.49527055116245394,0.8578337581060113,-4.506780109565562,2.2875900353285368,5.115206823645754,0.9507096930023499,0.5064365469086691,0.8771738300555538,1.560081844932871,6.4074817883803465,14.327564843410379,2.1191449890959375,6.894671996247579,11.941922199023143,8.06684902586006,4.584222997515402,10.250634246462289,2.2778431812303577,2.793255454332914,4.838060365423495
-0.023999999999999133,-2.471586455378533,1.7097429769901262,3.823101520602781,-0.1133689655089118,0.4381544491727806,0.7589057675296113,-4.267440658135234,2.6552331237394395,5.937281760790498,0.8976582364708631,0.4284443062784812,0.7420873066879307,1.8993629959641303,6.582685834056742,14.719332999475775,2.187422561543649,6.944231902143405,12.027762474053045,8.306188477290387,4.532864241143854,10.135792575975657,2.224791724698871,2.8437562399136826,4.925530291871528
-0.02199999999999913,-2.1582651052787947,1.986496202643128,4.441940546155232,-0.02541926158340198,0.356952113243717,0.6182591960071974,-4.0400480982775235,3.018007901010069,6.7484708232899715,0.8498381333437971,0.3672309993468747,0.6360627489830801,2.2126843460638694,6.759586884034825,15.114895772517858,2.27537226546916,7.014958336702174,12.150264252147027,8.533581037148098,4.538127881671389,10.147562434004348,2.176971621571805,2.8946143760238825,5.013619167592648
-0.01999999999999913,-1.8819121152587717,2.2600858908541372,5.053705686938021,0.07592985444370294,0.2693622842923284,0.4665491620371249,-3.8381345179049275,3.3553683899532136,7.502831809489408,0.8099157004318327,0.31469105066019626,0.5450608884306913,2.48903733608389,6.935451514216738,15.508141040442476,2.376721381496264,7.09423557266974,12.28757645272648,8.735494617520692,4.597310823835001,10.279899515790625,2.1370491886598404,2.9409094904794646,5.093804657971932
-0.017999999999999128,-1.664457662165025,2.5205064825107706,5.636023832622969,0.1820162952659141,0.16383210395208345,0.28376552795591437,-3.6536426007619114,3.6600284093601814,8.184072322909794,0.7494638936749755,0.27981866291640034,0.48466014107719463,2.706491789177637,7.110814087183635,15.900263674305725,2.4828078223184753,7.191612642423975,12.456238485032992,8.91998653466371,4.700605238635605,10.510872848980833,2.076597381902984,3.0154372973542958,5.22289060605582
-0.015999999999999126,-1.5347083102244807,2.7585670458410183,6.168343434991296,0.3243201026511514,0.020275695122860656,0.03511853411157114,-3.5261863967256395,3.912812449488746,8.749314620264299,0.7039221656496196,0.3214505243097845,0.5567686402242012,2.8362411411181814,7.279114843070782,16.276595605133984,2.6251116297037123,7.322623899188946,12.683156638113374,9.047442738699981,4.822858931357076,10.784240416406414,2.0310556538776274,3.1177496965816265,5.400100879761828
-0.013999999999999124,-1.471100786715913,2.9728629918584746,6.647523737588953,0.47585995350507854,0.11525557835751682,0.199628517570955,-3.4596278340070823,4.117983386306048,9.2080907819951,0.714932951670198,0.4080910671618134,0.7068344624392638,2.8998486646267496,7.44704745246673,16.652104335382244,2.776651480557639,7.451128603602959,12.905733315170066,9.114001301418538,4.96537958567705,11.102926287663626,2.0420664398982065,3.224402085154842,5.584828235519216
-0.011999999999999122,-1.4889581218902992,3.162597582511444,7.071783179972089,0.6239235302404276,0.25876509045156443,0.44819428388726573,-3.464521443344269,4.275925368409413,9.56125979047928,0.7523803980737579,0.5271162138727726,0.9129920639209849,2.8819913294523625,7.61181126328737,17.02052741660911,2.9247150572929885,7.582406647156213,13.133113556522542,9.109107692081354,5.12940532687235,11.469698995036104,2.079513886301766,3.344443719837583,5.7927464458133455
-0.00999999999999912,-1.6008578047912452,3.332838988573006,7.452454536510886,0.749476192693177,0.35644295182059726,0.6173773025530999,-3.524102969492172,4.363254209409451,9.756533015351636,0.8447248613323265,0.6857209297644516,1.1877034901653998,2.770091646551416,7.774732670228616,17.38483075751964,3.050267719745739,7.671617518309421,13.287631317947378,9.049526165933448,5.294128488048151,11.838031180893848,2.1718583495603343,3.498362672399266,6.059341891897963
-0.007999999999999119,-1.7957218045920444,3.485084946225699,7.792886847121863,0.832064012867734,0.44659974722948426,0.7735334528488846,-3.6463087791622284,4.382129384835913,9.798739190692439,0.9595889606893676,0.85881391916129,1.4875093422347048,2.5752276467506188,7.934950645282165,17.743089040956743,3.1328555399202944,7.754194511276513,13.43065886530264,8.927320356263394,5.438839046397126,12.161613826424107,2.2867224489173754,3.6654671148528895,6.34877527639811
-0.005999999999999117,-2.0615179862288144,3.613473156542484,8.079971612899733,0.9293443555526949,0.5403540760608908,0.9359207138144005,-3.8220524572062025,4.335758191821452,9.69505005091434,1.1004152497779478,1.061057663740309,1.8378057833585484,2.309431465113849,8.08307414692402,18.07430325969323,3.2301358826052557,7.847672910907363,13.5925682028735,8.751576678219418,5.5678274942020645,12.450040764028133,2.4275487380059553,3.863996311959038,6.692637932571815
-0.003999999999999115,-2.3822643176107543,3.7065832781380452,8.28817217418068,1.023393163159753,0.6395008575469374,1.1076479767551624,-4.0593676828218745,4.218987272378779,9.433942337245371,1.2681422905480932,1.2765026739458114,2.210967487271674,1.9886851337319087,8.203902680529865,18.34448407445752,3.324184690212314,7.945913177613369,13.76272533615742,8.514261452603744,5.666715907357102,12.671161978029883,2.595275778776101,4.076826006718107,7.061269777253897
-0.0019999999999991136,-2.731060846819299,3.763976861719269,8.416508128540611,1.1083856672257422,0.7485080530012306,1.2964539776725894,-4.335948835649629,4.049659745951066,9.055314477691114,1.4422883093993837,1.4897956846871045,2.5804018187749276,1.639888604523365,8.301394349893783,18.562482074395174,3.409177194278304,8.05620388126103,13.95375443847769,8.237680299775993,5.758724549682259,12.876899556786396,2.769421797627391,4.287573146725099,7.426294531295839
8.881784197001252e-16,-3.1190152959215784,3.788645136107641,8.471668066960628,1.2127156749142656,0.8604919031254442,1.4904156957149057,-4.616536767785446,3.8488774465635505,8.606351607581914,1.6556507428659586,1.6866760181548333,2.921408559352137,1.2519341554210843,8.382259666404643,18.743302419135492,3.5135072019668265,8.170675630246054,14.152025323751023,7.957092367640176,5.856690160180392,13.095957321317488,2.982784231093966,4.485633224190847,7.769344648417543
0.00200000000000089,-3.5580353140855463,3.760754551471256,8.409302823781461,1.2881465744116778,0.9632795735857247,1.6684491633437581,-4.9042056969049685,3.603705994587446,8.058131574821019,1.872457852757354,1.898616771935255,3.288500713094273,0.8129141372571155,8.419955991353932,18.827593964224025,3.58893810146424,8.275729219054728,14.333983477085095,7.669423438520653,5.936560158417381,13.274552066738185,3.199591340985363,4.698558824079179,8.138142605656217
0.004000000000000892,-4.064554236108462,3.6632141964645863,8.191195959437085,1.3505392276976682,1.062405699650136,1.8401406500447963,-5.2014856734852675,3.3366333595517905,7.460939007951301,2.0868440444849035,2.1222466340590045,3.67583899638223,0.3063952152342001,8.395795512671437,18.773569491521034,3.6513307547502287,8.373522799073598,14.503366926331829,7.372143461940356,6.007951311100974,13.434187537130764,3.4139775327129116,4.922539912578104,8.526089230870936
0.0060000000000008935,-4.665408595855875,3.485091925333488,7.792902452881301,1.3980710539340284,1.1446524315526205,1.9825961684563953,-5.501834724826756,3.0683211912083004,6.86097476034489,2.3063091818768684,2.330674881280613,4.036847310302583,-0.2944591445132129,8.29069865718625,18.53856577843468,3.6988625809865887,8.452076886678539,14.639426597205805,7.071794410598865,6.077204959184822,13.589043401936099,3.633442670104877,5.1306667419289775,8.886575473724866
0.008000000000000895,-5.376028595301615,3.2170487504770655,7.1935396929974775,1.4321363634261532,1.1853869303165594,2.053150389936389,-5.830269537445744,2.793050113158128,6.245449917585054,2.5168063412617747,2.537242604919223,4.394633102848502,-1.0050791439589535,8.090222685284347,18.090287877406688,3.732927890478715,8.49202744843005,14.708622999950341,6.743359597979877,6.124072263352368,13.69384187997689,3.8439398294897837,5.336582407989633,9.243231869416308
0.010000000000000897,-6.213101351189626,2.871077503406793,6.419924466287973,1.4515051704416846,1.2122763021176608,2.0997241480795066,-6.171709861264446,2.519132504603181,5.6329515246220145,2.690403425574633,2.7479267634518334,4.759548769776879,-1.8421518998469621,7.796755206419355,17.434074645479082,3.752296697494246,8.521151018802344,14.759066503532962,6.401919274161175,6.134732238228333,13.717678308437986,4.017536913802641,5.545829564022422,9.60565857500439
0.012000000000000899,-7.141740872103142,2.4781190941651863,5.541242750893559,1.4781389579777626,1.2150831301758804,2.104585716884453,-6.521219272086817,2.2508529570661735,5.03306021935638,2.8583003097323325,2.949619468099448,5.108890781742531,-2.7707914207604807,7.436132024887233,16.627696697311013,3.7789304850303242,8.529750349267095,14.773960980808985,6.052409863338804,6.090984038463594,13.61985435987079,4.185433797960342,5.7460179809896905,9.952395084278482
0.0140000000000009,-8.161304356467802,2.0637785649292795,4.614749161688833,1.5213881657843211,1.263732110953051,2.188848223326954,-6.882676551926865,1.9984963157459381,4.468773614790801,2.9971547009498702,3.1327176211006655,5.426026085512659,-3.790354905125139,7.014077163466653,15.683953336940341,3.822179692836882,8.580017719473378,14.861026619969142,5.690952583498757,5.982660567149656,13.377635714454078,4.324288189177879,5.927773506469279,10.26720488896551
0.016000000000000902,-9.23052069618808,1.6859268386740172,3.769847016366424,1.5557342083657864,1.3086355246920458,2.2666232173561793,-7.200919671819756,1.7766461785883427,3.972701627288766,3.1152942948729803,3.2997943116195434,5.715411402251817,-4.859571244845418,6.558223580156466,14.664633736871899,3.856525735418348,8.628580520384844,14.945139858505652,5.3727094636058625,5.833210224960941,13.043454590059504,4.442427783100989,6.095101715560153,10.557025848650412
0.018000000000000904,-10.31938550656719,1.4349924700396963,3.2087407102090912,1.5711146851899491,1.3352548236494988,2.312729195612353,-7.4555530948400675,1.6038851634086193,3.5863962534850313,3.208874994362765,3.436175357170279,5.951630302335057,-5.948436055224527,6.0946589178904285,13.628071640078309,3.871906212242511,8.654711130156938,14.990399402263675,5.118076040585553,5.649414132384066,12.632474033058768,4.536008482590774,6.230994759748415,10.792399505579684
0.020000000000000906,-11.412941901510187,1.412085440817064,3.1575190357047114,1.563541806946379,1.3697463111017059,2.3724702043082,-7.607401120787733,1.4991796074079975,3.3522675126457298,3.2630892274520082,3.534836444800317,6.122516318840288,-7.041992450167524,5.636681181239995,12.604002288746441,3.8643333339989403,8.685617181474516,15.043930253407051,4.9662280146378865,5.442659368995244,12.170156327449478,4.590222715680016,6.329080066402115,10.962288240179866
0.022000000000000908,-12.49540298228169,1.6397700025530477,3.6666371931736186,1.5549371755424568,1.3848836866066916,2.398688907776084,-7.641394408478708,1.4532850612694312,3.249644187683395,3.293063128538522,3.5999892943236067,6.235364364472515,-8.124453530939027,5.1950026672744745,11.616379107318448,3.8557287025950173,8.697649289572054,15.064770475954147,4.932234726946913,5.230202351291207,11.695087993566375,4.620196616766531,6.394284229363916,11.075225163294707
0.02400000000000091,-13.538290053339125,2.021559579206338,4.520344639671242,1.531000168445429,1.383805552270702,2.3968215243287654,-7.556212617127751,1.4713984577430805,3.29014697350188,3.2969080444841388,3.636332227022255,6.298312170402631,-9.167340601996461,4.770248848218898,10.666600694207533,3.8317916954979907,8.69613352693214,15.062145098049603,5.017416518297869,5.007093553518327,11.196201555367962,4.624041532712147,6.430205615559961,11.13744282926456
0.02600000000000091,-14.501200843358784,2.466166328437536,5.514515554207404,1.5386282811088456,1.3829055709461138,2.3952627109487157,-7.333030479668876,1.561132402888195,3.490798174735593,3.245959447234019,3.6001303673739815,6.235608710163343,-10.130251392016124,4.388129438216386,9.812155717919802,3.8394198081614075,8.692723244460558,15.056238315540659,5.240598655756744,4.7834417010236505,10.696100809896109,4.573092935462028,6.392677962170471,11.072443026905129
0.028000000000000913,-15.355120640564246,2.918211372753983,6.5253190021908845,1.5793307299889066,1.3885894718337337,2.405107516071259,-6.951364802356716,1.712167708574288,3.8285233852521574,3.161684390014998,3.495699443127709,6.054729043487423,-10.98417118922158,4.053152572831389,9.063124676029155,3.8801222570414686,8.698549188401582,15.066329146448561,5.622264333068905,4.571400117508856,10.221961415100328,4.4888178782430055,6.287274821293979,10.889879431629703
0.030000000000000915,-16.057678806764834,3.34384901663904,7.477073707700719,1.629533285544512,1.4059035607660582,2.435096397788811,-6.426584753387712,1.8844183760772304,4.213687586958451,3.02213935940927,3.3461729924876864,5.7957416339034635,-11.686729355422171,3.78206419293822,8.45695263067774,3.9303248125970733,8.716620875727763,15.097630227076007,6.14704438203791,4.385564710416615,9.806420812215732,4.3492728476372795,6.137464239655494,10.630399892720403
0.03200000000000092,-16.562239820470612,3.7114771028432787,8.29911509889155,1.6714886590198745,1.4661402783670785,2.539429453154957,-5.728088826042304,2.0740968326667986,4.637821509759968,2.831757354530121,3.1345246614851634,5.429155971269939,-12.191290369127948,3.596124645223976,8.041179162283125,3.9722801860724366,8.774450739443445,15.19779448922635,6.845540309383319,4.240585608161396,9.48223768425617,4.1588908427581295,5.925713766193151,10.26363731415686
0.03400000000000092,-16.855635507629938,4.021448750228128,8.992232773541668,1.741356730432664,1.5644662313742934,2.709734999466083,-4.864263145536524,2.235047310423921,4.997717719035962,2.622009856193429,2.893018276915637,5.010854642843251,-12.484686056287275,3.495194108598201,7.8154916213823595,4.042148257485226,8.867475094730244,15.358917398924426,7.709365989889096,4.157033484542315,9.295409456179438,3.9491433444214366,5.684147171629868,9.845231698961863
0.03600000000000092,-16.96798092559402,4.297214033245089,9.60886269220206,1.8133235312753417,1.669569511824447,2.8917792212479094,-3.837406116660952,2.3430073441228747,5.23912369323999,2.3941546208861126,2.6402736183935076,4.5730880529412765,-12.597031474251356,3.4540720887137755,7.723539989548686,4.1141150583279025,8.967891610438606,15.532843906050347,8.73622301876467,4.149043554089665,9.277543428551816,3.7212881091141203,5.431270297148214,9.40723610430042
0.03800000000000092,-16.889813458794144,4.527669016658474,10.124175700867976,1.8409667714615472,1.7347012826261712,3.004590757463427,-2.6563619733475963,2.3972397425477987,5.3603910227009735,2.1412513829175985,2.3654566090863463,4.097091030037144,-12.518864007451477,3.4746541125768773,7.7695627940211045,4.141758298514109,9.027029718645508,15.635274114128206,9.917267162078025,4.21752909118744,9.430681744978024,3.468384871145606,5.154939329567213,8.928616828745458
0.040000000000000924,-16.66575570470213,4.7371148571955946,10.592510837913558,1.8457823587311937,1.771274446952799,3.067937336270712,-1.3659922074128885,2.389297176972654,5.342630906159199,1.856285076641096,2.0544838281215063,3.5584703736350534,-12.294806253359464,3.5385309629131303,7.912395773561547,4.146573885783755,9.056867485957005,15.686954643096136,11.207636928012732,4.355455998247421,9.739095685090438,3.183418564869104,4.840207124577621,8.383484658925301
0.042000000000000925,-16.31970202738986,4.943015642464806,11.052918990396103,1.8399573467550538,1.7904667261800151,3.101179339005299,0.003497061382727651,2.346223813937629,5.246315938393358,1.530321915407999,1.708838492988342,2.959795091785241,-11.948752576047195,3.630534138877167,8.118121129163008,4.140748873807615,9.07436835903034,15.717267044435966,12.577126196808347,4.5458591936510215,10.164850173146066,2.8574554036360076,4.489610207998545,7.776232986433355
0.04400000000000093,-15.917975129851907,5.140578559110572,11.49468310184916,1.8462073680458448,1.7817857581595153,3.086143461334913,1.4059505420212883,2.2976777564666655,5.137763653848672,1.1973066384065225,1.3503020749291244,2.3387917993429204,-11.54702567850925,3.7509698549257426,8.387423577166485,4.146998895098405,9.06889675138246,15.707789941990757,13.979579677446907,4.771227549692289,10.668789137231714,2.5244401266345315,4.125046521367745,7.144790158594191
0.04600000000000093,-15.496785124928365,5.3409299655368505,11.942682466006007,1.8106800511240362,1.7490585216022116,3.029458224826337,2.8054309434848035,2.2770910531554014,5.091730385812065,0.8413917153637218,0.9872421528509963,1.709953568111605,-11.125835673585707,3.8964131618939857,8.712644698419846,4.111471578176599,9.040932348563636,15.659354175505232,15.379060078910424,5.008682784010525,11.199755182780432,2.1685252035917304,3.7503036169417516,6.495716408352442
0.04800000000000093,-15.097373824329432,5.562200335949542,12.437458055655343,1.7610672890925396,1.692548132689079,2.9315793600733144,4.158113441422034,2.259898666684697,5.053287040968122,0.47446627358061444,0.6345830985589297,1.0991301683285546,-10.726424372986767,4.058987142880161,9.076171171277693,4.061858816145102,8.987027525592708,15.565988283346579,16.731742576847655,5.255672352063365,11.752040646679891,1.8015997618086221,3.370309255308199,5.837546867413427
0.05000000000000093,-14.707859446152415,5.801148291187699,12.97176192665244,1.6783780852779173,1.619271326160838,2.8046602081500063,5.417683323923292,2.253285857237403,5.038500349521719,0.1259666918552592,0.3486338012163032,0.6038514569425054,-10.336909994809753,4.235734755818943,9.47139084866963,3.979169612330479,8.919161443443517,15.448440780953536,17.991312459348915,5.499331797560803,12.296879730172067,1.4531001800832675,3.012585672438163,5.217951446816949
0.052000000000000934,-14.367828310955886,6.0632926572357375,13.557934549054442,1.572887931141789,1.5430135058799688,2.6725777889490843,6.5514814366312395,2.267145622974739,5.0694917278626255,-0.21437018660989526,0.3019971433337082,0.5230743959946432,-9.996878859613222,4.428965907361013,9.903468838888262,3.8736794581943506,8.844270102198484,15.31872517287016,19.12511057205686,5.734886000850531,12.823594941113704,1.1127633016181129,2.6810290026710772,4.643678449192021
0.054000000000000936,-14.095485738766897,6.347011973884954,14.192350227611879,1.5034289335814945,1.4569531254328332,2.5235168374959382,7.545674351069057,2.3063982018251696,5.157263162464359,-0.5347984602846454,0.519926959963975,0.9005399108824342,-9.724536287424232,4.637436658839766,10.369623610515218,3.804220460634056,8.760372812426642,15.173410804368002,20.11930348649468,5.941866303675962,13.28641696823486,0.7923350279433627,2.3643667603481533,4.095203356650029
0.05600000000000094,-13.878965983610517,6.654117717202139,14.879059545949705,1.4472498282366197,1.3489533941053373,2.3364558156329274,8.401323699438777,2.3797565599621886,5.321297437976508,-0.8129719759200454,0.7724843187966127,1.337982088205967,-9.508016532267856,4.854493856701615,10.854978259939935,3.7480413552891814,8.658791234502086,14.997466350289654,20.9749528348644,6.12383169229252,13.693303946733652,0.5141615123079625,2.0847272680883697,3.6108535482533197
0.05800000000000094,-13.722385182146596,6.978194264795314,15.60371673628149,1.3640051757637464,1.2217706731342621,2.1161688810661694,9.096895375420155,2.4717287414777167,5.526953487884179,-1.0643349377740563,1.0065499718653386,1.7433956916277902,-9.351435730803933,5.073808156229034,11.345379942120994,3.6647967028163086,8.54060925673317,14.792769160254913,21.670524510845773,6.268301711532381,14.016348730464681,0.26279855045395184,1.837533285756482,3.1827010115292067
0.06000000000000094,-13.60864694116179,7.300560930844582,16.324550515247626,1.2539640460232635,1.0951011666860775,1.8967708601282403,9.647082518201199,2.5728677458708065,5.753107176883778,-1.2830996891600306,1.220037441179634,2.1131668352594515,-9.23769748981913,5.287671137215906,11.823592105478385,3.554755573075825,8.420599742743953,14.584906584633941,22.220711653626818,6.362487107397655,14.226953678107161,0.04403379906797763,1.6163423000628496,2.799586986131595
0.06200000000000094,-13.550597827655446,7.616016662124565,17.029930974281577,1.1574267098069697,0.9954090221346791,1.7240990006497172,10.051204394980683,2.659409989828984,5.946621517299632,-1.4635635700647376,1.391917365862435,2.410871597611175,-9.179648376312784,5.4884041800386525,12.272444834560423,3.458218236859531,8.326151470526053,14.421317378465444,22.624833530406306,6.398855803197979,14.3082765541697,-0.1364300818367298,1.4405864286551715,2.4951688871249544
0.06400000000000095,-13.542778903903104,7.9031779933001065,17.672043231299416,1.088913486476075,0.9105293855943449,1.5770831576338786,10.320426655659245,2.7309214696680937,6.106526047391488,-1.5802789366645549,1.5020061723865141,2.6015510038555,-9.171829452560441,5.663984172422686,12.665053633020015,3.389705013528637,8.246381587450557,14.283151888064856,22.894055791084874,6.377600160274747,14.26074749168789,-0.2531454484365467,1.3277898868954587,2.2997995458790674
0.06600000000000095,-13.615789505366923,8.160653200542685,18.247775297214666,1.0072892396364868,0.824653411271598,1.4283416069574006,10.481581345878848,2.7894592638631535,6.237420534464534,-1.6251388064803702,1.5444972477125007,2.675147705188345,-9.24484005402426,5.819325640261019,13.012407714831127,3.308080766689048,8.163492130753443,14.139583137653677,23.055210481304467,6.323986151199131,14.140862922848521,-0.29800531825236193,1.2837094208872257,2.223449939131495
0.06800000000000095,-13.736673816610894,8.390651869782507,18.7620679563694,0.914471301734542,0.7318455212430325,1.2675936260846603,10.535169055127039,2.856242837127634,6.38675314406425,-1.6090315594187414,1.5254275988596238,2.6421181044926647,-9.365724365268232,5.949586397494192,13.303679622805099,3.2152628287871026,8.07296099615598,13.98277861286401,23.10879819055266,6.270849504472791,14.022045768672033,-0.2818980711907331,1.303256325246506,2.2573061706124578
0.07000000000000095,-13.914565213816559,8.577928483940541,19.180831196222762,0.8407701677803615,0.6647261216729913,1.1513394158558323,10.507975813211075,2.9231932844315325,6.536458895359784,-1.5319046390370543,1.4574079649749998,2.5243046426922624,-9.543615762473898,6.043100622009504,13.512783785684514,3.1415616948329226,8.006549719045799,13.867750906713644,23.0816049486367,6.220354036855494,13.909134470524117,-0.20477115080904632,1.3713623316336692,2.375269233975635
0.07200000000000095,-14.148986355267079,8.713673841773687,19.484367043967712,0.7561569865872698,0.608931986195766,1.054701138444897,10.410255972625677,2.9806955669004718,6.665037907821727,-1.4091516290568418,1.3407978786178885,2.322330048446751,-9.778036903924413,6.095467181932716,13.629878973420633,3.0569485136398313,7.950002844471454,13.769808846941652,22.983885108051293,6.1596744788230255,13.773450853918874,-0.08201814082883348,1.488004851381978,2.577300004502562
0.07400000000000095,-14.44873639132842,8.787146845045884,19.64865767379541,0.6933595800669141,0.5543233872026315,0.9601162704586333,10.250534837828832,3.0370335101769106,6.791013378700372,-1.2646421225143554,1.190274038947793,2.061615110387794,-10.07778693998576,6.094585057313476,13.627906482807385,2.9941511071194764,7.893682218069103,13.672258660498676,22.82416397325445,6.110575773369572,13.663662810917712,0.06249136571365262,1.6422726980658011,2.8444997529331895
0.07600000000000096,-14.787930877689472,8.770336447151996,19.611068481375856,0.6548503771395859,0.5025604130650361,0.8704601693014442,10.061156418667148,3.101963682891548,6.936201658681102,-1.0854895937939812,1.0256254142849746,1.7764353270754543,-10.41698142634681,6.027098261550349,13.477001419897388,2.9556419041921473,7.835480071853937,13.571449586144455,22.63478555409277,6.072530319831798,13.57859059057244,0.24164389443402698,1.8115601921371658,3.1377142937508085
0.07800000000000096,-15.151548576159573,8.664550382195157,19.37452364906016,0.5804928056157781,0.45462537821371,0.7874342534763626,9.858842260050872,3.1814088040707773,7.113846350118568,-0.8633594715940264,0.8312722177677537,1.4398057160942095,-10.780599124816913,5.889516747420802,13.169359801856373,2.88128433266834,7.777601001365054,13.47120009536285,22.432471395476494,6.065813732316361,13.563571844311097,0.46377401663398166,2.0140615415764334,3.4884569195808792
0.08000000000000096,-15.55183801328582,8.462766504211423,18.923321181125004,0.4954189291464643,0.40150136451351026,0.6954207626456316,9.628225209618112,3.26127329170984,7.292428773467703,-0.6393489062800654,0.6443689294031755,1.1160797245450629,-11.180888561943156,5.681477592529467,12.704170109537742,2.796210456199027,7.712767702023729,13.358905526881353,22.201854345043728,6.102174030528046,13.644875942794588,0.6877845819479429,2.2135891478771503,3.834048871206321
0.08200000000000096,-15.968418700977551,8.159442651917624,18.245068428198962,0.4072288739236536,0.35530363431898726,0.6154039467543589,9.364180246211053,3.3204909458617577,7.424843473619465,-0.41465592025215964,0.4788225019020804,0.8293449011016486,-11.597469249634887,5.4038535488361745,12.083383875651167,2.708020400976214,7.6592457741377515,13.266202828463802,21.937809381636676,6.168744187800244,13.793731339728074,0.9124775679758487,2.404466967227827,4.1646589523596464
0.08400000000000096,-16.36979670190919,7.776743197561653,17.389326433306934,0.3437166508143937,0.3246631483923728,0.5623330683608635,9.072088478013802,3.3497142511476965,7.490188770766053,-0.21177246205760322,0.3612176483677949,0.6256473195635699,-11.998847250566529,5.087014545480192,11.374910326223905,2.6445081778669546,7.6167944781733325,13.192675027006285,21.64571761343942,6.26523936630069,14.009501118356047,1.1153610261704048,2.559516678218215,4.433212929493869
0.08600000000000096,-16.742710179088466,7.32655818625704,16.382682145578308,0.303970905859725,0.3149211625782886,0.5454594539642544,8.762813642617774,3.3595821798729353,7.51225413019281,-0.03597037711660822,0.2864620670364239,0.49616685454828785,-12.371760727745805,4.750851345549534,10.6232265596451,2.604762432912287,7.580918286264709,13.130535639838458,21.33644277804339,6.390654003504558,14.289936772517372,1.2911631111114001,2.6830477092171297,4.647174951495355
0.08800000000000097,-17.07201133823712,6.830133949787521,15.272643807154033,0.26438320792229575,0.3004652775749986,0.5204211266701831,8.456765759051157,3.3497784911758894,7.490332415835969,0.1018162121491195,0.2517747010922322,0.43608657435221343,-12.70106188689446,4.428627155850901,9.90271136748417,2.5651747349748564,7.5455202890244335,13.069224510132118,21.03039489447678,6.533118034834687,14.6084960309202,1.4289497003771274,2.7842454749336842,4.82245462332888
0.09000000000000097,-17.30601496604832,6.300661796426279,14.088708080045103,0.23197116157042755,0.2881281716115943,0.499052632323206,8.153235581273167,3.3341552013216056,7.455397677689607,0.19904025517403734,0.23787511256658703,0.41201178082149464,-12.935065514705656,4.149491881427767,9.278545918955984,2.5327626886229893,7.520948069035893,13.026664176657206,20.72686471669879,6.693414180413308,14.9669291089652,1.5261737434020457,2.847790161531519,4.932517249067371
0.09200000000000097,-17.43515138467786,5.756168788742391,12.871184701590613,0.2077957299889579,0.27941929286769385,0.4839684118618138,7.88300784281648,3.3295182067364713,7.445029042585948,0.27185854348607563,0.22626249045070698,0.3918981293076924,-13.064201933335198,3.950807237894571,8.834273549930444,2.5085872570415186,7.499320931707136,12.98920487598153,20.456636978242106,6.8584405763843295,15.3359393484382,1.5989920317140838,2.8636309387069687,4.959954279966627
0.09400000000000097,-17.46346068141773,5.233752718791471,11.70302685664207,0.1671786237568799,0.26171102603764124,0.4532967939981759,7.6433590987709366,3.3517062110108506,7.494642928428516,0.304130460318927,0.22614250261351476,0.39169030427738516,-13.092511230075065,3.85620766600656,8.622742476546474,2.4679701508094407,7.458900627141413,12.91919485481629,20.216988234196556,7.029499263418825,15.718438200789194,1.6312639485469351,2.8329018943863713,4.9067300139353165
0.09600000000000097,-17.355870243094415,4.75656438354399,10.636001300958744,0.12229762952298791,0.2502591678887411,0.4334615938432092,7.439117299835448,3.409026425200322,7.622814823841022,0.3008734425763242,0.23849578895939785,0.41308682386890155,-12.984920791751756,3.8793291485614936,8.67444368327988,2.42308915657555,7.404891840163573,12.825648891715504,20.01274643526107,7.22226927471225,16.149485050064694,1.6280069308043323,2.7594988248257115,4.779592168024741
0.09800000000000098,-17.12292885413878,4.347168298647522,9.720563825407966,0.05848421013968529,0.2692841926038524,0.4664139032650356,7.298665005490835,3.4876883176819904,7.798708162668812,0.24379308795228197,0.30283322715777905,0.5245225356573204,-12.75197940279612,4.005110108790026,8.955698460626076,2.359275737192247,7.341195699079813,12.715323939112357,19.87229414091646,7.422270758438805,16.59670196327809,1.5709265761802902,2.6334302365097018,4.561234967822928
0.10000000000000098,-16.812176719873772,4.048903864507778,9.05362427540099,-0.012018517738095128,0.30062208651907424,0.5206927277284034,7.210605092782933,3.5754475904250507,7.99494386217824,0.1543197794580075,0.41566284116852636,0.71994915972232,-12.441227268531108,4.181084686926061,9.3491895796501,2.288773009314466,7.27906743554777,12.60771463008883,19.784234228208554,7.627631757103759,17.055903116220172,1.4814532676860157,2.4856007723649727,4.305186825068576
0.10200000000000098,-16.441474348483162,3.8629095368671593,8.637728315367198,-0.0863846443736972,0.33963641887849055,0.588267533598291,7.158604513940469,3.6691870481201394,8.204551661758424,0.008224730888647244,0.5914453736753762,1.0244134371073117,-12.070524897140498,4.375205162004651,9.78325615775038,2.214406882678864,7.226860811333633,12.51729010445829,19.73223364936609,7.833868364720197,17.517062190299477,1.3353582191166555,2.284669630051479,3.957163877758752
0.10400000000000098,-16.038161450012957,3.787872924821739,8.469941350032359,-0.14427962330481692,0.38483934123978325,0.6665612917786413,7.1754947436148,3.7531330085765444,8.392260535775454,-0.15397900452964816,0.7878997269994027,1.3646823584326133,-11.667211998670297,4.5506676334018925,10.175602171294726,2.156511903747744,7.18400217153327,12.443056762780767,19.749123879040418,8.021371493737727,17.936331932776586,1.1731544836983598,2.0762128159090945,3.5961060844801995
0.10600000000000098,-15.62002536924096,3.810465382726605,8.520459621686442,-0.17534506708400763,0.44119976688557244,0.7641804125333561,7.250347171559531,3.8245457624584662,8.551944307915894,-0.32926312806033137,1.0034354508971075,1.7380011830695756,-11.249075917898303,4.6865396820425484,10.47942130829739,2.1254464599685536,7.1356330161985175,12.359278928221785,19.823976306985152,8.193152869761459,18.320446766834102,0.9978703601676768,1.8538432421701314,3.210950684706882
0.10800000000000098,-15.22222602140344,3.9123429736900115,8.748264840464538,-0.18350782224035692,0.5092134046658551,0.8819834887763917,7.377539303429309,3.8603064389407566,8.631907611451673,-0.4964784671598658,1.209413850300636,2.094766236098202,-10.85127657006078,4.769512089746988,10.664953252181343,2.1172837048122055,7.072129011715627,12.249286765973338,19.95116843885493,8.326225838450155,18.61800697078973,0.8306550210681424,1.646683331263505,2.852139193725163
0.11000000000000099,-14.823782715482173,4.069441334802439,9.099547455065736,-0.19928929063678943,0.5784621557358712,1.0019258439903493,7.540418413875452,3.870971172008373,8.655754679552754,-0.6627290706194717,1.4372509320649127,2.4893916375621536,-10.452833264139509,4.798597050770185,10.729989202152145,2.1015022364157723,7.013979867896662,12.14856949446226,20.114047549301073,8.436457106094498,18.86449157848845,0.6644044176085364,1.4190592691727462,2.4578827531587555
0.11200000000000099,-14.413810921070894,4.2779080387865465,9.565693176219526,-0.1945511892839277,0.6423537962539906,1.1125894115466584,7.732228932837844,3.869325619425864,8.652075112117712,-0.8089563862104093,1.6693960095454945,2.8914787064855347,-10.042861469728232,4.782535768391733,10.694075082948105,2.106240337768634,6.964672439364812,12.063166523054525,20.30585806826347,8.525660859570236,19.063957235108337,0.5181771020175988,1.1924283372539082,2.0653464645086452
0.11400000000000099,-13.97931154196237,4.522422015848276,10.112443050378378,-0.1589755614284919,0.6982126462475684,1.2093397777879036,7.943075698107265,3.8484091156076543,8.605304387728562,-0.9433930455582878,1.8875326404951533,3.2693024342822454,-9.608362090619707,4.7443264200711575,10.608636382727331,2.1418159656240694,6.925221589730233,11.994835647085674,20.516704833532884,8.588100525265492,19.20357657209529,0.38374044266972024,0.985126132530448,1.7062885134065673
0.11600000000000099,-13.486390141030729,4.785534625269039,10.700780730780556,-0.11203768141059019,0.7465726400051752,1.2931017440297923,8.132912667035985,3.8246818107959815,8.552248521246804,-1.0690654560704416,2.0846672998442983,3.6107496802077472,-9.115440689688064,4.696239439732462,10.501110625857313,2.1887538456419713,6.902958441182007,11.956274742663693,20.706541802461608,8.642959125745673,19.326244131919477,0.25806803215756635,0.8051631938819761,1.3945835601880132
0.11800000000000099,-12.907655484876248,5.054817439899779,11.302915409467364,-0.027468360275045473,0.7778440697761507,1.347265449218444,8.302362494381317,3.8166773642592258,8.534350034668355,-1.1622352764295594,2.2434787345041434,3.885819153861504,-8.536706033533585,4.6567516940568945,10.412813342248521,2.273323166777516,6.903325568615044,11.956910626030565,20.875991629806936,8.697586158792488,19.448393891221283,0.1648982117984488,0.6700973198389779,1.1606426039768418
0.120000000000001,-12.219261176160483,5.311447291414696,11.876757202510396,0.10139629596810577,0.7998516981191028,1.38538377966253,8.4626239836692,3.830166954489385,8.56451367541161,-1.2004148410778237,2.3527583459818215,4.07509699317223,-7.848311724817819,4.62989493933512,10.352759813035593,2.402187823020667,6.927882546146692,11.999444558795707,21.03625311909482,8.743200144806858,19.55038986467414,0.1267186471501844,0.5938027829494685,1.0284965897442737
0.122000000000001,-11.417225182813933,5.557174173860056,12.426219215557321,0.2518905184120044,0.7985563374662368,1.3831401491976403,8.613906082803982,3.8810503382845334,8.678292380502771,-1.182713283304514,2.4209375982302213,4.193186922088513,-7.046275731471271,4.611918541542945,10.312563365581713,2.552682045464566,6.985214851364453,12.098747024347915,21.187535218229606,8.794739077127005,19.66563442082975,0.14442020492349403,0.5581989328178836,0.9668289123713008
0.124000000000001,-10.467726360724782,5.770438175626743,12.903092020661267,0.4012633443158295,0.7915463241411083,1.3709984499567829,8.744206399104444,3.969158919419471,8.875309157321547,-1.1419395886935981,2.458833188818473,4.258824010370194,-6.096776909382122,4.614150592953038,10.317554384263955,2.7020548713683907,7.05894702231491,12.22645489058646,21.317835534530065,8.850838709338491,19.79107701196737,0.18519389953441,0.5665022845907027,0.9812107395149406
0.126000000000001,-9.349432918675527,5.934379389382139,13.269675718932156,0.5692740624352016,0.7990693542270931,1.3840287202925778,8.904816208152791,4.102035128968418,9.1724293944655,-1.0376130491060709,2.4468148937337566,4.2380077126631095,-4.978483467332864,4.62637430727373,10.34488744042256,2.8700655894877634,7.142986590285816,12.37201569215821,21.478445343578414,8.92894496894328,19.965727917911927,0.2895204391219371,0.6174310412401876,1.0694219335981596
0.128000000000001,-8.058429831250187,6.046031753405547,13.51933799473705,0.746407937130355,0.8054124633857437,1.395015307633316,9.091149480408138,4.273499593037649,9.55583559184987,-0.8930378683563008,2.405267317297742,4.166045199344581,-3.6874803799075244,4.6521777111403715,10.402585605519253,3.047199464182917,7.234942982296244,12.53128883520099,21.664778615833754,9.026667739297194,20.184242675372875,0.43409561987170714,0.6940762138046421,1.202175266634679
0.130000000000001,-6.593508471835274,6.117160771703148,13.678387314823311,0.9232399814863249,0.7986674124326353,1.3833325366828915,9.3142973937812,4.465690170834999,9.985586788439708,-0.6891821036636148,2.31646191468933,4.012229730040201,-2.222559020492612,4.7044835701397725,10.519545061863433,3.224031508538886,7.336958860747432,12.707985519857218,21.887926529206823,9.131542319895576,20.418749366702638,0.6379513845643935,0.8013315848279948,1.3879470186317766
0.132000000000001,-4.952255667443673,6.138339115642486,13.725743531522541,1.0632785288361242,0.7858647417820133,1.3611576606434432,9.589962409083842,4.671867933750544,10.446614281767701,-0.495775007855152,2.230087682701474,3.8626251717724944,-0.5813062161010096,4.776659308340129,10.680934918805658,3.3640700558886856,7.4790511746991415,12.954096626986608,22.163591544509465,9.254695609963187,20.69412849494657,0.831358480372856,0.9144023879114304,1.5837913944249027
0.134000000000001,-3.1756838762256105,6.118908121133021,13.682294506928953,1.2078561657843492,0.7800396039768068,1.3510682260037354,9.910699148804293,4.866705707429323,10.88228478829817,-0.2746085339142246,2.1117065676112583,3.6575830657795816,1.1952655751170507,4.865606353040403,10.879826557153182,3.50864769283691,7.631985962681949,13.218987450017604,22.48432828422991,9.378152433202093,20.970186343994936,1.0525249543137838,1.0550242626825053,1.8273556261839925
0.136000000000001,-1.2863850152805116,6.068985860109577,13.570664937690044,1.3438556421649295,0.8142483952549282,1.4103195905629606,10.279525941219436,5.054910450953587,11.303123388506338,-0.05394042967822991,1.9728058779252604,3.417000014037075,3.0845644360621502,4.989001837680149,11.155747248924186,3.644647169217491,7.801716481371949,13.512969331983705,22.853155076645056,9.513452803294536,21.272727168902517,1.2731930585497784,1.208317122625043,2.092866648042008
0.138000000000001,0.6376233445333412,6.007940631173388,13.434163656086687,1.4854028641653547,0.8787068612153204,1.5219649285843089,10.672908123521632,5.226493079444195,11.68679380956943,0.15414893758722684,1.831210059859426,3.171748863007771,5.008572795876004,5.143626703683655,11.50149896031982,3.7861943912179163,7.969635921613805,13.803814334061125,23.246537258947257,9.648598309808646,21.57492170832171,1.4812824258152346,1.3764603523342274,2.38409926484704
0.140000000000001,2.5398530165226374,5.9596371264735195,13.326153736026303,1.616482887895745,0.9617172383234573,1.6657431192910546,11.096710216801961,5.363336605892706,11.992785236989091,0.358473236988387,1.6872650139862602,2.922428730057615,6.910802467865301,5.321539882765523,11.899324922839973,3.917274414948307,8.134897883752933,14.090056449044617,23.67033935222758,9.759549216419705,21.82301547766927,1.6856067252163953,1.5492244557349948,2.683335469661252
0.14200000000000101,4.421637621845426,5.930801531670027,13.261675385874053,1.7389609491066984,1.066805851813635,1.8477619371530105,11.536856550800707,5.463126151760159,12.21592144499255,0.5908958626262052,1.5351160276267317,2.6588989553628073,8.792587073188091,5.514655959657728,12.331145598319019,4.03975247615926,8.304250920159685,14.383384512517173,24.110485686226326,9.846369700699883,22.0171519823592,1.9180293508542132,1.6982939105523025,2.941531339261422
0.14400000000000102,6.195663004414024,5.928430629828081,13.256373888187483,1.8422857366426975,1.2024309371705528,2.0826714757720577,11.968760301033964,5.533108514231966,12.372406764705538,0.7930816727838925,1.3727953067188412,2.3777512196291335,10.566612455756685,5.710314365202486,12.76865109348632,4.1430772636952575,8.485355943048901,14.69706761366722,24.542389436459587,9.917223768476138,22.175586494389282,2.1202151610119,1.8563625449668855,3.21531424515051
0.14600000000000102,7.833660485851065,5.935505744865716,13.272194326360264,1.943728965074893,1.3489194237387505,2.3363969772320474,12.389977011080806,5.565901382950865,12.445733848338223,0.9961877852257883,1.179234145817473,2.042493454575949,12.204609937193728,5.903495061930254,13.20061626331038,4.244520492127454,8.661974811393483,15.002980467215353,24.96360614650643,9.954483909584773,22.258902702759425,2.3233212734537965,2.043095127784413,3.5387445660190306
0.14800000000000102,9.319873729497425,5.959007498616234,13.324745845336885,2.0450345836156263,1.5084136523705902,2.6126490847364003,12.78752406231204,5.5658785790961804,12.445682857369,1.221788196181595,0.9653949877286433,1.672113168118343,13.690823180840088,6.081466765864717,13.598573091379306,4.345826110668188,8.840471426656972,15.312145673830791,25.36115319773766,9.96500313320819,22.28242440185191,2.548921684409603,2.2245256671729776,3.852991478284651
0.15000000000000102,10.628951757175823,5.989552893889941,13.393047425568493,2.160511625753461,1.667609447370028,2.888384290026746,13.126519025186766,5.516053265727734,12.334270069676926,1.418902636412293,0.7605914797587543,1.3173830867461578,14.999901208518486,6.234952380512915,13.941777359301014,4.461303152806022,9.00874764600571,15.603608635448412,25.70014816061239,9.922670792613173,22.187766410634776,2.7460361246403013,2.4206534790467487,4.192694813227333
0.15200000000000102,11.715855453250507,6.002441369203277,13.42186693249544,2.2703556989405627,1.8201078007503524,3.1525191861520607,13.413416303563622,5.4269833625429635,12.135103711406453,1.619524696736108,0.5575805098172725,0.9657577723136731,16.08680490459317,6.3505443245992454,14.200248803929403,4.571147225993124,9.160697481309631,15.866793470396525,25.98704543898925,9.839420512371207,22.00161312486783,2.9466581849641162,2.6178609714076875,4.53426820962973
0.15400000000000102,12.587824879331624,5.983871428639318,13.380343283056298,2.3596122068134275,1.9650342676557815,3.4035391901937135,13.67646338633163,5.309885809011457,11.873265621711084,1.7899700451505351,0.4069343627423827,0.7048309916154704,16.958774330674288,6.419898052659825,14.355328454365894,4.660403733865988,9.301821485210946,16.11122741532115,26.25009252175725,9.729272626207173,21.755314963827143,3.1171035333785433,2.794665609772909,4.840502826292135
0.15600000000000103,13.232015794168817,5.938545114761045,13.278990564054986,2.4350654297008765,2.0709185635677225,3.586936170436853,13.890062442353443,5.170164618148737,11.56083954104482,1.9814061715642606,0.30668249074387927,0.5311896557601707,17.60296524551148,6.457702957115622,14.43986279061194,4.735856956753438,9.403804318039526,16.287866863280055,26.46369157777906,9.588717914741272,21.44102507443152,3.3085396597922685,2.962686673094719,5.1315238447072575
0.15800000000000103,13.677635020383258,5.8721058878901715,13.130427936399183,2.5349116064585244,2.156805419693952,3.7356965689498405,14.081423540823575,5.020575954718396,11.22634912095124,2.124072786113063,0.30806888721440073,0.5335909648865481,18.048584471725924,6.4769902435566,14.482990474195477,4.835703133511087,9.485755725930876,16.429810865499675,26.65505267624919,9.433322598449093,21.093550583817127,3.451206274341071,3.0945518917488406,5.359921103167376
0.16000000000000103,13.902305749059298,5.789087006595155,12.944792074407541,2.6435857328722934,2.2164048524431146,3.8389258145736744,14.209435861382786,4.852888516725575,10.851388610626513,2.2340020806349887,0.38573212343147106,0.6681076358947373,18.273255200401962,6.468785410167264,14.464643908992862,4.944377259924855,9.541512732226986,16.526384833282474,26.783064996808406,9.241859246578164,20.665425513833767,3.5611355688629964,3.2035844147064654,5.548770972607402
0.16200000000000103,13.93005849689742,5.699729840149613,12.744983375958544,2.723136861947566,2.2618728895758977,3.9176787650080835,14.313312861782368,4.68105902097702,10.467166177593231,2.337279754620465,0.46787809353755816,0.8103886297555143,18.30100794824008,6.445958842317062,14.413602151586801,5.023928389000128,9.585340896096774,16.602297439907403,26.886941997207987,9.032414214600413,20.197092184781898,3.664413242848473,3.2722836912873405,5.6677616100887045
0.16400000000000103,13.78860835864057,5.606398158561756,12.536287391473731,2.8091355341585262,2.296012897672677,3.976810993602518,14.390213242088729,4.517112172705406,10.100569880161059,2.360576388907129,0.5392966376578736,0.9340891767745002,18.159557809983234,6.418751620328759,14.352764953742028,5.109927061211088,9.617170440235157,16.657427827536836,26.96384237751435,8.822306189907577,19.727276358950512,3.6877098771351378,3.315957776174798,5.743407344087856
0.16600000000000104,13.45177961971819,5.512583899268418,12.326512330435037,2.8780837710181824,2.3233191506871593,4.024106811187933,14.414556722860757,4.370915087225445,9.773663258915517,2.321881746413897,0.5701736187867035,0.9875696768739788,17.822729071060852,6.393893552279207,14.297180623793912,5.178875298070744,9.6430712882438,16.702289412246927,26.988185858286375,8.622451632720201,19.280387983466422,3.649015234641905,3.312016193763421,5.736580323089132
0.16800000000000104,12.9444361487933,5.407587687525948,12.09173366359891,2.945876763921244,2.3353402955981983,4.044928044939,14.441783511683235,4.231948471143275,9.46292445875267,2.2357523429981954,0.551833084232803,0.9558029391886506,17.31538560013596,6.360692816021103,14.222941520617752,5.246668290973806,9.655008448905697,16.722965181011446,27.015412647108853,8.427362107638078,18.844154543684645,3.562885831226204,3.2304322792934794,5.5952728381468395
0.17000000000000104,12.283097967289617,5.291746067323704,11.832703926202981,2.967440906081238,2.288849773899268,3.9644040992860696,14.435173842488306,4.107409901815013,9.184447751914107,2.1041883931201024,0.5147256300981732,0.89153094328794,16.65404741863228,6.319876294597059,14.13167300410851,5.268232433133799,9.61070715818443,16.64623309464133,27.008802977913927,8.245062654189063,18.436520573511586,3.43132188134811,3.067558525138875,5.313167220731582
0.17200000000000104,11.526653774474664,5.151567930992169,11.519256084406436,2.929726998341048,2.1947790141042427,3.8014687638144773,14.400957615874802,3.996177508943431,8.935724560153286,1.9381214694116708,0.5149639948780673,0.8919438031974516,15.897603225817326,6.266881751529557,14.013173603373037,5.23051852539361,9.519140091524157,16.487634282885693,26.97458675130042,8.076662295581501,18.059965924229736,3.2652549576396788,2.8690863627647127,4.969403351611473
0.17400000000000104,10.667182810668415,4.992922137354573,11.164513305488368,2.8512819360212056,2.052032820065424,3.5542251031521586,14.329824383539355,3.918309931321611,8.761607363347656,1.731581321928826,0.6362950463668808,1.1020953489118321,15.038132262011079,6.206803252432355,13.878833995405532,5.152073463073768,9.382612230900335,16.25116109163655,26.903453518964977,7.944372925106878,17.764157899147826,3.058714810156834,2.608741503356973,4.5184728276278925
0.17600000000000104,9.724716180860772,4.815789645684897,10.768433013091057,2.7254733578440704,1.8922717756835334,3.2775108572124574,14.193029614943352,3.862489476855099,8.636789032625602,1.4871071513807663,0.821052878692073,1.4221053015953564,14.095665632203435,6.13471681008478,13.717643810060235,5.026264884896631,9.228384538954094,15.98403089325158,26.766658750368975,7.839984969002127,17.530739333265338,2.8142406396087742,2.348288146172057,4.067354379981732
0.17800000000000105,8.74879050314902,4.636409515582919,10.367326848370277,2.5932591178794837,1.7246183506225876,2.9871266069439577,13.965435820265544,3.820632590349007,8.543194189071487,1.1937649021014207,1.0626072392677228,1.8404897269021943,13.119739954491683,6.070422750178019,13.573877921559275,4.894050644932045,9.06306848371612,15.697695086272546,26.539064955691163,7.752511402887227,17.3351424931981,2.5208983903294286,2.0691425032250006,3.5838599436859506
0.18000000000000105,7.7572987022170565,4.45201438076303,9.955006792192767,2.4645273174801936,1.5658187236281387,2.712077584766586,13.622471734303724,3.76690178847491,8.423048463595434,0.8542892908793407,1.3188655614208007,2.2843421607336785,12.12824815355972,6.007976149991388,13.434243078578218,4.765318844532755,8.90642734042878,15.426384667543193,26.196100869729342,7.671952086694777,17.155006385970882,2.181422779107349,1.7808323654341884,3.0844921366950797
0.18200000000000105,6.725128411863659,4.245701270069957,9.493676652033617,2.2970115035524734,1.397649618163357,2.4208001498381755,13.142943729113773,3.687771072718373,8.246106804055602,0.5132458062928272,1.571871016212954,2.7225604630257587,11.096077863206323,5.939556493242552,13.281252075090618,4.597803030605035,8.739426446987885,15.137130635194168,25.716572864539394,7.573624426239803,16.93513905312504,1.8403792945208355,1.5041304205586257,2.6052303096174825
0.18400000000000105,5.68335472190965,4.010473743031955,8.967691911397477,2.1081582445149034,1.2307827137443856,2.1317781932827775,12.563754674422427,3.5853403078370345,8.017064650793632,0.1511000564592296,1.817164943212873,3.1474220073777093,10.054304173252312,5.8759326100010725,13.13898474717016,4.408949771567465,8.572236410521723,14.847548997515483,25.137383809848046,7.462051478544654,16.68565435762866,1.4782335446872377,1.24399888861596,2.1546692796420595
0.18600000000000105,4.653441485581547,3.756607617577184,8.400029997696118,1.9241344055263638,1.066162414885247,1.8466474717015764,11.850424005759077,3.4554244404122225,7.726563939875901,-0.16181936735986735,2.0441070969850537,3.5404973480902355,9.02439093692421,5.81415338112097,13.00084219179673,4.224925932578926,8.405325560068919,14.558450924196695,24.424053141184693,7.3313366990331295,16.393367224976995,1.1653141208681408,1.0380870371878492,1.7980194910879972
0.18800000000000106,3.6429864963599647,3.492848879907171,7.810247530606435,1.7356058963226542,0.9147203261491553,1.5843420796063112,11.031331900103478,3.324239649740093,7.433225830318939,-0.4034263762306723,2.2501150649151205,3.897313615309131,8.013935947702628,5.768637869734359,12.899066414305604,4.036397423375216,8.24756583697348,14.285203068407398,23.604961035529097,7.191390735965453,16.080438538380996,0.9237071119973358,0.8844527347471095,1.531917073475233
0.19000000000000106,2.6894612854481816,3.238520474543637,7.24155192760445,1.5576560469103429,0.7734126195946901,1.3395899523529438,10.146513828113479,3.1909416542906808,7.135162451229596,-0.6296162759865754,2.4061772762253204,4.1676212944399476,7.060410736790845,5.742584369077801,12.840809015785705,3.8584475739629034,8.089580770353539,14.011564906184507,22.720142963539097,7.037633855973693,15.736627702711143,0.6975172122414327,0.7802841977350831,1.351491874820284
0.19200000000000106,1.8268772589675926,3.0071439101371915,6.72417820119128,1.3735346332931269,0.6324363234863521,1.095411844830428,9.170726992983173,3.057524985690965,6.836833710909071,-0.8273482444939212,2.5055424168912523,4.33972676657457,6.197826710310254,5.748561004066235,12.854173177896547,3.674326160345688,7.920374438534383,13.71849094251137,21.744356128408796,6.87423962740272,15.37126710049531,0.4997852437340873,0.7034398691155861,1.218393593377796
0.19400000000000106,1.0795241306910104,2.8042888219001236,6.270580434311477,1.212039785655159,0.5262889521089519,0.9115592045148881,8.160841639955635,2.9464245186457094,6.588405514263903,-0.988470507523367,2.5430341201176585,4.404664301424999,5.450473582033675,5.785735194091082,12.9372971938006,3.512831312707719,7.78228508655102,13.479313168891922,20.73447077538125,6.712274797067317,15.009102729901127,0.3386629807046411,0.6538232186973635,1.132455033952051
0.19600000000000106,0.41970740228143805,2.6268195379892667,5.873747051568592,1.1046318293456412,0.4662288233789165,0.8075320100453398,7.137191323787556,2.8707983958404526,6.419300362796601,-1.1641052697763115,2.543509193840099,4.405487153249607,4.7906568536241005,5.854208000876305,13.090407044382568,3.4054233563982024,7.683226281343434,13.307738285335317,19.710820459213178,6.570970326924162,14.693136329136443,0.1630282184516969,0.6086034375243657,1.0541320754532724
0.19800000000000106,-0.09831477509679765,2.464169437740364,5.51005037086489,1.0237957763407677,0.4247669830958439,0.735717996099752,6.147417301165855,2.810907436345648,6.285380106128532,-1.2998461032205995,2.474267158080431,4.2855564292943615,4.272634676245866,5.947528302987341,13.29907758358366,3.324587303393329,7.639768885599586,13.232467867942344,18.721046436591475,6.439806111162191,14.399844226477228,0.027287385007408866,0.5959919837300748,1.032288396724253
0.20000000000000107,-0.4424964581302214,2.31658673426877,5.180045413599211,0.9902016288579158,0.3941486856592639,0.6826855492983396,5.220962753593726,2.759424150961689,6.170259980304979,-1.4268575070791494,2.4201222325794123,4.191774667354565,3.928452993212442,6.057160698780037,13.544223073112292,3.2909931559104777,7.6268064905663815,13.210016341157056,17.79459188901935,6.318541687103561,14.12868873102977,-0.09972401885114102,0.597372557624416,1.0346796208528553
0.20200000000000107,-0.659507133845352,2.183367427636486,4.882157988054035,0.9736949466669174,0.3687919858890939,0.638766456984135,4.365959685463143,2.7106337354033934,6.061161294466166,-1.5171353604833007,2.319783475209327,4.017982841621252,3.711442317497312,6.174933817069932,13.80757177153062,3.2744864737194788,7.62089307127961,13.19977399850591,16.939588820888765,6.219455616740299,13.907125542074187,-0.1900018722552926,0.6359804470057133,1.1015504468342612
0.20400000000000107,-0.7597201978504623,2.059559518943071,4.605315088063472,0.9952472094747846,0.34748787413797916,0.6018666530210791,3.626306407086422,2.6879243924948315,6.010381659998269,-1.5616376263956582,2.184652215824262,3.7839286346755494,3.611229253492199,6.291232302316002,14.06762309022109,3.2960387365273456,7.623816351824403,13.204837268934268,16.199935542512044,6.146397123493013,13.743761784839545,-0.23450413816765012,0.7248203357245022,1.2554256478339687
0.20600000000000107,-0.7160849565987509,1.9375037696933277,4.332390135696378,1.025229258931459,0.3487039782622699,0.6039730071516448,3.021575689987384,2.689663492507548,6.014270405846374,-1.5375969754751713,2.0016697450481487,3.4669936983968346,3.65486449474391,6.399052680178715,14.30871678448183,3.3260207859840207,7.648257687157046,13.247170903535235,15.595204825413003,6.1062184083144375,13.653919446451651,-0.210463487247163,0.8773381186623267,1.5195941969400424
0.20800000000000107,-0.5448550948552833,1.826126736489019,4.0833435183192925,1.0602235135334792,0.3610633208664706,0.625380016490271,2.5305213494686725,2.7007559969995443,6.039073999931199,-1.4427029171472683,1.8085506522586363,3.1325016177737908,3.8260943564873786,6.497263300205547,14.528322406974226,3.361015040586041,7.675596591951972,13.294523275663336,15.104150484894294,6.111493775678086,13.665715526483051,-0.11556942891926014,1.054353729514756,1.8261942286692907
0.21000000000000107,-0.2642819832117803,1.7317532328568317,3.8723179489228983,1.0988882768956,0.389473784021344,0.6745883821410754,2.1755177042260607,2.7122818244365807,6.064846533577345,-1.3561717157722357,1.5855997026964812,2.746339245536412,4.106667468130882,6.60286557310306,14.76445626775155,3.3996798039481617,7.718703704686575,13.369186985087268,14.749146839651683,6.153586956478158,13.759838740141202,-0.029038227544227208,1.2514216639101554,2.1675259035847727
0.21200000000000108,0.1208299561099259,1.6580630307895399,3.7075416478247383,1.1497524323625017,0.43379928767329123,0.7513624065373278,1.9589048291763755,2.7341806046129933,6.113813694676129,-1.2832956745214719,1.3555163399952292,2.3478231713615454,4.491779407452588,6.718433894512297,15.022874890468149,3.450543959415062,7.771950865513092,13.461413772997584,14.532533964601999,6.230821954757986,13.932541446536977,0.043837813706536576,1.4676630700953661,2.5420670057976964
0.21400000000000108,0.5693383221781957,1.6413542785868813,3.670179742080394,1.214672195502703,0.49953320523832306,0.8652168915405072,1.859904604027307,2.780671283143005,6.217770012189324,-1.1921502895136766,1.1406707951292099,1.9756997718737814,4.9402877735208595,6.864276569858045,15.348989026561672,3.5154637225552645,7.841255686069128,13.581453243410083,14.43353373945293,6.34868984757974,14.196102067251077,0.1349831987143313,1.6775927817286596,2.905675932364844
0.21600000000000108,1.0695484463298432,1.6969736438036813,3.7945484235705464,1.2924720458022387,0.5793569306873615,1.0034756396676705,1.8560981350987116,2.8575647857297866,6.389709111001424,-1.0878674784689077,0.9458602334604954,1.6382779812125379,5.440497897672508,7.043272581686292,15.74923627671099,3.593263572854799,7.919872465165964,13.717621499133223,14.429727270524333,6.5014685339626315,14.537725595516346,0.23926600975910053,1.875802722880046,3.2489856210042825
0.21800000000000108,1.595476368219234,1.8154646308844107,4.0595023254041065,1.3985475767403557,0.6831570346835837,1.1832626936200605,1.9316380544602783,2.9576038249824195,6.613403203174081,-0.9512294919974611,0.7664829012011803,1.3275873280132404,5.966425819561897,7.239270516795723,16.18750098306527,3.699339103792917,8.019360739104831,13.889940244352672,14.505267189885902,6.686348444306738,14.951129642719833,0.37590399623054704,2.0635761173374245,3.574218680514134
0.22000000000000108,2.1160146976936804,1.9878924579521673,4.445062667940189,1.5143708362214487,0.7815885346888244,1.3537510526943537,2.072127781140861,3.0853308318919925,6.899009473186472,-0.7900361185220889,0.5831862551027885,1.0101082241138541,6.486964149036344,7.449739054345945,16.658122940152534,3.8151623632740095,8.110380439451632,14.047590989843023,14.64575691656648,6.887673501350024,15.401306155842644,0.537097369705919,2.254907507870164,3.9056143699996415
0.22200000000000109,2.5989106338212657,2.204716289542424,4.929895494517969,1.6228937916439425,0.8866325164390018,1.5356925661149987,2.2557298575214255,3.2519693570085244,7.271624543017343,-0.6223847004695165,0.4305917783264115,0.74580683738278,6.969860085163927,7.667383572159239,17.144790876913223,3.9236853186965046,8.208979019867064,14.218368740676716,14.829358992947046,7.108759769737992,15.895670080849902,0.7047487877584916,2.4177165608206277,4.187607921642017
0.2240000000000011,3.0381694607006606,2.4569326352188225,5.493868388486981,1.7211398914443465,1.0099135449490773,1.7492215711037968,2.4552562120126535,3.453696922581065,7.72270109257309,-0.47245470046999927,0.3156623922006584,0.546743301330274,7.409118912043324,7.89131785878879,17.64552316430982,4.021931418496907,8.325862773872661,14.420817341193795,15.028885347438276,7.349538261194843,16.434067155267275,0.8546787877580089,2.559024809372967,4.432360987663239
0.2260000000000011,3.402147474672975,2.7234008470690805,6.089709424026974,1.8132799262634078,1.127947658744362,1.9536626532235966,2.6723580392918476,3.68906494743236,8.248999995870445,-0.36937417507656267,0.2630362736406038,0.45559219017911595,7.773096926015637,8.11172368906904,18.13836558345374,4.11407145331597,8.439092684434844,14.616937299223975,15.245987174717467,7.599007691182248,16.991897759027236,0.9577593131514451,2.6266453145959923,4.549483138342996
0.2280000000000011,3.6782642958302247,2.9864914330639705,6.677997858551802,1.8706547996276504,1.2367114383588844,2.1420470455391736,2.8862154265174635,3.9446193058740473,8.820436913292406,-0.33462332788229715,0.25796209265307496,0.446803450901916,8.049213747172889,8.321194666617169,18.60675692856469,4.171446326680212,8.537510250636945,14.787401524243288,15.459844561943083,7.857427712679411,17.56974249384185,0.992510160345711,2.6363648068959735,4.566317792830338
0.2300000000000011,3.846150819049817,3.236061695360802,7.23605393020997,1.9230806885163483,1.3047080696511029,2.2598206656808237,3.0858246975751307,4.212804016755119,9.42011615734861,-0.3778786612160099,0.28682207042470953,0.4967903987076955,8.21710027039248,8.51462623953963,19.039283074614023,4.2238722155689095,8.597940636598036,14.892070023048895,15.659453833000748,8.122522885973533,18.162513321834595,0.9492548270119983,2.609717383788288,4.520163102117042
0.2320000000000011,3.8946866292959457,3.4613124075703485,7.739729834690757,1.96426374595688,1.3422142962071688,2.324783355676119,3.2967383191322073,4.479816402223828,10.01717400209102,-0.4810759763636179,0.3462901450675077,0.5997921254173204,8.26563608063861,8.681753020461665,19.412989917616407,4.265055273009441,8.633339633520752,14.953382884256014,15.870367454557831,8.385924842409578,18.75149800183203,0.8460575118643904,2.536118302622737,4.392685754147922
0.2340000000000011,3.843589641537964,3.660511067187474,8.185151578621491,1.964500463854007,1.3536839160847154,2.3446493200475316,3.508851025719242,4.7532194696008485,10.628521846002993,-0.6172127317418981,0.43416554641823796,0.7519967852922919,8.214539092880628,8.820825481805578,19.723965394979608,4.265291990906568,8.641719198170497,14.967896715974678,16.082480161144865,8.656494050120328,19.356509142891525,0.7099207564861102,2.42105661399053,4.193393063432269
0.2360000000000011,3.708497740672544,3.82718052141904,8.557835808056064,1.9305886215384618,1.3326129662097639,2.308153364300378,3.7135488074888796,5.00721628643763,11.196475994518599,-0.7461231752992687,0.554192082511553,0.9598888440624133,8.079447192015207,8.929207090190207,19.966314038838398,4.2313801485910245,8.61693854275887,14.924975361756886,16.287177942914496,8.918309182176863,19.941945575708022,0.5810103129287393,2.2815556894552325,3.951770374434302
0.2380000000000011,3.5025848025484065,3.952003610840411,8.836948721163784,1.8768811604608293,1.2588015719749945,2.1803082793082615,3.889703056723716,5.221329083445793,11.675246763481466,-0.8920161797348903,0.6727765815035011,1.1652832213065676,7.873534253891068,8.995740173390523,20.115086535626954,4.1776726875133905,8.54412341422461,14.798855859575887,16.463332192149338,9.153296723988811,20.467393693065112,0.43511730849311786,2.1515157607565505,3.72653461091555
0.2400000000000011,3.2268949284297834,4.040473670158826,9.034773787773199,1.795163165339635,1.1651264922963094,2.0180582819017157,4.062561135898869,5.409686497294228,12.096426744912627,-1.0438060947938206,0.7998008146276686,1.3852956468700992,7.597844379772445,9.021394270076998,20.172450839719264,4.095954692392197,8.456939601251506,14.647849065908888,16.63619027132449,9.372349096589186,20.957209688832165,0.28332739343418734,2.0191042212653074,3.4971910970083044
0.2420000000000011,2.8913382975580717,4.098406305702533,9.164315098964648,1.6867987013786647,1.0354712815004135,1.7934888693371713,4.225641675885376,5.5657607963013715,12.445419487033227,-1.2118217936182798,0.931206586829403,1.6128971207313254,7.262287748900734,9.017976755396697,20.16480904458001,3.987590228431227,8.338523728848259,14.442746758483871,16.799270811310993,9.567163177841056,21.392827217485515,0.11531169460972827,1.8870940951153676,3.268542851403032
0.2440000000000011,2.5164386202456823,4.114552415678184,9.200418898442392,1.5417603130440691,0.8950635012651187,1.5502954601916756,4.371927778080844,5.679189549510116,12.699053889811028,-1.3625492016911245,1.0762259366907903,1.8640780027718544,6.887388071588347,8.977737276583545,20.074830834574637,3.8425518400966303,8.210887864572216,14.2216749566898,16.94555691350647,9.726986863550854,21.750203843147183,-0.035415713463116706,1.742291209749711,3.017736896867143
0.2460000000000011,2.1214115140578422,4.092470078466503,9.151041291335,1.39388485285326,0.7136345715318354,1.2360513359307852,4.496863185666023,5.739439467316923,12.833776801665822,-1.5237089741460308,1.212731047220224,2.100511789701639,6.492360965400503,8.902199581566972,19.905923413653934,3.6946763799058204,8.041082794068224,13.92756394719407,17.07049232109165,9.845305811730524,22.0147730543032,-0.19657548591802287,1.6056095101795334,2.78099724874673
0.2480000000000011,1.701464044995791,4.027322916216964,9.005367808003824,1.2380728249092192,0.49536490345204237,0.8579971810653889,4.616046605759079,5.740746048938867,12.836698406990642,-1.6900420167272439,1.345869257444857,2.3311139342394895,6.072413496338451,8.787505634442834,19.649459951276594,3.538864351961781,7.834754348673563,13.570192596723818,17.1896757411847,9.916044192376965,22.1729488820469,-0.36290852849923577,1.4724022036869897,2.550275425962245
0.2500000000000011,1.2592596245035104,3.9161402431594268,8.756755793127034,1.0788439883602516,0.2978883751561783,0.5159578007546393,4.725649911281282,5.674218846359799,12.687939059670946,-1.8298183702421984,1.460916900906429,2.5303822980060016,5.630209075846173,8.624896382309975,19.28585460973712,3.3796355154128146,7.634346390704023,13.223075831279445,17.299279046706907,9.936630551203347,22.21898137979189,-0.5026848820141906,1.3575631069515228,2.351368275721099
0.2520000000000011,0.8181402690811508,3.764391342255625,8.417434935195255,0.9149159613033575,0.19471421935073605,0.3372549208715859,4.835764543616581,5.530993988388753,12.367678541179934,-1.9100638171261288,1.5508626234065892,2.6861728592997705,5.189089720423811,8.421595441197672,18.83125988552033,3.215707488355918,7.446250119766915,12.897283533302133,17.409393679042203,9.900145002911078,22.137397213614022,-0.5829303288981207,1.2678471710135364,2.195975716427912
0.2540000000000011,0.40403455304672864,3.5710384365867447,7.985084694472533,0.745547342097517,0.2534815416039112,0.43904290883885827,4.958145117934718,5.312515912917772,11.879146712833492,-1.970705961060199,1.666385441923634,2.8862642504048504,4.77498400438939,8.176586682099721,18.28340364509444,3.046338869150079,7.282682313182097,12.613975781814629,17.53177425336034,9.809884850046501,21.935569376149306,-0.6435724728321905,1.152156164671039,1.9955930154639332
0.2560000000000011,0.06637909037228233,3.3486686019309424,7.487850628036771,0.5934150227363116,0.3587071865858727,0.6212990722068207,5.095964153995741,5.056271655463464,11.3061671343217,-2.009673705792768,1.7693208871875092,3.0645536715016077,4.437328541714945,7.911312647477008,17.69023287101242,2.8942065497888727,7.1397746420989385,12.366452434707258,17.66959328942136,9.687785872800713,21.66254776304453,-0.6825402175647604,1.0492110970897637,1.817286928024553
0.2580000000000011,-0.19247829911526998,3.090952914096249,6.911580831170281,0.48296107197144794,0.4816062366132558,0.8341664710561975,5.211508297175831,4.7469355992070685,10.614470684640702,-2.0303238943047313,1.8487543496595118,3.202136464324232,4.178471152227393,7.627369526868004,17.055316751587267,2.78375259902401,7.013556158949056,12.147835609037385,17.785137432601452,9.518445304281988,21.283890740488197,-0.703190406076723,0.9706126339350337,1.6811503964437302
0.2600000000000011,-0.40199541168994324,2.788476608593665,6.23522325048351,0.3876342170148143,0.5880479333237263,1.0185288978025693,5.321882740555476,4.416482411569858,9.875554893702407,-2.0727943686893195,1.9461072995368136,3.370756719778425,3.9689540396527194,7.319729233589726,16.367412143199065,2.6884257440673758,6.921963169297685,11.98919189734408,17.895511875981093,9.320669267430336,20.841650077767397,-0.7456608804613113,0.8745887114429193,1.514832083945332
0.2620000000000011,-0.5645386319157921,2.4597731009122783,5.500219862865305,0.2995026738788486,0.6420979404013599,1.1121462562104882,5.458072601899099,4.081634314340178,9.126811786160383,-2.1354935161722466,2.055560978294131,3.560336052461421,3.806410819426868,7.003268165568263,15.65978368287089,2.6002942009314105,6.862694593988724,11.886535713616738,18.031701737324717,9.104856191822416,20.359077370274786,-0.8083600279442383,0.766893471372687,1.3282984564103621
0.2640000000000011,-0.6556704496133281,2.1421785072545054,4.790056762160101,0.23861243236212903,0.6673565954849008,1.155895530146039,5.608027223855231,3.748423004030915,8.381728645437095,-2.21026941193625,2.1594608594947893,3.7402959256013313,3.7152790017293342,6.696664574585988,14.97419721128898,2.5394039594146904,6.823356352667029,11.818399880967156,18.181656359280854,8.876392058513707,19.84821603777594,-0.8831359237082417,0.6659302170627559,1.1534249702480641
0.2660000000000011,-0.6611815954546361,1.869462588130253,4.180245428451937,0.2011844631892561,0.662905998377328,1.1481868698317037,5.77080473656326,3.4177757055261235,7.642378809403716,-2.3095904046177202,2.2694354621671926,3.930777524972134,3.709767855888026,6.415368447758301,14.34519994989487,2.5019759902418173,6.816593053146647,11.806685502571048,18.344433871988883,8.629432316115999,19.295997266068827,-0.9824569163897122,0.5572900172453664,0.9652546244199104
0.2680000000000011,-0.5809748506770844,1.6828702539909544,3.763012285236111,0.2019139424531474,0.6280928758825427,1.0878887729006166,5.939848064839742,3.1003586967858343,6.932612800645784,-2.436645126729042,2.392786728225364,4.144428184962833,3.789974600665578,6.175358251224984,13.808520835153288,2.502705469505709,6.83395209918592,11.836752252281997,18.513477200265363,8.372737905641397,18.722011114803387,-1.1095116385010337,0.4328721353877902,0.7497565316724863
0.27000000000000113,-0.41489275180766205,1.626912046978674,3.6378859304576467,0.2297439315860603,0.5680357935200018,0.9838668548943471,6.0859677853985685,2.787825833643463,6.233768073456804,-2.5609264440940787,2.5104085364767945,4.348155132932435,3.956056699535001,5.987886661500446,13.38932161667927,2.530535458638622,6.878636502102257,11.91414790843897,18.65959692082419,8.098772155809066,18.10940507467159,-1.2337929558660707,0.31292309351003444,0.5419986968210064
0.27200000000000113,-0.1454203301173856,1.7202582708819707,3.846614432548334,0.26673556742538346,0.46507152573018196,0.8055275117182515,6.202094418266686,2.4703859775054178,5.523950976364381,-2.6515936871633317,2.587784344503818,4.4821739637119355,4.225529121225277,5.869678590771783,13.125000335040877,2.5675270944779447,6.96528086394056,12.064220345332293,18.77572355369231,7.798756610920037,17.438549921993083,-1.3244601989353237,0.23144918384262242,0.4008817457857717
0.27400000000000113,0.2503926600354833,1.921425510306164,4.2964380547468055,0.3211653004038759,0.3327019258668662,0.5762566393774263,6.294595230508991,2.150099874808852,4.807769478486381,-2.7022233003814136,2.600579293477913,4.504335465415319,4.621342111378146,5.828807161372385,13.03360904056624,2.621956827456437,7.0709563263794815,12.247255615389841,18.868224365934616,7.476699873720147,16.718409165002342,-1.3750898121534056,0.21797033275467853,0.37753569087379785
0.27600000000000113,0.7808256076073501,2.177166366944312,4.868291994813733,0.4070540719719273,0.18226137294377204,0.31568595819587264,6.392713201766873,1.848439864668355,4.133237189718954,-2.744379326329135,2.593923988988768,4.492808139900279,5.1517750589500135,5.855936285750268,13.094271606845233,2.707845599024489,7.195802370242854,12.463495306485175,18.966342337192494,7.1525288030378995,15.993540614617949,-1.4172458381011268,0.22638058404075018,0.39210267340569543
0.27800000000000114,1.415473241939182,2.4559018117843894,5.491563397214789,0.5311381575785675,0.019801450079235033,0.03429711760077385,6.464798547209872,1.56825991355307,3.506735773092608,-2.7168294704851124,2.5107124590656977,4.348681542297983,5.786422693281844,5.94057701361234,13.283534028009885,2.8319296846311297,7.336229131736705,12.706721592134883,19.038427682635493,6.818721888297067,15.24712566189797,-1.3896959822571044,0.30982128995814207,0.5366262154740312
0.28000000000000114,2.1294277036824476,2.722744147560427,6.088240999284833,0.681862170885266,0.17062228214552344,0.2955264615793987,6.517417004296067,1.35412732211831,3.027920742446296,-2.65411015999514,2.3890890231187822,4.138023571846826,6.50037715502511,6.064080528088014,13.559696281837622,2.982653697937827,7.50124285509718,12.99253374494134,19.09104613972169,6.490355507131767,14.512876112086753,-1.3269766717671319,0.43050338022866647,0.7456537273861932
0.28200000000000114,2.8973179151263126,2.9589416605745718,6.616394694500852,0.8295965042186259,0.3729265789284439,0.6459277821969098,6.601189180876491,1.2825298061110397,2.86782382963391,-2.568240427903365,2.2700085845819284,3.9317702021134133,7.268267366468976,6.204131284804821,13.872859294156688,3.130388031271187,7.685035972424891,13.310872762234403,19.17481831630211,6.185273250542541,13.83069144762421,-1.2411069396753567,0.5493412704076311,0.9514869910404504
0.28400000000000114,3.7233671622323925,3.150169390979269,7.043992898868758,1.0008474964563734,0.5809007899756686,1.0061496823947556,6.6857656661731495,1.3994645793694025,3.129297931573134,-2.4257506219596405,2.108837100828072,3.6526130035204716,8.094316613575055,6.344582008399206,14.186916659602765,3.301639023508935,7.8748780948966735,13.639688963772244,19.25939480159877,5.92175280358736,13.241441814771298,-1.0986171337316322,0.7102790867769764,1.2302394658513465
0.28600000000000114,4.6005664277016365,3.294849909210772,7.367508372654298,1.1842869577559354,0.7812679353485648,1.3531957583481509,6.796041579014573,1.6614442117650268,3.7151021983301558,-2.248555935332677,1.9266605244988995,3.3370739173693953,8.971515879044299,6.470682893582785,14.468886810896144,3.4850784848084966,8.060522980608736,13.961235337990855,19.369670714440197,5.716194045482615,12.781798458278653,-0.921422447104669,0.8918811323821422,1.544783435597934
0.28800000000000114,5.494234853516476,3.402339776439907,7.60786302267107,1.3607384004260885,0.9739529688569346,1.686936026242759,6.925521726985342,1.9964088225925953,4.464105838197361,-2.0263930025314756,1.712922170732712,2.966868229120228,9.865184304859138,6.579894378720234,14.71309111558719,3.6615299274786506,8.246298803072907,14.283008501316694,19.499150862410964,5.559402638283069,12.431202213492616,-0.6992595143034673,1.105384246408638,1.9145816766659962
0.29000000000000115,6.378597879331522,3.4600935674479625,7.7370044253233985,1.5435036142207845,1.1602387282108373,2.0095924261702676,7.083479166107151,2.3547703618195044,5.265426600430187,-1.762973635265941,1.4873023139561241,2.5760831739867647,10.749547330674186,6.6637505448328085,14.90059920334742,3.844295141273346,8.42243781309716,14.588090215873585,19.657108301532777,5.471631951547039,12.234940991519014,-0.43584014703793345,1.3323502636296847,2.3076983500844017
0.29200000000000115,7.233048279863762,3.4735144122368653,7.767014346586858,1.7229325612155157,1.3290166701200883,2.301924396753999,7.297590946945943,2.710076205409668,6.059914619500701,-1.4765899650508019,1.2299661670742976,2.130363892963434,11.603997731206423,6.718875627509551,15.023862635477911,4.023724088268078,8.586986146053375,14.873096288854509,19.871220082371565,5.446222091294966,12.17812281669661,-0.14945647682279425,1.594285169846167,2.7613829159271384
0.29400000000000115,8.007886737614681,3.4366082706430343,7.68448970519582,1.8550337441826723,1.4822733012969977,2.5673726685492504,7.5849026365001695,3.0592374037176193,6.840662794022565,-1.1775527767608673,0.954268493644881,1.652841515055152,12.378836188957345,6.741217790321546,15.073821230289902,4.1558252712352335,8.734739678663507,15.129012914333043,20.15853177192579,5.483800620920655,12.26215096343414,0.14958071146714103,1.8776001251776244,3.2520988131053294
0.29600000000000115,8.682250819051342,3.362895263445222,7.519662410275581,1.9813913474208242,1.6212530380269559,2.8080926337880845,7.933816393119814,3.3725811252913807,7.541320655784263,-0.8710986922632604,0.6975009718767574,1.2081071216192143,13.053200270394,6.733436716118505,15.056422219433932,4.282182874473385,8.866330132402737,15.35693426600043,20.50744552854544,5.568989099317133,12.452638192028438,0.4560347959647477,2.1499390974229526,3.7238037499153283
0.29800000000000115,9.243452782590472,3.2529361427567687,7.273786341670095,2.1254048484188828,1.7343070377040026,3.0039079052276048,8.343353436765748,3.6390065387953046,8.137065991312527,-0.5861543281027386,0.48564953204633005,0.8411696641762932,13.614402233933134,6.706090543375967,14.995274318257165,4.426196375471444,8.979925054531927,15.553686442610019,20.91698257219137,5.690062311366981,12.723366124426144,0.7409791601252693,2.394226830515648,4.146922515297701
0.30000000000000115,9.663305623441692,3.1108157090832367,6.955995390984327,2.2707006421646647,1.8414851106033825,3.189545772946652,8.796563507557195,3.8780061925008225,8.671485463596975,-0.31427943588743407,0.31955811844282184,0.5534908971140805,14.034255074784355,6.6764954487394865,14.929097674849455,4.571492169217226,9.0898015874593,15.743998180199743,21.37019264298282,5.849235929976255,13.079289155861106,1.0128540523405742,2.6348738531787044,4.563735385240294
0.30200000000000116,9.922605692635864,2.933097693945939,6.558605828310993,2.397329189070921,1.9532968086305251,3.3832093148102116,9.307936259120211,4.084346240511656,9.132875837429768,-0.07723284639985115,0.27941298632079425,0.48395748860216337,14.293555143978528,6.646148060227169,14.861238851196317,4.698120716123483,9.203433028031192,15.940813608607503,21.881565394545834,6.046593696537687,13.520594537780003,1.2499006418281569,2.8428203925366553,4.923909356666386
0.30400000000000116,10.014022623440473,2.718646855241334,6.079079175135653,2.496380939348155,2.051644249959835,3.553552079986976,9.843820466704777,4.258130730865397,9.521469771295891,0.12853560381068999,0.35862362749678367,0.6211543436190844,14.384972074783136,6.598437500142822,14.754554795603129,4.797172466400717,9.301051761923452,16.109894215479443,22.417449602130397,6.264068327751228,14.00688259655518,1.455669092038698,3.0357934861297906,5.258148559263441
0.30600000000000116,9.959652268682973,2.463619914531436,5.508821599614513,2.6109614310314977,2.142224982760363,3.7104425113843105,10.38072037102895,4.411673910328778,9.86480275805746,0.2964909198450481,0.503185368988636,0.8715426247136104,14.330601720025635,6.5195513118904715,14.578159916185028,4.911752958084061,9.39096398936348,16.26562676162726,22.95434950645457,6.502649229074775,14.5403657100478,1.6236244080730557,3.2231445262312253,5.58265007957
0.30800000000000116,9.748717515389272,2.178224614936968,4.870658309262365,2.715172469399214,2.2415766675761484,3.88252467730282,10.910367958253952,4.547268898273694,10.168002368510557,0.4059192540653922,0.6375838198689563,1.1043275700968753,14.119666966731936,6.426035660444979,14.369052562592731,5.015963996451776,9.483636559100233,16.426140360879288,23.483997093679573,6.755804919290981,15.106439042262114,1.7330527422934006,3.3692761592505924,5.8357574925525535
0.31000000000000116,9.391248710731393,1.8740793172735417,4.190568748650035,2.80130031992028,2.3462725101920325,4.063863196054767,11.369235702365085,4.6687249465781075,10.439586348797723,0.4836831522689438,0.7461051911311871,1.292292098830104,13.762198162074053,6.327813160341697,14.149420375441812,5.102091846972841,9.58149972383772,16.595644334394095,23.94286483779071,7.007591622606034,15.669451226705144,1.8108166404969517,3.486164634164798,6.0382142699231975
0.31200000000000117,8.93122731126346,1.572075181171646,3.515266970840098,2.8926367878732173,2.4343979192521163,4.216500881984622,11.718962506755346,4.772655167932365,10.671981388662443,0.5160929473451953,0.7947334974192194,1.3765187960069971,13.302176762606123,6.232943085209357,13.937284438415386,5.193428314925778,9.666893925812268,16.743551430885812,24.292591642180966,7.247129539618402,16.205074292333503,1.8432264355732035,3.5398104739184495,6.13113158999122
0.31400000000000117,8.38526775490932,1.3151328352936034,2.9407264191585316,2.9410847215613685,2.507520821567298,4.343153463991413,11.939071867100807,4.855556404439467,10.85735418891111,0.494454188196704,0.8231832243417276,1.4257951684982415,12.756217206251982,6.143601826626162,13.737511311027975,5.24187624861393,9.738057983843861,16.86681119506931,24.512701002526434,7.466546012040824,16.695704440053245,1.8215876764247125,3.5713409569997654,6.1857439886752505
0.31600000000000117,7.800492595228825,1.1350686987479839,2.5380907695327224,2.957315392663619,2.5502093229463556,4.417092117278915,12.025659759847954,4.91956733463234,11.00048698012537,0.4270487348810441,0.79066428710727,1.3694707170000175,12.171442046571489,6.078027328949839,13.590882276633318,5.258106919716181,9.780073973348587,16.939585023621778,24.59928889527357,7.665559990386915,17.140713224107778,1.7541822231090525,3.5398767452393374,6.131246375286083
0.31800000000000117,7.237088543465681,1.0813133542036897,2.417890164977758,3.0059505184120483,2.6058833635877225,4.513522384332417,11.99025046829728,4.955722362471382,11.081332080101864,0.33706677923660644,0.7170311724892628,1.2419344213620866,11.608037994808345,6.045794167344492,13.518806736154025,5.306742045464611,9.832334343532768,17.030102640003136,24.5638796037229,7.839543515553454,17.529752213345205,1.6642002674646141,3.460534152766573,5.993820973919023
0.3200000000000012,6.710525687844023,1.1674355724440963,2.6104652993363797,2.992127452987168,2.6070888416056563,4.515610333506886,11.861104080273051,4.9652514861014305,11.102639848304651,0.1998428468789565,0.6174204693666838,1.0694036225761199,11.081475139186686,6.050287558207392,13.528854263572946,5.29291898003973,9.831608838731135,17.028846028825573,24.434733215698675,7.996551269695279,17.880832224600898,1.5269763351069647,3.3479007494601323,5.798734196762871
0.3220000000000012,6.2310803751367825,1.3496886484125725,3.017995566310326,2.9121766210953326,2.5706278737292205,4.452458084651762,11.647851305822025,4.958984599199884,11.088626663185492,0.03650515537310987,0.4955192658316752,0.8582645445496901,10.602029826479447,6.08318377335577,13.602412436847176,5.212968148147895,9.794840718002902,16.965161775625447,24.221480441247643,8.132746333473447,18.185373645408802,1.363638643601118,3.201474593345627,5.545116654815536
0.3240000000000012,5.81976523461802,1.5686515892021695,3.5076115864691264,2.7980158961007997,2.5010394252587234,4.331927356280972,11.345732562907955,4.930369342928615,11.024641004969356,-0.12960001184820374,0.37206752880060434,0.6444398637292432,10.19071468596068,6.129009057881625,13.704880888135257,5.098807423153361,9.724201007776236,16.84281020848092,23.919361698333574,8.23717440570943,18.418881913687716,1.1975334763798047,3.036323970329548,5.2590673848500336
0.3260000000000012,5.492306402948533,1.787049121310847,3.995963314382322,2.6375970189659204,2.3906252954385776,4.140684473558974,10.953384025848868,4.867847627675978,10.884838199594574,-0.31462948002298013,0.2871626939520449,0.49738037596329376,9.863255854291198,6.181727006587476,13.822761805075887,4.938388546018481,9.615306068319203,16.6541986406542,23.52701316127449,8.305477640232516,18.57161258916445,1.0125040082050278,2.8459678076616237,4.9293608395753425
0.3280000000000012,5.230092611731205,1.974333264514618,4.41474338969376,2.46417136848909,2.2484907234727305,3.894500173402072,10.482101065502908,4.776767447410075,10.68117672511708,-0.48377320302126386,0.31682902874650687,0.5487639751016502,9.601042063073868,6.242515254609097,13.95868845988535,4.76496289554165,9.479673883395302,16.419276805224428,23.055730200928526,8.333166261845804,18.63352622929503,0.8433602852067438,2.6563315915543604,4.600901278322451
0.3300000000000012,5.014645723641087,2.1214137359053504,4.74362532188615,2.2378097654728504,2.073396860244499,3.5912287061972585,9.975486919794662,4.661631307078326,10.423724488668334,-0.6530315361328259,0.4286943875303035,0.7425204601221074,9.38559517498375,6.324914427306803,14.142938611327164,4.538601292525412,9.308274505295612,16.122404373970056,22.54911605522029,8.324893489496311,18.615027747959186,0.6741019520951822,2.4706098581114846,4.279221799929626
0.3320000000000012,4.83695691858477,2.2251468643704038,4.975579648652728,1.986411946444174,1.849632246629036,3.2036570264792585,9.435778091318676,4.530348647089185,10.130167536665622,-0.811403758354861,0.5713524611805577,0.9896114917942506,9.207906369927432,6.415177291111175,14.344772510637545,4.287203473496735,9.094385497526014,15.751937745332619,22.009407226744298,8.284745667996196,18.525254489936398,0.515729729873147,2.291713010128863,3.9693633699098
0.3340000000000012,4.6896341771341925,2.2976313748717256,5.137659941449481,1.7452319566461136,1.6178904980521978,2.802268543709322,8.883856204293235,4.38616924821561,9.807772599829251,-0.9584354401024422,0.7338264360105154,1.2710246711074042,9.060583628476856,6.516559791707432,14.57147067369969,4.046023483698676,8.872802832938978,15.368145312191379,21.457485339718858,8.222031191734159,18.38502065784119,0.36869804812556567,2.1122277811462693,3.6584858341038133
0.3360000000000012,4.572670518451568,2.3659657367696316,5.29046021985227,1.5079849823725613,1.4130843730202103,2.4475339294526157,8.34231394720805,4.256505290749765,9.517835176703983,-1.093875454296141,0.8615692478909397,1.4922817115860123,8.94361996979423,6.6388314547713705,14.844878424032606,3.808776509425122,8.671067500643613,15.018729466974015,20.915943082633667,8.16158662125491,18.24986248937881,0.23325803393186698,1.9747111388252905,3.4203000227176017
0.3380000000000012,4.49897593495189,2.4448925481870782,5.4669459354289875,1.2962899823725984,1.2355526789431932,2.1400400153574473,7.836343269497351,4.144145443872897,9.266590921145836,-1.221680898740484,0.9902372676058878,1.7151412590415764,8.869925386294554,6.788046407604695,15.178533201827346,3.597081509425159,8.495284838346855,14.714264964786308,20.409972404922975,8.10386498782849,18.120792993265013,0.10545258948752408,1.8391531656790743,3.1855067258572975
0.3400000000000012,4.4324335752711095,2.530891180652355,5.659244723593366,1.1121820837255347,1.0963995622248637,1.8990197471697385,7.3632717203297915,4.043308148410097,9.041111873823786,-1.3371099144866847,1.0998401962919544,1.904979100184192,8.80338302661377,6.944867204104944,15.529195163087563,3.412973610778096,8.35512349044997,14.471498388971566,19.936900855755415,8.047195068470474,17.994075201301055,-0.009976426258676785,1.7248887877594101,2.9875950178051878
0.3420000000000012,4.342437935217706,2.6312215206191634,5.883590183964814,0.9084890502372595,0.9613164695972434,1.6650489674951674,6.922792421594167,3.943783413173254,8.818567800391536,-1.4384108164603335,1.1816741886325683,2.0467197327043376,8.713387386560369,7.109406593231426,15.897116422150665,3.2092805772898205,8.223273665702568,14.243127793540014,19.496421557019794,7.987638699799219,17.86090311245909,-0.11127732823232517,1.6395739496233441,2.8398253835140066
0.3440000000000012,4.22910631751948,2.7488223048249654,6.146553531656271,0.7898867299889373,0.8657120421205483,1.4994572416769976,6.509842388593853,3.846571093729194,8.601194445864193,-1.5047536210733685,1.2332845841676867,2.1361115599698888,8.600055768862143,7.278857777497929,16.27602078903841,3.0906782570414983,8.131748660510505,14.084601834384355,19.083471524019476,7.924187495206761,17.719021905736106,-0.17762013284536016,1.5857933912625102,2.7466747239736193
0.3460000000000012,4.0925148296949,2.8827545042253124,6.446035033891504,0.7334329145087658,0.8140383103249338,1.4099557127903057,6.11751936344432,3.7486009184380693,8.382126474145668,-1.5542896459124187,1.2665964674557648,2.1938094343206447,8.463464281037563,7.450601453966738,16.660051324328396,3.0342244415613275,8.078371342543548,13.992149607693827,18.691148498869943,7.851007366412468,17.55538616314988,-0.22715615768441078,1.551684830983532,2.6875969645974034
0.3480000000000012,3.9365735703469276,3.0288070351401615,6.772618421302996,0.704322136952876,0.796460849340684,1.3795106572975255,5.730052181541498,3.638412462517866,8.135737596372355,-1.5715841797334138,1.2660824747636121,2.192919172863117,8.307523021689594,7.6219123287142905,17.043114085548876,3.0051136640054374,8.063545895167602,13.966471179593748,18.303681316967122,7.763039151047153,17.35868325373369,-0.24445069150540574,1.5523306765858353,2.6887156019944376
0.3500000000000012,3.7670739354831104,3.1762522929127956,7.1023160406425845,0.7291094709516518,0.8161217129210606,1.4135642719394184,5.362453196311771,3.519461016762608,7.869754077641718,-1.5614927907336025,1.2361038704464382,2.140994707045768,8.138023386825774,7.786160935954583,17.410385136547834,3.0299009980042135,8.083863075181556,14.001661567644442,17.93608233173739,7.654361570856363,17.1156727967969,-0.23435930250559447,1.582892763219012,2.7416506888284213
0.3520000000000012,3.5992965521162104,3.3149645889847443,7.412486163974539,0.7654423866758068,0.8805292031710624,1.5251213174404186,5.016160356790893,3.3896210908143183,7.579423177027804,-1.538323549660075,1.2029056634956083,2.0834937258867443,7.970246003458874,7.944419528339144,17.764262107143143,3.0662339137283685,8.138533712820385,14.09635388971708,17.589789492216514,7.535295886780838,16.849433833416512,-0.21119006143206662,1.6173610939697736,2.801351588940829
0.3540000000000012,3.419323397225765,3.442520020053523,7.697708778743617,0.8374273440943494,0.9758352608752947,1.69019625165324,4.67242560615868,3.244355913431119,7.254600365635405,-1.4901267723258191,1.1470496747144538,1.9867483154107877,7.790272848568428,8.092647919955732,18.095710866993297,3.13821887114691,8.224292304939771,14.244892128453433,17.246054741584302,7.411100887553303,16.571725372678213,-0.16299328409781064,1.6733845440426978,2.898387050882432
0.3560000000000012,3.277228942002496,3.5285507303737984,7.890079295172345,0.9512519422315161,1.0995195923583974,1.9044237978821648,4.320621864707988,3.0775027975597244,6.881505456289318,-1.411872481574049,1.063552503618199,1.8421269727838028,7.64817839334516,8.20976729865798,18.357597759254062,3.2520434692840774,8.336921600553804,14.439971790877633,16.89425100013361,7.28002175684564,16.278623525984298,-0.08473899334604133,1.7558984002488551,3.041305242159929
0.3580000000000012,3.1370618767997405,3.554027727453854,7.947047592505914,1.0844940699759105,1.2382726775780597,2.1447511911895543,3.955450069498133,2.8980539431624726,6.4802456193726,-1.3225786082096516,0.9620716581310941,1.6663569924050903,7.508011328142405,8.284220890795444,18.524081052442476,3.385285597028472,8.470984142014288,14.672174924078998,16.529079204923754,7.144091448805669,15.974674117004435,0.004554880018356429,1.8568908101146364,3.2162292272262825
0.3600000000000012,2.968128444730644,3.534206282038392,7.902725493144639,1.1911049271504315,1.3730539118206881,2.378199136804629,3.6017922628444894,2.688368675264848,6.011375106473258,-1.2200579774711573,0.8508497135029767,1.4737149333925785,7.339077896073308,8.309431544187603,18.58045378718453,3.4918964542029935,8.599315096472615,14.894450657384631,16.17542139827011,7.004730324545826,15.663053169738632,0.10707551075685091,1.9674606767507001,3.40774185402606
0.3620000000000012,2.7519881923021017,3.452431930686533,7.71987248470593,1.2973784665161199,1.4830988802975418,2.5688026133238546,3.238703791387062,2.460850845729854,5.502629773539802,-1.096983681396659,0.7211565362911669,1.24907976106669,7.122937643644764,8.273476566336914,18.500056012580888,3.598169993568682,8.702858789523257,15.073793594551658,15.812332926812681,6.866159549117309,15.353199496185608,0.23014980683134922,2.097142112826652,3.6323566901081037
0.3640000000000012,2.4870712861140203,3.2994348202400396,7.377760545386528,1.3807772924197736,1.5567621523598925,2.6963911431876153,2.889338530840805,2.209848127104235,4.941370632155666,-0.9547800384603274,0.5662628285485483,0.9807959894837496,6.858020737456684,8.167082750418116,18.262152207800856,3.6815688194723353,8.767854119469542,15.186368808273325,15.462967666266428,6.732962898771331,15.055362731636732,0.372353449767681,2.2528436719515974,3.902039701330199
0.3660000000000012,2.2182919144577418,3.0975601332791776,6.9263550224055495,1.4424415836151383,1.5848560281029855,2.7450511633561794,2.528487775152037,1.9468625092136758,4.35331691344759,-0.8093136073226236,0.4042092855210676,0.700111019413604,6.589241365800406,8.020396561414703,17.934151917828842,3.743233110667699,8.787871399431534,15.221039754196829,15.10211691057766,6.604855118288143,14.768905026029703,0.5178198809053844,2.4199767365524067,4.191522660843492
0.3680000000000012,1.9751065247038284,2.860693092543035,6.396704217690323,1.444268644825887,1.5817615221339822,2.7396913217935404,2.1904741408204056,1.676595885156623,3.74898237000664,-0.6549783890923747,0.24574962524709343,0.4256508368689771,6.34605597604649,7.845366122654756,17.542771958629988,3.745060171878448,8.774781002984422,15.19836652245921,14.764103276246027,6.4923801415156035,14.517403332198594,0.6721550991356331,2.5920578079025316,4.489575819442793
0.3700000000000012,1.760700897025736,2.5913798191574746,5.794501431157226,1.4041167661387917,1.5489092065063454,2.6827894419801845,1.8615263758168326,1.4279711972351519,3.1930406669295595,-0.47961496150317356,0.13162434571747475,0.22798005429567722,6.131650348368398,7.654934865633696,17.116954722890164,3.704908293191353,8.734475206363582,15.128554834872377,14.435155511242456,6.408821623391772,14.330560805574558,0.8475185267248347,2.7729242011983035,4.802845602012805
0.3720000000000012,1.566688883718991,2.315622749613385,5.177889878380504,1.329240061326123,1.485831386238957,2.57353545244637,1.5790327488040101,1.2280054689017457,2.7459037052058073,-0.3066191693098974,0.21447103691162298,0.37147473268291104,5.937638335061652,7.468768797219804,16.700674738812825,3.6300315883786847,8.659183056106343,14.99814500521573,14.152661884229634,6.367658026566069,14.238516204873893,1.0205143189181107,2.963653966978626,5.133199246860036
0.3740000000000012,1.3904685205788594,2.0501589337677624,4.584294740583206,1.2150527656951737,1.4127233832213126,2.446908676779911,1.3490952903875035,1.113056945453731,2.488870992862818,-0.13294092956715928,0.3844809282746169,0.6659405023128817,5.761417971921523,7.298167706824167,16.319199103652593,3.5158442927477362,8.570964043603086,14.845345193366533,13.922724425813124,6.380997852499658,14.268344962469413,1.1941925586608493,3.152969206534755,5.4611028604183245
0.3760000000000012,1.2400057345511881,1.7995076572351072,4.023821447609091,1.103905484258146,1.3265349522524874,2.297625935317263,1.1711838541930935,1.1019293749133372,2.4639889887100734,0.04132978189872161,0.5650509798424552,0.97869700595371,5.610955185893851,7.132758575357252,15.949333041593373,3.404697011310707,8.471846709586254,14.673668934938608,13.744812989618714,6.435017335383644,14.38913619830739,1.3684632701267294,3.337322991904396,5.78041298324619
0.3780000000000012,1.1417253696810963,1.5848985264337467,3.5439408425451053,1.0002276652295232,1.233827951806206,2.137052700326993,1.0356924253175683,1.1916386245073227,2.664584969012721,0.20803522833917865,0.723961517345217,1.2539381307665727,5.51267482102376,6.97601699979419,15.598848223733945,3.301019192282085,8.372074099882528,14.500857705728015,13.609321560743192,6.523358980046934,14.58667412101864,1.5351687165671868,3.4997356267470536,6.061719918584805
0.3800000000000012,1.0680369742057008,1.457891844310695,3.259945267721254,0.880620721782908,1.1317281870742757,1.9602107203704606,0.9698422954440666,1.3641603719508002,3.050355323893387,0.34939103139948474,0.8662493475530737,1.5003878819853143,5.438986425548362,6.846072622938819,15.308283763791486,3.1814122488354695,8.267132965745262,14.319094329598366,13.543471430869687,6.6489661962938,14.867540395011147,1.6765245196274927,3.6480111134448743,6.318540595062434
0.3820000000000012,1.0801430927688043,1.4582776853745874,3.2608080345686283,0.7201585729696087,1.0008229003038105,1.7334761127046407,0.9943074515319914,1.5977965958656213,3.5727818025732887,0.4644984033223311,0.9823061441682726,1.7014041502865265,5.451092544111468,6.75978372349227,15.115335918925359,3.0209501000221706,8.124175316407475,14.071484417614707,13.567936586957615,6.815454530194196,15.239819627073116,1.7916318915503398,3.7656385720435543,6.522277329720552
0.38400000000000123,1.179602922975322,1.5918251547347282,3.559429254280974,0.5876036366199977,0.8487081966444453,1.470005717388337,1.0872242745530165,1.846741393544052,4.1294392928271915,0.5711125703216524,1.0885443135198372,1.885414057306543,5.550552374317987,6.736213738097148,15.062631829353188,2.888395163672559,7.958603786838906,13.784706116115052,13.660853409978637,6.994517257957218,15.640216058587773,1.8982460585496603,3.8707057703319614,6.704259055364987
0.38600000000000123,1.3714938885110812,1.807807593447964,4.042380669189951,0.4498804767175977,0.6944197256530981,1.2027702466092067,1.2565440089511255,2.1010957460526205,4.698192915409295,0.6640670897270835,1.1743138091338712,2.0339711814496058,5.742443339853745,6.775702924546474,15.150932334630046,2.7506720037701586,7.799565105526065,13.509243039712455,13.830173144376747,7.180878786935693,16.05693310577444,1.9912005779550919,3.955049866559209,6.850347315349058
0.38800000000000123,1.661555570747005,2.0745664008379925,4.638871496110828,0.3041892205633035,0.5490556347033096,0.9509922554881098,1.463098530973933,2.3438048671920964,5.240907009036395,0.7105136053623431,1.2194868610243883,2.112213202456927,6.032505022089668,6.8896085279866,15.4056330069403,2.604980747615865,7.653345302634913,13.255982912032275,14.036727666399553,7.362867864740648,16.463873054908817,2.0376470935903512,3.998598590374568,6.925775917602045
0.39000000000000123,1.989769111132842,2.3380785731644385,5.2281026263314,0.1769589395696097,0.44402411226639316,0.76907232223106,1.713569389390495,2.569998449377415,5.746691234876952,0.7397095541315557,1.2332793396244999,2.1361024761546266,6.360718562475504,7.041123928251077,15.74443174156976,2.4777504666221706,7.544690637179095,13.067787510983399,14.287198524816116,7.54016742873038,16.86032693237093,2.066843042359564,4.012812545693383,6.950395210390746
0.39200000000000124,2.3193991297629077,2.562601896744312,5.730152040390179,0.07116969295173475,0.36922286644854674,0.639512764005101,1.9566243674351238,2.7618074977481526,6.1755893057334665,0.7648677113724783,1.2405846834749776,2.1487557028704147,6.690348581105572,7.204502953283448,16.109758347639783,2.371961220004296,7.463912010041062,12.927874824614662,14.530253502860745,7.6933403337853505,17.202831960384966,2.0920011996004866,4.019444849803947,6.961882698081491
0.39400000000000124,2.6533633988249434,2.746345442077892,6.141015098182878,-0.03365733676653537,0.3148276087395238,0.5452974139622707,2.1818324411544694,2.9141684636374396,6.516278782579439,0.7645416315318986,1.213374452165346,2.1016261997564314,7.024312850167606,7.371154022298196,16.482401466479768,2.267134190286026,7.383685315093113,12.788918112841486,14.755461576580092,7.816982821965377,17.47930496886272,2.091675119759907,3.989742572608527,6.910436844878529
0.39600000000000124,2.9701918081396825,2.8865754443930673,6.4545789158445634,-0.11680100343317705,0.26462434087260644,0.4583428033107798,2.373352776217596,3.020993830617429,6.755147564868057,0.7159879165175544,1.1572612593841576,2.004435298884506,7.341141259482344,7.5265397648137204,16.82985454947876,2.183990523619384,7.305328208611578,12.653199623281383,14.946981911643212,7.903693226797632,17.673195328424168,2.043121404745562,3.929436531190325,6.80598371713885
0.39800000000000124,3.266756301420062,2.9838379406275877,6.672064469086267,-0.17451431725007818,0.2380091570283736,0.4122439526397822,2.52428600575897,3.077289420430164,6.881028330522777,0.6476225033438473,1.0931922935994682,1.8934645949570321,7.637705752762725,7.668933249068231,17.14825605982489,2.126277209802483,7.220623466235214,12.506486705843487,15.097915141184595,7.947869928802905,17.77197743712971,1.974755991571855,3.8591793420002696,6.684294695864695
0.40000000000000124,3.574606897162255,3.060990145947119,6.844582044794762,-0.2465285017699991,0.25643090865299567,0.4441513624180421,2.646710039558451,3.1006407213302913,6.933243426698514,0.5442006257656075,1.0112389475663157,1.7515172357773385,7.945556348504918,7.814828833215257,17.47448850359468,2.054263025282562,7.134148135807952,12.356707039942163,15.220339174984073,7.966686095970733,17.814051665992974,1.8713341139936157,3.767473833859565,6.525456096431073
0.40200000000000125,3.8562668495243537,3.1001801280870676,6.932213508896688,-0.3255445363675364,0.31579075967673464,0.5469656403208775,2.7419989867309598,3.08229297784189,6.892216625024719,0.39874784599179075,0.9055788207103233,1.5685085277285868,8.227216300867017,7.946390337096772,17.768668969495852,1.9752469906850247,7.038404113954949,12.190873529571778,15.315628122156582,7.952605555296325,17.782566619885046,1.7258813342197987,3.6473914162118537,6.317467247969532
0.40400000000000125,4.103900046596985,3.110770975413696,6.955895363458351,-0.4025842254336855,0.39491152717161887,0.684006829555861,2.798891870164285,3.026117173684208,6.766603708237427,0.23541201631791922,0.7837690450711009,1.357527807462888,8.47484949793965,8.06282143322581,18.029016815135193,1.8982073016188756,6.948781585063888,12.03564275602965,15.372521005589908,7.908661838756627,17.6843054825183,1.5625455045459276,3.506146631769744,6.072824105011684
0.40600000000000125,4.298828930562617,3.0972424430714987,6.925644645505394,-0.4545467027014824,0.45151429424847916,0.78204569798197,2.816978934968355,2.933264179028222,6.558978100272218,0.065532332795969,0.6657276230814235,1.1530740671790887,8.669778381905278,8.155227517669655,18.235643101486215,1.8462448243510785,6.890394057588538,11.93451259191402,15.390608070393975,7.835766888859964,17.52130741933292,1.3926658210239768,3.3706664097059105,5.83816547697641
0.40800000000000125,4.444035427169378,3.077716874699241,6.881984147325706,-0.5280275676382481,0.5019600552627865,0.8694203190852275,2.821811177816186,2.832044923903629,6.332644965181734,-0.11080974793137714,0.5316900049765728,0.9209141024959733,8.814984878512039,8.230174746285174,18.403230199395736,1.7727639594143134,6.840034163156772,11.847286696094395,15.395440313241807,7.760934807463254,17.35397779843208,1.216323740296631,3.2169619916617114,5.57194161557605
0.41000000000000125,4.521762317256009,3.0455976005145216,6.810163266860719,-0.6001145636462761,0.5639155903267241,0.9767304536260827,2.794407891988162,2.7331556752930126,6.111521883044519,-0.2967807195435275,0.4157668529547384,0.7201293134206252,8.89271176859867,8.277347478238113,18.508711634726883,1.700676963406286,6.778291469925751,11.74034521442213,15.368037027413783,7.689811093081445,17.194940338262075,1.0303527686844802,3.060965678786468,5.301748075882718
0.41200000000000125,4.544390236484289,2.9993115191016715,6.7066644424094966,-0.6496483764650685,0.615143192617994,1.065459263544494,2.751792230378272,2.6563128483348097,5.939696098382724,-0.44941952881372904,0.34289479456162797,0.5939112058316319,8.915339687826952,8.290794810032002,18.538780782734012,1.651143150587492,6.727555581041314,11.652468077107116,15.325421365803894,7.632318590830738,17.066383195032934,0.877713959414279,2.936597108076729,5.086335392548728
0.41400000000000126,4.532258517122975,2.938273618329048,6.570179547078024,-0.6991170917012438,0.6678681901659279,1.15678163812646,2.6932591163398234,2.6150465592562337,5.8474218708238705,-0.5836794999826198,0.3030886147094454,0.5249648798724272,8.903207968465637,8.272336171544294,18.497506012303404,1.6016744353513175,6.677044447660763,11.564980227744112,15.266888251765446,7.5950781258610185,16.98311098384694,0.7434539882453887,2.8286591957257152,4.899381444293856
0.41600000000000126,4.460394446863372,2.8563062126881835,6.3868948561257515,-0.7353372187803049,0.7147768126575325,1.238029755594987,2.6401585650423973,2.6243273141664925,5.868174269685724,-0.7219507151076282,0.29447708691522745,0.5100492762020501,8.831343898206036,8.220336389339636,18.381230964478604,1.5654543082722558,6.634018862906604,11.490457728924548,15.213787700468018,7.590121431428474,16.97202747815208,0.6051827731203799,2.7209985655250053,4.712907762811342
0.41800000000000126,4.348617353849265,2.7419988389827306,6.131295798190886,-0.7427336707652876,0.742691831991397,1.286379987375508,2.599166591123681,2.6697474098697365,5.969736691222724,-0.8355305214946105,0.3047384887288111,0.5278225455000565,8.719566805191928,8.126887071205894,18.172271936680556,1.5580578562872731,6.608588094713298,11.446410346338235,15.172795726549301,7.605822404400483,17.007135921030375,0.49160296673339765,2.6529882711427586,4.5951104775035745
0.42000000000000126,4.2023942911744925,2.5872535222288797,5.785274750729538,-0.7503777781061918,0.7508030575860775,1.3004290422171476,2.5802692262534537,2.7388276816267845,6.124204874775642,-0.9175357772053899,0.3313637026871969,0.5739387688383727,8.573343742517157,7.98443352166798,17.853736116277645,1.5504137489463699,6.601472414116352,11.434085626013893,15.153898361679074,7.635718807548496,17.073986310752073,0.4095977110226183,2.5858648889793003,4.478849369220602
0.42200000000000126,4.040899076802871,2.401543422903968,5.370014344530798,-0.765995676753202,0.7481043173084134,1.2957546869398011,2.600014556126754,2.8394410282638587,6.3491831572998905,-0.9938280455575681,0.3643806863951667,0.6311258621332503,8.411848528145534,7.801080087407133,17.44374537336235,1.5347958502993595,6.6060336165645435,11.441985860397768,15.173643691552376,7.695821305692294,17.20837958221916,0.3333054426704403,2.5225604964409447,4.369202945001886
0.42400000000000126,3.8268335647600944,2.1902991799322127,4.897657857390471,-0.7568156936084419,0.7288953079778722,1.262483706816239,2.6230647070249975,2.9492540658353796,6.594732574125549,-1.0562489475314294,0.38612950502198556,0.6687959209995009,8.197783016102758,7.575166732972592,16.938587755821715,1.5439758334441198,6.623519967616198,11.472273108858218,15.196693842450617,7.767901055341175,17.369554802235225,0.27088454069657875,2.4790901537938996,4.293910102914776
0.42600000000000127,3.6037900308939426,1.9889275647318674,4.447377237063569,-0.7250551349478084,0.6903961848939666,1.1958012695880667,2.668337332706907,3.0637890394845924,6.850840561006336,-1.1001891433619944,0.39122478947309536,0.6776212125478388,7.974739482236605,7.330777153124936,16.392116042289743,1.5757363921047525,6.658792332742683,11.533366637360412,15.241966468132532,7.854847513138784,17.563972992273495,0.22694434486601386,2.4562101588147662,4.254280789133996
0.42800000000000127,3.370736832357345,1.8329738419870258,4.098654111661948,-0.6825204605190082,0.6529524690604099,1.1309468513401753,2.7346795365655887,3.1645896911143288,7.076237670226702,-1.1123940262628649,0.3924979671555298,0.6798264209808781,7.741686283700007,7.083645960656556,15.83951389656986,1.6182710665335527,6.69393351297834,11.594232946966505,15.308308671991213,7.946241746920424,17.76833671176075,0.21473946196514296,2.446035842177527,4.2366583557860045
0.43000000000000127,3.125471537746253,1.7508411599116982,3.914999851367137,-0.6352903959813727,0.621007385923044,1.075616344294246,2.802162278947517,3.2418931240610314,7.249093401189626,-1.106507086586679,0.3866519960146547,0.669700901945301,7.496420989088916,6.852051399493975,15.321652714591098,1.6655011310711891,6.7251474808963625,11.648297125306344,15.37579141437314,8.031797014189175,17.959644105206838,0.2206264016413287,2.4489254767087507,4.241663349609389
0.43200000000000127,2.8536335115315703,1.7290146735051866,3.866194344052202,-0.5829727501618343,0.5705975363912587,0.9883039237032913,2.87269620283273,3.2661171279884234,7.303259920658496,-1.0924339686005213,0.3659020480016431,0.633760937732352,7.224582962874234,6.635627465931263,14.837714087186974,1.7178187768907272,6.775984899995497,11.736350118111718,15.446325338258353,8.088844028681992,18.08720510752619,0.2346995196274865,2.4692164790042157,4.2768083965216315
0.4340000000000013,2.567630954777945,1.7410762869834597,3.893164931707948,-0.4930498960921004,0.5010972805735474,0.8679259494879811,2.9389060116145185,3.2304731791937473,7.223557628167079,-1.0736801775161278,0.3288263679950277,0.5695439762357285,6.938580406120607,6.4350336073735255,14.389172583582896,1.8077416309604608,6.844817909321063,11.85557238750146,15.51253514704014,8.110418173055656,18.1354463609021,0.2534533107118806,2.505241853625534,4.339206175727457
0.4360000000000013,2.283560723506812,1.762380554545833,3.940802722188259,-0.4119033735815671,0.40585635452271307,0.7029638266080257,2.9838046585869393,3.1394176118772488,7.01995118991758,-1.0467720797118083,0.28854039801534753,0.4997666293987279,6.654510174849475,6.263273698222526,14.005105750912072,1.888888153470995,6.936467262202389,12.014313723172727,15.557433794012562,8.096666762734658,18.104697272637857,0.2803614085161999,2.5455960739081087,4.409101735556703
0.4380000000000013,2.0141869730074347,1.7627747877764803,3.9416842544909754,-0.3023685037656479,0.30326884307716634,0.5252770445622851,3.0238294475420693,3.017074083795012,6.746382744518543,-1.0174982986073233,0.2482297514592338,0.42994654147758754,6.3851364243500965,6.116936339741548,13.67788546970085,1.9984230232869133,7.039639484297621,12.193013253771449,15.59745858296769,8.064383943394107,18.03251069408704,0.30963518962068487,2.5879581855704834,4.482475065271842
0.4400000000000013,1.773211897025495,1.7356422589636484,3.881014075664012,-0.19447636005301913,0.21865302308851395,0.3787181452178369,3.0468174918528925,2.8697587407364744,6.416975623310952,-0.9649894911112243,0.20649819009455084,0.3576653569147783,6.144161348368159,6.001646697451407,13.42008999243846,2.106315166999542,7.143147093739423,12.372293692294646,15.620446627278511,8.009689793131821,17.91021085612898,0.3621439971167841,2.640475345811976,4.573437455079343
0.4420000000000013,1.559470480658122,1.6710625245544526,3.7366093995561678,-0.0968736346149633,0.18069148917974273,0.31296683975459644,3.0475721452125386,2.7266707467562967,6.097021142007194,-0.8991327625684024,0.16401025394713656,0.2840740927987145,5.9304199320007855,5.910811034904723,13.216975276202845,2.203917892437598,7.239031521865279,12.538370393463314,15.621201280638157,7.946342972870637,17.768563059866512,0.4280007256596055,2.6945588943522067,4.667112909004641
0.4440000000000013,1.3750702722746038,1.5595300184283925,3.4872151341573856,0.000586786542672769,0.2055704078762845,0.356058390974382,3.0305718788117137,2.6215015303424645,5.861855624965479,-0.8420171453584612,0.12377939116674386,0.21439219443074264,5.746019723617267,5.8559650600962705,13.094335948238902,2.301378313595233,7.318216301594238,12.675522455140023,15.604201014237336,7.890714424993663,17.644173845323998,0.48511634286954664,2.7441227520752,4.75296002879998
0.4460000000000013,1.2333783027467722,1.4430919329438219,3.226851659843954,0.08357882446684602,0.2500074391009273,0.433025586792988,2.9556733291109163,2.5571510940417275,5.717963675015261,-0.7986644813531448,0.09764813179538402,0.16913152553378705,5.604327754089435,5.838249775544077,13.054723367739447,2.3843703515194075,7.369858878467189,12.764970022117753,15.529302464536537,7.833000236197162,17.515120995908763,0.5284690068748631,2.782347544921912,4.819167312119281
0.4480000000000013,1.136690383385257,1.358104012254571,3.036812891916428,0.15820979962747153,0.2712934598096085,0.46989405615138713,2.835830442616893,2.544941892095731,5.69066306951299,-0.7825378186784365,0.0884702936605383,0.15323504358059106,5.507639834727921,5.868406943871182,13.122156846127757,2.4590013266800335,7.424241448821435,12.859163397017499,15.409459578042515,7.777528274110282,17.39108191783721,0.5445956695495715,2.801908408824786,4.8530477222389985
0.4500000000000013,1.0633937676833876,1.3373594346793825,2.990426606293789,0.197450176651079,0.3013693591483582,0.5219870418894288,2.6571493276463545,2.5840455667665085,5.778101544246884,-0.747674109430303,0.09462312904574952,0.16389206707838452,5.434343219026051,5.93881085519569,13.279584777731225,2.49824170370364,7.467141135775911,12.93346783445145,15.23077846307198,7.730137520953707,17.285112972274195,0.5794593787977055,2.841175721489,4.921060702850109
0.4520000000000013,1.0251892064057955,1.404120364730959,3.1397085841302226,0.2104917747882261,0.3246722126267721,0.5623487680753748,2.428558413873532,2.65286701692474,5.9319909851108035,-0.7053849000710564,0.12156991395013886,0.21056526763341693,5.396138657748457,6.062068087064236,13.555196326907746,2.511283301840787,7.504349749350392,12.997915043641648,15.002187549299155,7.6823045358065,17.1781551659183,0.6217485881569514,2.8953216597531495,5.014844218947104
0.4540000000000013,1.001687483850924,1.5471444757340145,3.4595202187545304,0.21921169849625147,0.3345354631250996,0.5794324190662571,2.157109667765465,2.748761562763345,6.146417708277394,-0.6320009147083551,0.1769831585829642,0.3065438227497138,5.3726369351935865,6.218026178478896,13.903929220952051,2.520003225548813,7.526557890840709,13.036380673044555,14.730738803191088,7.64044474135897,17.084553820009457,0.6951325735196529,2.9618688282998593,5.1301072959698555
0.4560000000000013,1.007498420111998,1.736307365033085,3.8825012980475195,0.2215649923529749,0.3297453416164973,0.5711356852389294,1.8150098705599607,2.8172305571976968,6.2995190341836595,-0.5283537559147653,0.24980723807352692,0.43267882844180305,5.378447871454662,6.39963282807845,14.31001403462264,2.522356519405536,7.523780256289785,13.031569668877497,14.388639005985585,7.58307330527896,16.95626738896777,0.7987797323132432,3.039901928108408,5.2652645895103545
0.4580000000000013,1.0214042342166532,1.9361704071254844,4.329408646356026,0.17273231038347747,0.30927026982300243,0.5356718206039759,1.4689115474726857,2.8647463507491593,6.405767578569576,-0.3945212489286029,0.34753457865015996,0.6019475476091191,5.392353685559316,6.597087308575178,14.75153567547523,2.473523837436039,7.505566611233577,13.000022710249118,14.04254068289831,7.521611396260503,16.81883438237559,0.9326122392994053,3.1374728737059487,5.434262424627835
0.4600000000000013,1.046188534549476,2.1229534278350535,4.747068177705374,0.11888288301579202,0.25370829693134483,0.4394356605868603,1.134116188856693,2.8679112613872517,6.4128445338990625,-0.246241542563531,0.45036293359747864,0.7800514828366015,5.417137985892139,6.783527345402797,15.16842827154935,2.419674410068353,7.459573329820679,12.920360010035166,13.707745324282318,7.442843240152399,16.64270343085556,1.0808919456644774,3.2402560553503283,5.612288117399481
0.4620000000000013,1.0953653911032875,2.2908381901385035,5.122469918602283,0.025943564985353985,0.20417538985165357,0.3536421488782469,0.8528127256499193,2.8517697793788317,6.376751082870646,-0.09919419015718545,0.5499653997656481,0.9525680147990311,5.466314842445952,6.959403911128959,15.561700228162257,2.326735092037916,7.379986930714909,12.782512323192519,13.42644186107554,7.3588231274511475,16.454828747378365,1.227939298070823,3.338508564034902,5.782466454412265
0.4640000000000013,1.1658793292270873,2.4337166446353797,5.441955855377408,-0.06815878098938749,0.15649167027476615,0.27105152387721115,0.6074328166678276,2.799299076107661,6.259423023529088,0.026464185092290204,0.638443263525342,1.105816170175978,5.536828780569751,7.116366219807286,15.912678620272304,2.232632746063174,7.292132123492235,12.630343333393677,13.181061952093447,7.261672307297662,16.237592909445315,1.3535976733202986,3.4276706088834805,5.936899646196737
0.4660000000000013,1.2469139136584455,2.552092447707021,5.706652197936726,-0.16687543102267077,0.163087781372324,0.28247632343055024,0.41714882917619767,2.724556278044281,6.0922930462308305,0.12354268675560354,0.7184354016641565,1.244366617638473,5.61786336500111,7.257669145937177,16.22864156851837,2.1339160960298913,7.209897303471903,12.48790844696718,12.990777964601818,7.171136317900246,16.035148282742494,1.450676174983612,3.505682900317331,6.072020898575037
0.4680000000000013,1.3663501769990052,2.636944209178008,5.896386504596451,-0.2576601892839058,0.20986954087014462,0.36350470774824345,0.26937376211086045,2.652672507409379,5.931556048612186,0.21220481383479695,0.794352157188524,1.3758582953524627,5.737299628341667,7.379572581851557,16.501225937913713,2.043131337768656,7.13462990215198,12.357541483727397,12.843002897536483,7.087044126043563,15.847112425373995,1.5393383020628049,3.577733010447126,6.196815350010775
0.4700000000000013,1.5047679163205936,2.6955062825269125,6.027335281507931,-0.3158413234601338,0.25525885860083414,0.4421213121786846,0.16600136636909787,2.5932860374712012,5.7987638648866735,0.31034882958117427,0.8620846943109216,1.4931744909740003,5.875717367663257,7.486779981715805,16.740948971701172,1.9849502035924271,7.087388705389892,12.2757173307251,12.739630501794721,7.009548689307277,15.673827360885625,1.6374823178091826,3.64246520617164,6.308934801891126
0.4720000000000013,1.6470802006853915,2.7410896056779848,6.129262690714068,-0.37970018994913907,0.30955321158804167,0.5361618901166071,0.1310045771475071,2.565604661358965,5.736866426188974,0.4201252010604318,0.9138845096563887,1.5828944029750354,6.018029652028053,7.591195091479818,16.97442825501161,1.921091337103423,7.035919794628453,12.18657056227606,12.70463371257313,6.9579313746352005,15.558407536462864,1.74725868928844,3.6933047786705533,6.396991524494325
0.4740000000000013,1.8154147261682723,2.7875695151080846,6.233194927787805,-0.4228787510489856,0.362964758218677,0.6286734025917018,0.1521626311733714,2.5653142344890556,5.736217011965364,0.5088807987540703,0.9426636792052719,1.6327413868333402,6.186364177510937,7.692073611141169,17.19999948244394,1.8779127760035756,6.986987100521243,12.101816649931147,12.725791766598993,6.919976417269594,15.473537671710263,1.8360142869820784,3.720995362093158,6.444953021873501
0.4760000000000013,2.0067953763350856,2.8368208185778334,6.343324190326634,-0.4599331176491141,0.40128219801593745,0.6950411551365185,0.23122592711521595,2.5856654484420623,5.781723709788929,0.5710769666404624,0.9555530615424548,1.6550664519195217,6.3777448276777475,7.780517370210895,17.39776573990946,1.840858409403447,6.950088141259205,12.037905777742884,12.804855062540838,6.898109538913801,15.424641845250992,1.8982104548684706,3.731706156522936,6.463504662015302
0.4780000000000013,2.2143504525829245,2.893770733728771,6.470668071916975,-0.5010843292258746,0.40268051554217704,0.6974631121370796,0.3732086085526639,2.6234267688333426,5.8661605891039805,0.5944729111955996,0.9558354296692957,1.6555555278616483,6.585299903925586,7.853334519567911,17.5605898357995,1.799707197826687,6.949472467220793,12.036839399027452,12.946837743978287,6.889944838638518,15.406385020419545,1.9216063994236077,3.7303821381216666,6.461211394874147
0.4800000000000013,2.435849408803995,2.9534467934993422,6.604107798193314,-0.5106342065822397,0.38244203746078437,0.6624090398322383,0.5901850547270636,2.6966359761031824,6.029861353138215,0.5638352221292592,0.9263991995254436,1.604570481669206,6.8067988601466585,7.900167206532558,17.66531090742142,1.7901573204703218,6.968051785273775,12.069019721865198,13.163814190152683,6.904737044547797,15.43946139836987,1.8909687103572672,3.6966165727460356,6.402727720097266
0.4820000000000013,2.66572901199813,3.0022571684258645,6.713251114536269,-0.4759378344376102,0.33365458594748376,0.5779066950393986,0.8400067734233645,2.7843939675382714,6.226094187555918,0.5257619985765344,0.8880223141872462,1.538099766427203,7.0366784633407935,7.9119633846784,17.691687963630223,1.824853692614952,7.0136116091037914,12.147931651522674,13.413635908848985,6.9353557389227,15.507926880374443,1.8528954868045424,3.6539273005750434,6.328787731758972
0.4840000000000013,2.8834859735418106,3.0408538376552072,6.799555890638153,-0.41521638400493904,0.26169806544229673,0.4532743455885429,1.1014523436165662,2.872824978613422,6.423831939638991,0.4838468464363836,0.8519335249711131,1.4755921499212166,7.254435424884475,7.8951186964425615,17.654022095675096,1.8855751430476217,7.081816223931852,12.26606550971554,13.675081479042188,6.975323951354949,15.597298520312103,1.8109803346643918,3.614140932161925,6.259875720218797
0.4860000000000013,3.0411341103351655,3.053899144828396,6.828726084264769,-0.31166468384986107,0.1607395516171274,0.27840907018670474,1.3305028431512416,2.915739585040792,6.5197919168382406,0.4355120223067834,0.828475184642581,1.434961112610957,7.412083561677827,7.824920455482398,17.49705405698726,1.9891268432027005,7.181364332516489,12.438487891581516,13.904131978576865,6.988216195491165,15.626126454583204,1.762645510534792,3.58499060203543,6.209385867382301
0.4880000000000013,3.150318110335223,3.051146483014369,6.822570945329537,-0.204081499995279,0.07633821581338525,0.13222166834794116,1.553862202831835,2.9372737454531217,6.567943763358595,0.3842263452164782,0.8041009014210404,1.3927436156731752,7.5212675616778855,7.718934716286594,17.26006273949988,2.0967100270572825,7.301465643678967,12.646509464570567,14.12749133825746,6.991063295487112,15.63249276371288,1.7113598334444864,3.5528290025875937,6.15368034308597
0.4900000000000013,3.192597097693879,3.016132343284069,6.74427694871891,-0.0796240311551401,0.14604176714628406,0.2529517607245072,1.761809214275798,2.9267619601049697,6.54443869675524,0.34018301875845114,0.7823699606418277,1.3551045221473084,7.56354654903654,7.5616369516787705,16.908334245128025,2.2211674958974217,7.431789834141919,12.872237583907683,14.33543834970142,6.9699617739513275,15.585308327130193,1.6673165069864593,3.527782053200991,6.110297754173768
0.4920000000000013,3.146559440208757,2.958862573504305,6.616217850435594,0.0672656913998112,0.2857151147507765,0.49487309523871686,1.9594290004371093,2.851243455047828,6.3755741858883095,0.29577112188561433,0.7620985446751283,1.319993399751622,7.51750889155142,7.353507829612585,16.442943380090682,2.368057218452373,7.56906075182584,13.10999778773784,14.533058135862731,6.908987337474268,15.448965342277743,1.6229046101136226,3.508560761216249,6.077005499869078
0.4940000000000013,3.0255866690842597,2.8872344930685387,6.456052593483398,0.20685323054382465,0.426321826575878,0.7384110640049883,2.1605109617145817,2.7495102636461515,6.148091854346164,0.260312597822601,0.7635678132111193,1.3225382475059209,7.396536120426923,7.103665401431276,15.884278727013665,2.507644757596385,7.699484935256252,13.335899099974995,14.734140097140203,6.8274113065213475,15.266555791732387,1.587446086050609,3.5099890089920462,6.079479297582557
0.49600000000000133,2.8528621404082664,2.802545436705974,6.2666821065063925,0.3427353070574808,0.5639716889866813,0.976827619355365,2.3307777752874634,2.612698948510651,5.842172453612038,0.25120045521880446,0.8056894699640093,1.3954950971009028,7.223811591750929,6.807016977057404,15.220952684695483,2.643526834110041,7.8229740061213295,13.549788444892783,14.904406910713083,6.710907471454847,15.006045296884269,1.5783339434468127,3.554781947719959,6.157062943279621
0.49800000000000133,2.6228325378796766,2.7130557041091334,6.066576981131578,0.4691814955691733,0.6885177991412139,1.1925478100280855,2.4883895116813357,2.462522814129575,5.50636840853781,0.2571832618277723,0.8432870767682201,1.4606160623287934,6.993781989222339,6.490563176337216,14.51334047454697,2.769973022621734,7.942286190895844,13.756443210884289,15.062018647106958,6.569159259801876,14.689086659939198,1.5843167500557804,3.5973625883650056,6.2308147762956745
0.5000000000000013,2.3605664646925923,2.6132018184384336,5.843296904954401,0.6145301979422443,0.7918850204677468,1.3715850892028576,2.652214807623065,2.3081443904008623,5.161167758821142,0.2876719661967763,0.8929069606168879,1.5465602222203523,6.731515916035255,6.158872228726264,13.77165696816756,2.9153217249948056,8.048961313519227,13.941209943171627,15.225843943048687,6.41041320894086,14.334119699054327,1.6148054544247838,3.6526955650570665,6.326654303260348
0.5020000000000013,2.10432418365444,2.518157395273199,5.6307711138746805,0.7756936984966311,0.8772307582379644,1.5194082432303246,2.8288473570572212,2.162953333399243,4.836510685640473,0.33557460026207425,0.9425169741469411,1.632487286218584,6.475273634997103,5.840918208723105,13.060690165721168,3.0764852255491917,8.133109780711269,14.086959363727289,15.402476492482842,6.239830812115585,13.952685863988167,1.662708088490082,3.7080019895948033,6.422447840544683
0.5040000000000013,1.8702121115319996,2.423369679570825,5.4188193381322485,0.911651874366977,0.9542777503785964,1.6528575481882593,3.0097768874631523,2.0231923982876148,4.523995734131936,0.38325037715260696,1.0049548330254465,1.7406328301119707,6.241161562874661,5.553453213191702,12.417898894561278,3.212443401419538,8.210359704289974,14.220760156246417,15.583406022888775,6.062856380987959,13.55695900570744,1.7103838653806147,3.7771306306094603,6.542182159040258
0.5060000000000013,1.7007615598355776,2.318077180163195,5.183378151935932,1.004787869044268,0.9909502906330503,1.7163762511515883,3.2082520451478174,1.9149440026882705,4.281944963116513,0.3867614729607743,1.0396155032183179,1.800666871910412,6.07171101117824,5.306025061974932,11.864632728893483,3.3055793960968294,8.246068586919993,14.282609755243124,15.78188118057344,5.892567991738135,13.176182591565889,1.7138949611887824,3.8170606798540536,6.611343033080621
0.5080000000000013,1.5783578379459426,2.2092115720652634,4.939947251817105,1.0586949644089916,0.991737094312879,1.7177390351006339,3.4346448184011793,1.8573413560175838,4.153141529476955,0.38398447163003374,1.0442714884264483,1.8087312748501831,5.949307289288604,5.11274437561309,11.432443975450589,3.359486491461553,8.247056245183636,14.284320429536267,16.0082739538268,5.745168275225215,12.846586805578802,1.7111179598580417,3.8229533204404147,6.621549385966941
0.5100000000000013,1.5039843356171194,2.0888957055537514,4.670912795525573,1.0560358517452346,0.9611717574133632,1.6647983186402127,3.674581085999101,1.846983650302358,4.129980995406773,0.38127251798163675,1.0173447515290133,1.762092798461786,5.874933786959781,5.000537194268212,11.181541090399794,3.3568273787977962,8.220441939467955,14.238223099828538,16.24821022142472,5.633272258676885,12.596379706165296,1.7084060062096444,3.799687897520307,6.581252491409737
0.5120000000000013,1.4936271004873813,1.9662637563781877,4.396699420955714,1.0222837943044174,0.8970219444828185,1.5536875833484702,3.919381014674964,1.8591171882710613,4.157112411112368,0.37296012587691757,0.9726491579142581,1.6846777594465792,5.864576551830044,4.9590814878371,11.088843312764553,3.323075321356979,8.164430627936595,14.141208662457654,16.493010150100588,5.53985785971229,12.387498760003176,1.7000936141049259,3.757095050005322,6.507479515474749
0.5140000000000013,1.5533519992231744,1.8497969260309344,4.13627167117532,0.9603992733462979,0.81284025100339,1.4078806131749104,4.137403817203058,1.8731364388592282,4.188460408421113,0.35294248205334244,0.9258395928559585,1.6036012144854035,5.924301450565836,5.005075473229549,11.1916889906582,3.2611908003988592,8.085452855377856,14.004415147717298,16.711032952628678,5.470018621522365,12.231333475913702,1.6800759702813506,3.7093865877879053,6.4248460349632035
0.5160000000000013,1.6651266465949448,1.7612805545253836,3.9383430473672827,0.8517155270610258,0.7259417473882446,1.257367989811771,4.303315198839322,1.8918349299176254,4.230271505504361,0.33569037182920874,0.8834857338265738,1.5302421787498992,6.036076097937608,5.139833172917756,11.493016367652535,3.152507054113587,8.000315954099154,13.856953709103612,16.87694433426494,5.43872824832898,12.161366074411957,1.6628238600572167,3.6656178735880847,6.3490363981871525
0.5180000000000013,1.813873694232861,1.7073025573256946,3.817644576339485,0.7500002121352282,0.627368175685182,1.0866335553385327,4.423388206290676,1.895759814716469,4.239047814718431,0.3084476721174136,0.8278052976073493,1.4338008342306041,6.184823145575525,5.345010230578937,11.951806216006329,3.0507917391877903,7.899195722703476,13.681808330653176,16.997017341716294,5.442784681308387,12.170436534300084,1.6355811603454222,3.6099796227894907,6.252668120959728
0.5200000000000014,2.0016130991561094,1.6992190883516893,3.7995693902195984,0.6493763771384976,0.5030031903537556,0.8712270820619441,4.507198695844667,1.8788561052706172,4.201249971325601,0.2696704603188418,0.7575750896112506,1.3121585457552312,6.372562550498772,5.612750323909036,12.550491264994568,2.9501679041910585,7.775794594885539,13.468071307561209,17.08082783127029,5.48415687355866,12.262947568549883,1.5968039485468501,3.539251900424367,6.130164112319709
0.5220000000000014,2.2194079712785797,1.7310330801863896,3.8707076385976116,0.5295092937496901,0.35764677681319706,0.619462388603704,4.528890611080745,1.8381922469160714,4.110322819817414,0.22059517533329231,0.6937579949615933,1.2016240954305928,6.590357422621243,5.908356670232041,13.211487149953152,2.8303008208022518,7.640601408897651,13.233909840593077,17.102519746506367,5.561092109053018,12.434979984980222,1.547728663561301,3.4715418390825032,6.012886845891995
0.5240000000000014,2.434779752116642,1.8021942484687317,4.029828848235231,0.3520126377283313,0.2141600709641711,0.37093612386250063,4.478654605757809,1.788260072526797,3.9986710836186226,0.1891089539981847,0.6394708558681025,1.107596012323108,6.805729203459306,6.219477546943856,13.907174579500102,2.6528041647808926,7.492538081520103,12.977456634837461,17.05228374118343,5.660788182265484,12.657907181773092,1.5162424422261926,3.413873581662044,5.913002494055799
0.5260000000000014,2.6408856342189893,1.9132723830908116,4.278207108064074,0.13345181049395352,0.11406766260600812,0.19757098713423057,4.341968860448267,1.729301361318475,3.866835397491035,0.15406705734710405,0.5935462066100974,1.0280521864884629,7.011835085561652,6.546075642811675,14.637470123182538,2.434243337546516,7.33737200983768,12.70870111507263,16.91559799587389,5.786811678024629,12.939704285052695,1.4812005455751123,3.3632622178633906,5.825341040516179
0.5280000000000014,2.8044812122624228,2.064727469377156,4.616870976538436,-0.057815344529240524,0.18343763413994757,0.3177233023506204,4.131524968631463,1.6936276295248038,3.7870665081892914,0.14176541041879442,0.5420141915231346,0.9387961181414373,7.175430663605086,6.883335269854671,15.391605575316904,2.242976182523321,7.171370380864801,12.421177859552404,16.705154104057083,5.939021172906196,13.280055062428788,1.4688988986468026,3.3089959573988437,5.7313491202548175
0.5300000000000014,2.917045577930903,2.265657552099732,5.066164300230773,-0.2443991555739047,0.31809446112301054,0.5509557682712972,3.8274884120113555,1.6685465093089946,3.730983418434898,0.1671491438408098,0.49588112560810255,0.8588913040676779,7.287995029273567,7.237531676103573,16.18361281707558,2.056392371478656,7.023872383353234,12.165703833847704,16.401117547436975,6.092669793025516,13.62362382166463,1.4942826320688176,3.259825967223052,5.6461841990626835
0.5320000000000014,3.0164001775318567,2.499138605944971,5.588243808087015,-0.41227937313863444,0.45860777079449727,0.7943319597619716,3.459115844878993,1.663676275624488,3.7200932448500317,0.16894944656882824,0.445328935921038,0.7713323430958227,7.38734962887452,7.594798087428965,16.98248479887656,1.8885121539139262,6.885621229175196,11.926245810606302,16.032744980304614,6.258515228446905,13.994465489024906,1.4960829347968365,3.2078486984390326,5.556156928690098
0.5340000000000014,3.1095820382102444,2.761340436916082,6.17454492596333,-0.5601862196674822,0.5993392013539477,1.038085947712791,3.0562376157370537,1.7000134282496258,3.801345588228625,0.1651285552404729,0.4016657190136758,0.6957054329903709,7.480531489552907,7.952020056993591,17.781257405879423,1.740605307385079,6.751140096569768,11.693317656274294,15.629866751162675,6.435908544865248,14.391129003290452,1.4922620434684812,3.1625041106116747,5.477617798724845
0.5360000000000014,3.1571904368796146,3.0488078776697876,6.817341664806508,-0.6766537288712274,0.7144432804049283,1.237452060787514,2.6389180784121633,1.7726425248932327,3.9637491854681315,0.1490016148989348,0.35258553805687787,0.6106960659285224,7.528139888222277,8.303755358835263,18.567761450883808,1.624137798181333,6.640199397952778,11.501162729642482,15.212547213837784,6.625239712219187,14.814486363753247,1.476135103126943,3.1132125754696256,5.392242355475749
0.5380000000000014,3.1640988541784885,3.3383915609941406,7.464870465894534,-0.7785905414682115,0.8161536770214263,1.41361963538527,2.2427087630430043,1.8846442956330904,4.214192758442801,0.11717441041905512,0.2883839056448665,0.4994955766620579,7.535048305521153,8.633023864017819,19.304028211321743,1.52220098558435,6.544525720159631,11.335451058757776,14.816337898468623,6.823623010912366,15.25808490523184,1.4443078986470634,3.047376927651243,5.278211668505099
0.5400000000000014,3.1452286302267183,3.599653541319348,8.04907001383791,-0.8488061844044382,0.9127709571347891,1.5809656734307285,1.8827234547266372,2.0259985046407984,4.530270378689749,0.09048483002438874,0.22551478648765558,0.39060306805466677,7.516178081569381,8.914663235968698,19.93379299214426,1.451985342648123,6.455385998919702,11.181056532597694,14.456352590152258,7.023791891099974,15.705676128311344,1.4176183182523967,2.979161575610145,5.16005921291372
0.5420000000000014,3.0949402990226518,3.8177060652701056,8.536650280057206,-0.915069390880361,0.9757897810771982,1.690117478332219,1.5557818206618585,2.1841290729888607,4.883861078836692,0.05161249380809942,0.18021877501419886,0.3121480748024169,7.465889750365314,9.133389192891459,20.42287910026724,1.3857221361722,6.398908841559028,11.083235226581943,14.12941095608748,7.222643994284436,16.1503229485006,1.3787459820361072,2.926210608292161,5.068345447209053
0.5440000000000014,3.014041120579729,3.9842323564031172,8.90901438707154,-0.9677033152538271,0.9951631603176656,1.7236731554910087,1.2567416830708733,2.3412846983212123,5.2352717401263185,0.009527508001992813,0.14633137049468883,0.2534533684379864,7.384990571922391,9.285378155974646,20.762736753550953,1.3330882117987333,6.387446492114095,11.06338185496921,13.830370818496494,7.409095341442202,16.56724083524178,1.336660996230001,2.885835008081709,4.998412856258461
0.5460000000000014,2.9212549438668782,4.100209307733207,9.168346734068805,-1.008305480478802,0.9936704399388552,1.7210876879534156,1.0247919571895505,2.4873617203904823,5.5619098914239435,-0.00440133364803962,0.12755920178760988,0.22093901846907105,7.292204395209541,9.374447502566998,20.961901867242943,1.2924860465737595,6.3880652241406874,11.064453530275538,13.598421092615173,7.575300587541259,16.938887063736352,1.3227321545799684,2.850466686069871,4.9371531255555015
0.5480000000000014,2.8313603251048183,4.170978339058009,9.326591098812875,-1.0120559368993678,0.974321058620604,1.6875735764151805,0.8318949654399159,2.6164761998980404,5.8506186444823465,-0.025563142031239456,0.12921871882162703,0.22381338628801475,7.202309776447481,9.407070251243344,21.034848550896143,1.2887355901531936,6.406419372556812,11.096243847861926,13.405524100865534,7.720980378047672,17.264636978256622,1.301570346196769,2.81508441248654,4.87586923002187
0.5500000000000014,2.747806985517594,4.192496861838028,9.374707978524375,-0.9827816319536383,0.9364715408380958,1.6220162885738947,0.7102028420870765,2.7242025102434684,6.091501997379963,-0.021803482461513164,0.13269388038548183,0.2298325426811218,7.118756436860257,9.378823350225387,20.971686560066285,1.3180098950989223,6.4443400511814,11.161924389897203,13.2838319775127,7.838403427914118,17.527202899883342,1.3053300057664947,2.788654781107727,4.830091765648449
0.5520000000000014,2.661688089177229,4.168821395001873,9.321768025279692,-0.9634913347702351,0.8781221645124287,1.5209522041878827,0.6449792128125796,2.8137744352006,6.291790910459619,-0.01205811342175602,0.13748145935380668,0.2381248726995086,7.032637540519893,9.294942847607958,20.784124054226865,1.3373001922823267,6.501909516208438,11.261637628288593,13.2186083482382,7.932851811526876,17.738395906006446,1.315075374806252,2.774656196767692,4.80584550633747
0.5540000000000014,2.56458694919077,4.094157470491769,9.154814414608186,-0.9254556002390464,0.8079613083573333,1.3994300366247256,0.6345927959131143,2.8926061289375906,6.468063936436974,-0.006723804705815998,0.14051697479468656,0.2433825396702724,6.935536400533434,9.147273994971835,20.453926461573094,1.3753359268135152,6.564225056322768,11.369571309867709,13.208221931338736,8.014416279537434,17.92077960102666,1.3204096835221921,2.7967881505060643,4.844179174683095
0.5560000000000014,2.441216737081669,3.975989309818664,8.890582374567005,-0.8453858076021897,0.7040137492807678,1.2193875829813468,0.6850285864654391,2.9508217751327317,6.598238078683387,0.017899306183515682,0.14320229865806045,0.2480336570364131,6.812166188424331,8.943553820284473,19.99839430258402,1.455405719450372,6.658083763060092,11.532139358669461,13.25865772189106,8.068975213245425,18.042777085577633,1.3450327944115237,2.8421813806940364,4.922802555688332
0.5580000000000014,2.3270854243739256,3.8270675930375018,8.557583292518355,-0.7399515898155085,0.5666943228460524,0.9815433595302031,0.7776816450150492,3.00149206869238,6.71154029952263,0.05913964129110785,0.17476782680948635,0.3027067555624285,6.698034875716589,8.689034787698239,19.429272444153717,1.560839937237052,6.787941687876438,11.757059882216831,13.35131078044067,8.111815884634643,18.138571739005656,1.3862731295191157,2.9094622238573296,5.039336394423229
0.5600000000000014,2.2459099923047643,3.6738466621058454,8.214970875379372,-0.6272397599197229,0.44806418765765094,0.7760699380751273,0.9189170840036522,3.048955452835503,6.81767165290884,0.10004489855433545,0.22779353364130941,0.39454997390239815,6.616859443647428,8.406318860775457,18.797100413232513,1.6735517671328395,6.902712188807188,11.955848221039021,13.492546219429277,8.142094804630588,18.206277462401864,1.4271783867823433,2.9875287048082626,5.174551505798353
0.5620000000000014,2.180538989776347,3.523425369128499,7.878618639018613,-0.5240362267639948,0.33360491504518863,0.5778206625129656,1.095243571827964,3.1013102348248407,6.934740504384179,0.13809583046823756,0.2858622463211093,0.4951279345939307,6.55148844111901,8.106611214475103,18.126933742728458,1.7767553002885663,7.011440155132069,12.144170582917354,13.668872707253588,8.167593439462673,18.26329414321985,1.4652293186962455,3.0666653446776064,5.311620186792338
0.5640000000000014,2.125992867620454,3.380006540454783,7.557924388850788,-0.4500829382300597,0.2263290973943727,0.3920134959182583,1.315560351069007,3.1565062973070908,7.058162652184817,0.18317183002456036,0.3855438727235459,0.6677815761040501,6.496942318963116,7.807641541287472,17.45841723027002,1.850708588822502,7.1161963125071805,12.325613569896728,13.889189486494626,8.18732244655399,18.307409544204614,1.5103053182525688,3.175790345398254,5.50063023241649
0.5660000000000014,2.1037274746728385,3.2529781885544735,7.273880358931931,-0.4074801118828275,0.15808664278204726,0.2738140972964976,1.5550520322398746,3.1963363933507507,7.147225454488786,0.22249805224651062,0.45264999732628813,0.7840127934150475,6.4746769260155,7.53541396271088,16.849697859222594,1.893311415169734,7.192360089820309,12.457533101899429,14.128681167665496,8.18781564248961,18.308512363842887,1.5496315404745185,3.2465323878540593,5.623159044181139
0.5680000000000014,2.071321168351833,3.12014346926926,6.976852896838092,-0.39160631148362085,0.1424295384638399,0.24669519711795637,1.828571762379335,3.2222820313638527,7.205241664805684,0.24788333124408032,0.4931182678569857,0.854105894068658,6.442270619694497,7.275302449656821,16.268070834303394,1.9091852155689406,7.21301561634284,12.493309523293538,14.402200897804956,8.172175347527851,18.273539601120245,1.5750168194720884,3.2886123368479985,5.696043653818548
0.5700000000000014,2.007588805743148,2.961984931035149,6.62319965412462,-0.39898466122867554,0.145651328752642,0.2522755015894936,2.0853179259184635,3.233914259438319,7.231252117509972,0.2552363179372121,0.5218993898248837,0.9039562596158941,6.378538257085811,7.020490087624676,15.698293071292232,1.9018068658238854,7.209970913933126,12.488035944025986,14.658947061344085,8.14338201167209,18.20915574484778,1.5823698061652205,3.319101359469484,5.7488521900720775
0.5720000000000014,1.9105420319569721,2.769833089535578,6.193535074529814,-0.43605161243737545,0.1678117542704882,0.29065848450374904,2.318674481074578,3.2099927802543124,7.177762063932188,0.24456314029228846,0.5138434859410322,0.8900030247881718,6.281491483299635,6.771348153639361,15.141194770855302,1.8647399146151855,7.183429564184052,12.442064977759134,14.8923036165002,8.09027727070002,18.09040993410671,1.5716966285202965,3.315805925074049,5.743144330266174
0.5740000000000014,1.7667923929678035,2.528611781597547,5.654147832358967,-0.5090733456377535,0.23337977797107562,0.40422563290504676,2.500633728578922,3.1528261800733164,7.049933659884929,0.20416456100629635,0.48923663746385054,0.8473827130115443,6.137741844310465,6.53237548131831,14.60683563078065,1.7917181814148073,7.10887252241255,12.312928393348859,15.074262864004547,8.011133578819702,17.913439259072025,1.5312980492343045,3.2944039791917086,5.706075072617121
0.5760000000000014,1.5935381011513465,2.246152009712647,5.022548581515247,-0.5982143726947201,0.33642192382154806,0.5826998648389876,2.632347489989551,3.0567802003199134,6.835168320190751,0.16174827091986485,0.46014513961526526,0.7969947606695139,5.964487552494008,6.309767089494292,14.109068134300236,1.70257715435784,7.006526043630725,12.135659092122967,15.205976625415172,7.908410882407461,17.68374432706218,1.4888817591478734,3.268874773326489,5.661857190981675
0.5780000000000014,1.4054228605656365,1.9241972250282773,4.302635797279688,-0.7073470852697227,0.46618374551458563,0.807453932894022,2.7364260701622323,2.9340795812921665,6.560801395163405,0.14020035408677867,0.42266300149564556,0.7320737930700184,5.776372311908299,6.12070593513916,13.68631454125758,1.5934444417828384,6.882289475154825,11.920475043364698,15.310055205587854,7.781274452696731,17.39945862781236,1.4673338423147868,3.234967210869845,5.603127570045953
0.5800000000000014,1.203246977265353,1.5689512909725405,3.508281740000653,-0.8825843429765495,0.6536340568825751,1.1321273960779856,2.7770222202616135,2.796728625798795,6.2536753219056775,0.12546679254314805,0.37653660449865856,0.6521805299011445,5.574196428608017,5.973843114316414,13.357919290530548,1.4182071840760113,6.705104968252479,11.613582475095797,15.350651355687233,7.634270200228737,17.070747126312387,1.4526002807711562,3.1903078608900155,5.525775306847889
0.5820000000000014,0.976042253379622,1.1958822494334513,2.6740740028185566,-1.0914044893505859,0.8770335328692687,1.5190666388712022,2.7614315010333965,2.6309065745286104,5.88288594309709,0.09149925606058744,0.32347767872992306,0.560279774674669,5.346991704722283,5.882765894707757,13.154264436283915,1.2093870377019762,6.491420018519752,11.243469285345912,15.33506063645902,7.449948059896756,16.658590290771823,1.4186327442885958,3.138342841465015,5.435769252987484
0.5840000000000014,0.7500577719424104,0.9101233795299121,2.035097744540724,-1.3187265299361586,1.086911243259016,1.8825854966424709,2.653525632769626,2.45741274902192,5.4949419555876435,0.07181774774409459,0.28502928928895294,0.493685210693714,5.1210072232850745,5.868056207816602,13.121372576467556,0.9820649971164018,6.292244881975721,10.898487829247182,15.227154768195248,7.243594736108376,16.19717023139798,1.3989512359721026,3.0980575322641988,5.365993050653048
0.5860000000000014,0.5212888009509443,0.8996613318029217,2.0117038946393264,-1.5374060329300578,1.292668008886301,2.23896666870997,2.4776155779460174,2.2838961009674326,5.106946935309902,0.07463683423779029,0.28096465478408633,0.48664505721708756,4.892238252293608,5.935111634194027,13.27131306810771,0.763385494122503,6.101306924971952,10.567773586623252,15.05124471337164,7.010098461290877,15.675056688413079,1.4017703224657982,3.089076331044822,5.350437153828088
0.5880000000000014,0.2974228107978231,1.2334169498334884,2.7580041444281282,-1.757658027385563,1.5055323614340783,2.607658542442974,2.237076354368349,2.1515317131782257,4.8109711664130925,0.09347304093568759,0.2500012273622346,0.433014827745969,4.668372262140486,6.090101051668163,13.617879941372971,0.543133499666998,5.914436871252349,10.244105159167773,14.81070548979397,6.769941291545271,15.138048931577949,1.4206065291636953,3.0570330322727775,5.294936532312797
0.5900000000000014,0.08577510461060615,1.743624857349623,3.8988637082921307,-1.959003841756684,1.7140797475917502,2.968873211053748,1.959495843459076,2.090954194262329,4.675515716208868,0.15853767389210463,0.2395082845993933,0.4148405177598156,4.456724555953268,6.328634710811173,14.151257418138506,0.3417876852958764,5.728838893650673,9.922640032179642,14.533124978884697,6.534764358605137,14.6121773227839,1.4856711621201122,3.0476802218175347,5.278736989410755
0.5920000000000014,-0.07504687928800644,2.310522917050115,5.166486306095166,-2.123268325234149,1.8898523348552478,3.27332026277196,1.6452603247632502,2.117395775285043,4.734640888808226,0.24035397839437508,0.21242037163949282,0.36792287624226455,4.295902572054657,6.641260475892177,14.850309880377512,0.17752320181841222,5.56961533953679,9.646856746692704,14.218889460188873,6.317362006398053,14.126050884780508,1.567487466622383,3.02625730985209,5.24163141744053
0.5940000000000014,-0.1896696933928407,2.8918111209798405,6.466286244600792,-2.236532325234192,2.0260407947942,3.509205594790784,1.3280475468526214,2.212532909122063,4.9473739872522975,0.28307668852974993,0.18033952880907442,0.31235722651034814,4.181279757949822,7.010405933962959,15.67574421820908,0.06425920181836926,5.44297512037393,9.427509452820972,13.901676682278245,6.1219228830903445,13.68903571960151,1.610210176757758,2.9981899403450667,5.193017307419557
0.5960000000000014,-0.255880206632756,3.4420377207275754,7.696630324665295,-2.298444708689378,2.1280360089538664,3.6858664878441942,1.0269256368059336,2.3635807577395624,5.285127244616124,0.30115336207166243,0.1421673886507882,0.24624114032255615,4.1150692447099075,7.394775397415423,16.53522046696391,0.0023468183631833264,5.345057010659811,9.257910311815015,13.600554772231556,5.970333064205156,13.350070579877345,1.6282868502996701,2.95862988895508,5.124497288462064
0.5980000000000014,-0.28223925427063906,3.922207005927479,8.770321487079764,-2.304068069744857,2.1840854406628547,3.782946951299525,0.7666681024083799,2.530473441480373,5.65831063040795,0.34314098770960494,0.12199523387781512,0.21130194335762373,4.088710197072023,7.7516003962175715,17.333105420356794,-0.003276542692294863,5.284600285861423,9.153196192804996,13.340297237834,5.867428167887043,13.119968236492477,1.6702744759376131,2.8876815978607238,5.001611243576452
0.6000000000000014,-0.26369740955972876,4.31523564301254,9.649160236706054,-2.2936277794365574,2.2066681615125385,3.822061371184322,0.5551984116563948,2.6711758645046535,5.972930812889174,0.37039749957482265,0.1769968282340191,0.30656749927986265,4.1072520417829335,8.05995232441399,18.02260129279712,0.007163747616003728,5.254434384496463,9.100947318984774,13.128827547082016,5.785602844938365,12.93700125209836,1.6975309878028304,2.8042155844523684,4.857043867647955
0.6020000000000014,-0.21393787569384734,4.603559564527392,10.293872124752578,-2.2424269799243137,2.1866455396084534,3.787381172745705,0.39170590666654403,2.7738125301156287,6.202433374179229,0.3415002702559095,0.2847471852828583,0.49319659222213946,4.157011575648815,8.295493773336492,18.54928798410663,0.05836454712824768,5.262892437612853,9.11559709671548,12.965335042092164,5.7318868824031375,12.81688870839276,1.6686337584839175,2.689839084425304,4.658937958409178
0.6040000000000014,-0.13180241727731018,4.79298924004883,10.717449756174242,-2.1407004571919592,2.124638659251656,3.6799821055488873,0.26326401604808175,2.8343388372860985,6.337774311439432,0.3122712758002947,0.39356002648746513,0.6816659617044427,4.239147034065354,8.469778183987174,18.938999773740044,0.16009106986060218,5.312160903818049,9.200932583393868,12.8368931514737,5.708109513223686,12.763720894581397,1.6394047640283027,2.6033438099758968,4.509123748448189
0.6060000000000014,-0.04450853517484941,4.874166491532725,10.898967608718827,-2.005625712237329,2.028095424633428,3.512764318063074,0.1823032897673575,2.844201166519612,6.359827150022051,0.28846376859254325,0.5084084215649888,0.8805892171464569,4.326440916167812,8.567491100998305,19.15749249845673,0.29516581481523296,5.393096016427888,9.341116310550419,12.755932425192977,5.704303312713753,12.755209971505193,1.6155972568205517,2.5185278634479507,4.3622182197697414
0.6080000000000014,0.036020698624508365,4.8676861474862205,10.884477118913257,-1.8407490928093786,1.9103245256472718,3.3087791373659896,0.1256771472525477,2.815733060998155,6.296170530885436,0.2938536328639419,0.6391480608430962,1.1070369149393666,4.40697014996717,8.602310758557994,19.235351619713455,0.46004243424318264,5.4900179634679045,9.508990047192226,12.699306282678169,5.726169833764304,12.804104999005656,1.62098712109195,2.4436321850970684,4.232495099598677
0.6100000000000014,0.13328757407385156,4.768459427219937,10.66259942721349,-1.6469622163400468,1.7628464479108334,3.0533396137238857,0.09959101910873266,2.766882599782291,6.186937578874548,0.3210728981112536,0.7695961228548946,1.3329795860926972,4.504237025416513,8.579915986481584,19.18527538700999,0.653829310712514,5.615675189465003,9.726634746957366,12.673220154534354,5.786823357507097,12.939730401169436,1.648206386339262,2.3722742293914036,4.108899494792216
0.6120000000000014,0.24084851432664892,4.586432584951592,10.255575034171839,-1.3974335430199716,1.5769305914458602,2.7313239043938693,0.09177205240047996,2.7034474728096165,6.045092322802317,0.3473677763547567,0.880418186710566,1.5249290312903625,4.61179796566931,8.511594427186024,19.032503736096334,0.9033579840325903,5.782551803734889,10.015673521467882,12.665401187826102,5.882427779952473,13.153508388706905,1.6745012645827646,2.314645120377471,4.00908294998516
0.6140000000000014,0.33566588877732856,4.358958064005645,9.7469265421875,-1.1136540085333013,1.3621376762380892,2.359291662148176,0.08518057728184747,2.6487506123820386,5.922786424730434,0.36499239999657335,0.9571447524794678,1.6578233414923753,4.70661534011999,8.420857475093909,18.829609743147223,1.18713751851926,5.984012946324854,10.36461445618458,12.65880971270747,6.0147017059837875,13.449281878963703,1.6921258882245818,2.291230926232573,3.9685283761079146
0.6160000000000014,0.41918606389403845,4.08510216141368,9.134566127952306,-0.8194448455258825,1.1293868619875123,1.9561554263631507,0.08390532365588683,2.6288866883734534,5.878369340347348,0.409237135636285,0.9936034514467512,1.720971660481569,4.790135515236701,8.305856008103117,18.572458645443614,1.481346681526679,6.212709439043489,10.76072840108606,12.657534459081505,6.189585285184233,13.840333450204367,1.7363706238642935,2.313907348011417,4.007805090762734
0.6180000000000014,0.5122658666886353,3.7706253416346103,8.431374581578357,-0.5188509635121652,0.9006191078735067,1.5599180531042691,0.07424519271803867,2.652289908318858,5.930700531037652,0.5177929180715314,0.9909393902674755,1.7163573711645916,4.883215318031298,8.177152865954934,18.284669670682458,1.7819405635403964,6.456689797438722,11.183314777875468,12.647874328143658,6.3940864474606895,14.29761195053224,1.8449264062995392,2.387060726864929,4.134510459682351
0.6200000000000014,0.6036011195164113,3.460688093392584,7.738333825749959,-0.19681005688092257,0.6936560676266808,1.201447552107844,0.063381741620635,2.7209683486672076,6.084270192245226,0.6643211507174204,0.948630000784155,1.6430753589422604,4.9745505708590745,8.068240279729503,18.04113372427709,2.103981470171638,6.714783840507886,11.630346773602131,12.637010877046256,6.618317138337475,14.799007017974475,1.9914546389454282,2.502897671307158,4.335145932849825
0.6220000000000014,0.7116279414726906,3.1789743296190767,7.108402699755079,0.12372539244252205,0.5536466614357681,0.9589441470476349,0.019795577948158984,2.810008956009047,6.283371043019446,0.8288402618283834,0.8579495601617759,1.486012228531567,5.082577392815352,7.9932725552144195,17.873500796142885,2.4245169194950833,7.001815091796737,12.127499484194491,12.59342471337378,6.836793918017061,15.287535948843272,2.1559737500563916,2.664801714907413,4.615571962316314
0.6240000000000014,0.8351881751386646,2.9636371724399364,6.626894178220964,0.4483345634338208,0.5717564131356672,0.9903111571043169,-0.0307689053517727,2.935168901577251,6.563237189370123,1.0394700409367552,0.7961421425907348,1.3789586410138983,5.206137626481327,7.965176230462014,17.810675504078596,2.749126090486382,7.289198677328991,12.625262455597671,12.54286023007385,7.062059931047585,15.791246066999879,2.366603529164763,2.864908269580306,4.962166681937323
0.6260000000000014,0.9629977068752396,2.837485486618315,6.3448104332476225,0.7521591167715697,0.7204763448923707,1.2479016350051035,-0.09924047847191711,3.0792489839567403,6.885410047774431,1.3122522367671623,0.7985828432912094,1.3831860586331894,5.333947158217902,7.99203213139783,17.87072712416808,3.052950643824131,7.57247676141467,13.115914489904835,12.474388656953703,7.281303986246155,16.281490678086598,2.63938572499517,3.101456837540123,5.371880820101386
0.6280000000000014,1.1043338229098194,2.8083605982378446,6.279685202991797,1.0851165654298927,0.9591626288342773,1.6613184058622972,-0.15493032770694598,3.2358535384316287,7.235588477166351,1.5964436235492412,0.8894114322816904,1.5405057895444936,5.475283274252481,8.072399000718395,18.050432907107705,3.3859080924824547,7.892069719182751,13.669465730500365,12.418698807718675,7.483250310417242,16.733056386739356,2.923577111777249,3.3432479040113647,5.790675232045841
0.6300000000000014,1.255222785385073,2.8718106587684,6.421563851514595,1.4035986310762698,1.227842833241135,2.1266861708829663,-0.22420603708802495,3.3991629754545456,7.600759479716813,1.9060984232831182,1.045427570059739,1.81073366697674,5.626172236727736,8.196805763489275,18.328614885524082,3.7043901581288314,8.204472777637449,14.210563700183812,12.349423098337597,7.66990209094101,17.150422456111873,3.233231911511126,3.600702136575088,6.236599043469863
0.6320000000000014,1.3787959639613507,3.0058988725965774,6.721394212615928,1.7197066375077625,1.5046308361823548,2.6060970549026825,-0.2583003975669101,3.5662728700089064,7.974428563653186,2.205473022529119,1.221062993724026,2.11494314437217,5.749745415304012,8.351010255624917,18.673426612375213,4.0204981645603235,8.505834638586363,14.732537754810837,12.315328737858714,7.846904753205596,17.546212441133925,3.532606510757127,3.848657274122379,6.6660699396995
0.6340000000000015,1.4841216611002424,3.177537088839598,7.10518893167213,2.023067181530887,1.7668085832477873,3.060202233433954,-0.2793438780725365,3.714210254088625,8.305226610868932,2.4777589599873533,1.410932675400688,2.443807079853078,5.855071112442906,8.518849090004212,19.048725655311642,4.323858708583447,8.780818443905986,15.208823676883055,12.294285257353085,7.997839305871442,17.88371236104828,3.804892448215361,4.080217930290968,7.0671447612174845
0.6360000000000015,1.5874882335550982,3.358445589240803,7.509712636276772,2.305540859508093,2.0180229772318095,3.4953183274069057,-0.31492229390780524,3.838864418798154,8.583961796837894,2.7304001391843697,1.5937910596597813,2.760527091979781,5.9584376848977625,8.684105548438417,19.418250330091393,4.606332386560655,9.03621288428969,15.65117982359825,12.258706841517816,8.114482991360905,18.144535570948822,4.057533627412378,4.2841402295858755,7.42034854439253
0.6380000000000015,1.6420666511199056,3.5184949373769596,7.8675938584637475,2.5306420841698185,2.2118845262300506,3.8310963799058624,-0.34828188752037653,3.9330878171267423,8.794651720571657,2.984678183761717,1.7514108108745245,3.0335325093600822,6.013016102462567,8.826062833064158,19.73567646841584,4.83143361122238,9.231029147252558,15.988611489190637,12.225347247905248,8.197904116600293,18.33107087774362,4.311811671989726,4.44489056184523,7.69877628719931
0.6400000000000015,1.6362629652914993,3.6612143100732415,8.186724077518761,2.722348746844263,2.3578553693945095,4.083925296690373,-0.37565138998253433,4.02086347542073,8.990924059286806,3.196158518647359,1.8552370064612123,3.213364755272809,6.007212416634163,8.951108167010686,20.015286335389437,5.023140273896824,9.379939851342304,16.246532394464932,12.197977745443088,8.264715121394877,18.480464826109372,4.523292006875367,4.546536576825024,7.874832349531221
0.6420000000000015,1.5448864137273497,3.7727258689223504,8.436071503382337,2.846915584502211,2.432736669674493,4.213623513312126,-0.41622040488660816,4.10210613540289,9.17258816967982,3.3706970382744665,1.9119813753354054,3.3116488852063415,5.915835865070013,9.04857536257386,20.23322961024496,5.147707111554773,9.46451405975193,16.393019220440323,12.157408730539014,8.316064939033565,18.595286508981697,4.697830526502474,4.5945662173748785,7.958022127232839
0.6440000000000015,1.3802242319569142,3.8620026728175056,8.635700505705822,2.8774059617476033,2.4178888231555553,4.187906288758342,-0.46866069364268076,4.173975642562561,9.333293273198251,3.509318492477064,1.942990461581433,3.3653581980807465,5.751173683299577,9.12700110795181,20.40859490809614,5.178197488800164,9.458578405937667,16.38273836645788,12.10496844178294,8.346370176018182,18.66305107895354,4.836451980705072,4.610293958861657,7.985263374576249
0.6460000000000015,1.1500395585035952,3.926423394707979,8.779749619012529,2.8501566927299726,2.328200276978528,4.032561169922743,-0.5315521298372821,4.243307395143654,9.488323784968772,3.5999894175157863,1.9427259316736392,3.364900018840326,5.520989009846259,9.183493062033037,20.534914757603563,5.150948219782534,9.373725014759271,16.23576798174238,12.04207700558834,8.364485386307553,18.70355792058728,4.927122905743794,4.58499786610522,7.941449256689125
0.6480000000000015,0.8842626427349352,3.9779238029292814,8.89490803266435,2.728050708032445,2.16104331046465,3.7430368110816166,-0.6301787460716632,4.293759387919309,9.601137870415464,3.6476317699219294,1.9046326832870832,3.29892057720947,5.255212094077598,9.228420528224586,20.63537562606469,5.028842235085005,9.213142782241768,15.957631396229226,11.94345038935396,8.357130397956794,18.687111666661263,4.974765258149937,4.511112627571263,7.813476269618966
0.6500000000000015,0.6118864693479475,4.0219763154228625,8.993412445179656,2.538217977936809,1.928797232739038,3.3407748046022663,-0.7527594157991475,4.325450807190029,9.672002038208241,3.66258480230162,1.8654438370914341,3.2310435045086034,4.98283592069061,9.2650292271372,20.71723516540112,4.83900950498937,8.983957937742296,15.56067160123137,11.820869719626474,8.329834861085233,18.626076990734102,4.989718290529628,4.420049507684278,7.6557503192789715
0.6520000000000015,0.30670037726534827,4.044893995184497,9.044657935013241,2.2786044292562972,1.6288330361002026,2.821221575572222,-0.8986610763447548,4.327460159031162,9.676495085515729,3.6711713330178477,1.823489097817283,3.1583757644674684,4.677649828608011,9.2787369970598,20.747886670767983,4.5793959563088595,8.67116031852747,15.018890232264706,11.674968059080868,8.286132963426244,18.528356576822862,4.998304821245856,4.307819861718121,7.461362870350121
0.6540000000000015,-0.005215440832084184,4.070629265995832,9.102203749966753,1.995049631961838,1.2938903065147767,2.241083750304461,-1.068914124382269,4.296064200393635,9.606291587783447,3.6409393108398476,1.772679435111522,3.070370847145653,4.365734010510579,9.29225292966741,20.7781092148579,4.295841159014398,8.314758509197603,14.4015841905959,11.50471501104335,8.228562863502741,18.399625919922453,4.968072799067856,4.168064754958744,7.219299924825667
0.6560000000000015,-0.3041496183439526,4.06892076561333,9.098383426971896,1.669166802287917,0.9319111177814681,1.6141174041358068,-1.2541192887204036,4.231829824382552,9.462659156530384,3.5740802174709536,1.738796895663914,3.0116845673329387,4.06679983299871,9.27660192062847,20.74311249473037,3.9699583293404785,7.911878884489199,13.703776211266664,11.31950984670522,8.15052447979804,18.225126789104532,4.901213705698962,4.01667648705948,6.957087753154294
0.6580000000000015,-0.6120477476853932,4.040560291377759,9.034967478707028,1.3303437104713394,0.6496247336075088,1.1251830444616024,-1.4515613108098377,4.140585721841778,9.258631140703251,3.45517357032081,1.6998091117341096,2.9441557446920004,3.7589017036572683,9.231663260339998,20.642626595507576,3.6311352375239,7.517457219009753,13.020617847050328,11.122067824615783,8.057228668532208,18.01651101309814,4.782307058548819,3.8435801757438055,6.6572761473527855
0.6600000000000015,-0.9433619922628569,3.9889705536900113,8.91960931829584,0.9885642704626124,0.566053262845925,0.9804330110392825,-1.6263895267777861,4.045729779264978,9.046526805031709,3.2903713811436064,1.6760620141652833,2.903024565170498,3.4275874590798048,9.159808799333495,20.481955136210427,3.289355797515173,7.128166282936224,12.346346166844928,10.947239608647836,7.967758368919103,17.816449341195963,4.617504869371616,3.669585714062803,6.355908899485693
0.6620000000000015,-1.2599716034402921,3.9167827613302575,8.75819250743379,0.6865453935497761,0.6925555557494677,1.1995414096221781,-1.781838335693483,3.961466745991124,8.858108934641047,3.0733678464353775,1.6474919964596448,2.85353984293119,3.11097784790237,9.061596469636681,20.26234569077973,2.987336920602338,6.797475589847302,11.773573084824749,10.791790799732137,7.88675363321315,17.635317245658047,4.400501334663386,3.4878884523483467,6.041200010600115
0.6640000000000015,-1.5212046973858342,3.84172080016034,8.590348859733405,0.3916497326494599,0.9033773472014827,1.564695463759758,-1.927909248667494,3.8544722573842938,8.618861984898347,2.863336400438396,1.6373850306818791,2.8360340646937394,2.8497447539568284,8.952935927193511,20.0193733314048,2.692441259702021,6.508134285627022,11.272419245186981,10.645719886758126,7.790872820537038,17.420921230776337,4.190469888666404,3.327000486528297,5.762533879473384
0.6660000000000015,-1.7036151456889832,3.7683508227716316,8.42628860278463,0.1594054450028389,1.1140823312493116,1.9296472015385875,-2.044925006218967,3.741029232623866,8.365195669960839,2.630117672782759,1.6494853025467977,2.8569923503491745,2.6673343056536796,8.837240055762635,19.760669498169285,2.4601969720553996,6.26464163655612,10.85067760572664,10.528704129206655,7.6918070231065485,17.19940337347654,3.957251161010767,3.168642969530959,5.488250614273542
0.6680000000000015,-1.80698735367268,3.6913794253296976,8.254175325781313,-0.003171828893789493,1.267158854771723,2.1947835177254165,-2.120887910543543,3.6225957651578153,8.10037038589574,2.417244379591425,1.6629137746489193,2.8802511462980704,2.5639620976699837,8.710618192785718,19.477534405115236,2.2976196981587713,6.099307844362784,10.564311077439747,10.452741224882079,7.583726348073481,16.957727637048535,3.744377867819433,3.0286889839191407,5.24584320047211
0.6700000000000015,-1.8406904736989975,3.6366393693672454,8.131772839557128,-0.1314942589224192,1.3679767240720015,2.3694051896643376,-2.1508411531247944,3.5190018153496783,7.868727272067043,2.213949753510335,1.6569064057041727,2.869846078065958,2.5302589776436664,8.590320774091804,19.20854119939789,2.169297268130142,5.990127143514562,10.375204556364649,10.422787982300829,7.480641948759035,16.7272239127617,3.541083241738343,2.9106149573963376,5.04133298748038
0.6720000000000015,-1.8179673346435812,3.5861752581369197,8.018931656422009,-0.1519936882858155,1.3819187787769673,2.3935535367752427,-2.1163854832643265,3.420083130436257,7.64753836835575,2.0450623004165647,1.6413417170950717,2.8428872465910064,2.5529821166990816,8.471573018046433,18.943013144704878,2.148797838766746,5.9762903102602225,10.351238458152274,10.457243652161292,7.379103784189318,16.500177674473253,3.3721957886445733,2.8335229139888987,4.90780565143939
0.6740000000000015,-1.7537242710370555,3.533729778517014,7.90165999887932,-0.11015611099580107,1.3367619616833866,2.3153396352610662,-2.0452157637699067,3.31977181960015,7.423235458414105,1.8704728457704123,1.596726223358455,2.7656109446344153,2.6172251803056072,8.347789929374533,18.666225743969626,2.1906354160567605,6.027899173773099,10.440627631877463,10.528413371655715,7.273171146229033,16.26330509495818,3.1976063339984204,2.7622912574705443,4.784428803242306
0.6760000000000015,-1.629959305900255,3.484869954514788,7.792406111041666,-0.04231081869140526,1.2277901776171503,2.1265949686669203,-1.921132390782212,3.21285926166501,7.184171711222747,1.6944443811441918,1.5190933590718536,2.6311468793529222,2.7409901454424066,8.219255451202578,18.37881391332467,2.2584807083611556,6.1460982725353945,10.645354476342611,10.652496744643411,7.151680750567231,15.991644311645047,3.0215778693721997,2.7051420248225906,4.6854434286824755
0.6780000000000015,-1.46634390110932,3.4167151164760634,7.64000726019159,0.07667906398786954,1.0845146918978141,1.878434547921921,-1.7692014296376377,3.101189987748481,6.934471623747344,1.5425233563050573,1.418477292921651,2.4568747407230602,2.9046055502333434,8.066547279038023,18.037348059644984,2.3774705910404315,6.310993390983949,10.930961199415595,10.804427705787983,7.020036432659703,15.69727866795222,2.8696568445330652,2.6778647928708934,4.638197877052295
0.6800000000000015,-1.2371686943225622,3.352519004737379,7.496460390452719,0.23824354458233069,0.9095781301128713,1.575435534808988,-1.6145352297704225,2.9663568365344957,6.632975532012364,1.4217830030116847,1.2898999812784355,2.234172304256394,3.1337807570201006,7.918835666719257,17.70705485343413,2.539035071634892,6.526280545856252,11.303849489871373,10.959093905655198,6.863003549355271,15.34614246618072,2.7489164912396924,2.6901613574470145,4.659496151656688
0.6820000000000015,-0.9426146051672373,3.3026963319831215,7.385053507353473,0.3984353917770176,0.736296435857342,1.275302836336795,-1.4487622730166048,2.81270431074917,6.289398039441837,1.3797590311777501,1.165061944005595,2.0179464809826566,3.4283348461754257,7.7872270774761825,17.412769101463766,2.6992269188295794,6.759971371322449,11.70861387284154,11.124866862409014,6.684481413460306,14.946954834831123,2.706892519405758,2.7529216950806705,4.768200245138358
0.6840000000000015,-0.5771772054327683,3.2680860730905,7.307662615750705,0.5420492123580429,0.6101347627761966,1.0567844085923566,-1.269027063701666,2.6613293439445185,5.950913323574862,1.3934359040986202,1.0402290858090448,1.8017296281321908,3.793772245909895,7.678965397679188,17.17068862607937,2.8428407394106032,6.990103750534344,12.107214846103249,11.304602071723956,6.4992241437492355,14.532706986431156,2.7205693923266288,2.8572212042327605,4.948852294194273
0.6860000000000015,-0.12598674648367067,3.2450110059967994,7.256065197143822,0.6926238264632456,0.5740065836870915,0.994208566825079,-1.0603741210532356,2.513058944690721,5.619370631792337,1.4650456738923532,0.9464274905245239,1.6392604992683875,4.244962704858992,7.600694612846311,16.9956698305408,2.993415353515807,7.2104444836597175,12.488856190853369,11.513255014372387,6.303643361121151,14.09537506138215,2.792179162120361,3.003012228404496,5.201369755347221
0.6880000000000015,0.3770193839224082,3.230745701297481,7.2241670061163985,0.8542589358000311,0.5956589833297415,1.0317116231119352,-0.809108028970153,2.3977003711516818,5.361421019571637,1.5742633807011266,0.8921593374816886,1.5452653009652733,4.7479688352650715,7.547932012505265,16.877689069508566,3.155050462852594,7.43025345785065,12.869576502111661,11.764521106455465,6.1190336639225285,13.682575229140376,2.9013968689291345,3.1948644207773835,5.53366750008054
0.6900000000000015,0.9259258412747131,3.2383030071512273,7.2410656557321325,1.0018705647640804,0.6961966884404591,1.2058480364400752,-0.5119327621700467,2.3158060424321865,5.178299733583132,1.7240990961590832,0.9198828667841612,1.5932838622822802,5.2968752926173766,7.531638411981833,16.841255471139945,3.302662091816641,7.657355055202426,13.262928007204986,12.061696373255575,5.940564562038903,13.283506185445253,3.0512325843870918,3.407798345069121,5.902479875608854
0.6920000000000015,1.4945161276356287,3.259993817588981,7.289567782358011,1.1373624676249035,0.8268869946649313,1.432210286877596,-0.18853648698707026,2.259792248277045,5.053049082174555,1.8890128533114676,1.0189194402947956,1.7648202394102293,5.865465578978293,7.543765634877387,16.868372765912696,3.4381539946774655,7.85872242079042,13.611706515389688,12.385092648438551,5.777751868745195,12.919445935640699,3.216146341539476,3.6337089756624894,6.293768565766492
0.6940000000000015,2.067478338547132,3.2795139045451207,7.333216023718647,1.2423435911553555,0.940658298003526,1.6292679647033728,0.16382527136314984,2.2270055421905512,4.979735778606849,2.0634086428433815,1.1692473677594046,2.0251958475754606,6.438427789889796,7.568128382542433,16.922849525810413,3.543135118207917,8.007156747718176,13.86880231121585,12.737454406788768,5.6207549730026445,12.568390204503908,3.39054213107139,3.8559986329230185,6.6787855461388
0.6960000000000015,2.627336892771852,3.321074142338696,7.426147540586136,1.2533357856553338,0.9752401440027145,1.6891654789934898,0.5553120705646826,2.2339500424578653,4.995264153274329,2.2031134798360936,1.3312871825197674,2.3058570395894584,6.998286344114516,7.605827383033795,17.007147053592895,3.554127312707895,8.070690842577946,13.978846591525874,13.128941205990305,5.487104653698283,12.269539005324804,3.5302469680641013,4.0683785810938575,7.046638406879539
0.6980000000000015,3.1462448040156437,3.398380405480502,7.599009600057702,1.1958738941050255,0.958028620005289,1.6593542449542578,1.0107726989081858,2.2705803554477253,5.0771720231567485,2.329442466529332,1.502565905686448,2.6025204903696735,7.517194255358305,7.672505946607235,17.15624485438515,3.4966654211575867,8.07945555971207,13.994027526916145,13.584401834333809,5.382030210999825,12.034585408753145,3.6565759547573404,4.2717507810818605,7.398889390105818
0.7000000000000015,3.609137189244856,3.4847669332058677,7.79217574839179,1.0862866638984785,0.8881148463759718,1.5382600368794113,1.4797787482760145,2.3293376917399726,5.20855742128303,2.4494805102197086,1.667916314848231,2.8889158000901842,7.98008664058752,7.755709726973578,17.342294163269255,3.38707819095104,8.019773787826956,13.890655665725392,14.053407883701635,5.309966523404082,11.873446104579756,3.7766139984477163,4.455879657465749,7.717809959143283
0.7020000000000015,4.006475497561236,3.5986222296045107,8.046763930737542,0.9200119382385696,0.7609595419106171,1.3180205890935273,1.983162019200894,2.3951055081618238,5.355618729534016,2.5538551837614167,1.8011233526688506,3.1196371575212463,8.377424948903899,7.867023539310012,17.591199414488177,3.2208034652911306,7.908289221199141,13.697558732066218,14.556791154626515,5.262430683781476,11.767152735816081,3.8809886719894244,4.598651094322228,7.965097341648316
0.7040000000000015,4.305675036349678,3.745970243375606,8.376244105879287,0.7086723864530445,0.577689267641731,1.0005871625427334,2.486300299041031,2.469196220827094,5.521290599554964,2.612342823814576,1.8840386439613814,3.263250654764283,8.67662448769234,8.008778567102791,17.908173292785204,3.009463913505607,7.738865373642285,13.40410802008394,15.059929434466653,5.246041709204005,11.73050587457934,3.939476312042584,4.686406158685579,8.117093571747118
0.7060000000000015,4.510439376735054,3.9136422446597354,8.751170098674033,0.4435090515670575,0.3686456127687761,0.6385129313028822,2.9755034506042466,2.551195807983441,5.704647250563474,2.590526171563209,1.9023710458645449,3.2950033062853343,8.881388828077716,8.17378447299176,18.27713771504187,2.744300578619619,7.516835314363037,13.019540676604754,15.549132586029867,5.2611790410248425,11.764353977528703,3.9176596597912177,4.707799957642759,8.154148718507868
0.7080000000000015,4.6063745655567745,4.084003749153641,9.132110003471542,0.15285861821156674,0.21902286520291303,0.37935873055075486,3.42970090250042,2.6441684772085896,5.91254045900051,2.513735594494885,1.8444139760684364,3.194618716740659,8.977324016899436,8.345070578951557,18.660145091569206,2.453650145264127,7.256845563742003,12.569225219081959,16.00333003792604,5.299975231736279,11.85110489722752,3.8408690827228926,4.651523978642961,8.056675863634538
0.7100000000000015,4.6100104762682,4.2532740689485715,9.510609945106134,-0.1616031717642035,0.3696707997583831,0.6402886072561401,3.8081129698319933,2.757741068096675,6.166496492607043,2.3595817903252794,1.7260439769322955,2.9895958641449787,8.980959927610863,8.52129777583598,19.054201083287015,2.1391883552883577,6.976922692360551,12.084384583648717,16.381742105257615,5.375525726126885,12.020040938418633,3.686715278553288,4.534683913143424,7.854302933829665
0.7120000000000015,4.529121970612216,4.386178843990781,9.807794056634833,-0.5055955742924286,0.6728170162615966,1.1653532563619808,4.063905188860422,2.889138701865932,6.460310533797723,2.1552919180697088,1.562364378211538,2.706094482998141,8.90007142195488,8.67767685329064,19.40387533073434,1.7951959527601329,6.6741733884025205,11.560007407237295,16.637534324286044,5.47045889891919,12.23231796610196,3.4824254062977165,4.3709669687109916,7.5707368680127605
0.7140000000000015,4.357261156506416,4.484191558172545,10.026957148204513,-0.8608941196460881,1.0304050213853913,1.7847138494135932,4.207433264442415,3.031629978140333,6.778930713747986,1.9244490420439009,1.3714041953016185,2.3753417439755147,8.728210607849078,8.813796025921318,19.708247053777566,1.4398974074064739,6.337031229308762,10.976060058313436,16.781062399868038,5.595276256650094,12.511418062760171,3.2515825302719086,4.178955819340862,7.238163801683999
0.7160000000000015,4.112891911130098,4.536555259203413,10.144045943263011,-1.2435501515822753,1.3854521888948181,2.3996735826233384,4.224969003098149,3.172663692820703,7.094291686892604,1.6684887280053349,1.1396097560850584,1.9738619983404968,8.483841362472761,8.92148063555251,19.94903716104344,1.057241375470286,6.012970814876317,10.414770955794614,16.79859813852377,5.731611840598888,12.816273696221804,2.995622216233343,3.9432681706656583,6.829940819462102
0.7180000000000015,3.8435590736047893,4.535370852307237,10.14139752893014,-1.5986637625823013,1.6979915371614838,2.941007613185667,4.112448822259446,3.301472955668295,7.382317954751458,1.3908832675928597,0.9030755134549299,1.5641726723752898,8.214508524947451,9.00130430999722,20.127528323315623,0.7021277644702604,5.734007700307342,9.931592667923493,16.686077957685065,5.8762879922974705,13.139779406142905,2.7180167558208677,3.7033350667377674,6.414364493041291
0.7200000000000015,3.559233843531291,4.49872490162347,10.059454692101134,-1.867755598465964,1.9573499714997193,3.3902295988310076,3.854936709418324,3.3903688061886577,7.581095119432648,1.12825272667473,0.6776845775248845,1.1737841197789496,7.930183294873953,9.07057147695733,20.282414417247256,0.4330359285865981,5.4980250098192265,9.522858658291275,16.428565844843945,6.0138939854947395,13.447475761043373,2.4553862149027386,3.469299789170098,6.009003501530604
0.7220000000000015,3.26429361438949,4.411375560513459,9.864135627589333,-2.0646850209542116,2.165917541409827,3.7514792267264876,3.4589804399569046,3.424383133670971,7.65715346789204,0.9150493376750233,0.4722551116182902,0.8179698474569898,7.635243065732152,9.10700528345549,20.363882885256217,0.23610650609835027,5.313166021047252,9.20267349750241,16.03260957538253,6.124664139743307,13.695165355821306,2.2421828259030314,3.239712815328631,5.611347198081196
0.7240000000000015,2.9670843002180116,4.283244826203909,9.577626595666212,-2.202825267571953,2.3049313236431233,3.9922581605068723,2.942279382737851,3.409302014852366,7.623431061036888,0.7315167612722089,0.3212709450742895,0.5564575998643395,7.338033751560675,9.109540840810086,20.36955256386194,0.0979662594806084,5.1893214822989,8.988168464150332,15.515908518163474,6.218518898937444,13.90503097739127,2.058650249500217,3.0401709045017062,5.265730470289584
0.7260000000000015,2.6867846223738896,4.128173725679887,9.230877073548797,-2.268397182630592,2.3889642677610565,4.137807489228729,2.3318792237223898,3.3270466743019607,7.439502528053787,0.5650235845146586,0.254306003697721,0.4404709190742515,7.057734073716553,9.093414656466283,20.333493319451506,0.03239434442196831,5.113934171043575,8.857593810810101,14.90550835914801,6.279801039179898,14.042062008780073,1.8921570727426669,2.8837512854412855,4.994803742776366
0.7280000000000015,2.4382852962263906,3.9578613970944536,8.850047129425487,-2.289725714012239,2.411506782594218,4.17685227025014,1.6534778367628118,3.189731732450172,7.132456983746757,0.4388825889502009,0.25488452260726263,0.44147294321871694,6.809234747569053,9.060295019351338,20.259435559472365,0.011065813040322206,5.088169635273496,8.812968325822897,14.227106972188434,6.3171164902772885,14.125501894044907,1.766016077178209,2.7788794839708952,4.813160454348374
0.7300000000000015,2.2252218432657567,3.7739377702786445,8.438781397197035,-2.2446798861124266,2.3944868786387103,4.147372931859258,0.9437115402888523,2.9906233716590953,6.687237154129355,0.3954827983095243,0.25920681398516304,0.44895937149035736,6.5961712946084194,9.003273650575434,20.13193190271936,0.05611164094013432,5.09905310679688,8.831819051464128,13.517340675714474,6.326807971653105,14.147172705203907,1.722616286537532,2.7490467074889033,4.761488569750718
0.7320000000000015,2.051166762494299,3.6029860931906725,8.056521826360736,-2.172286778993316,2.3469821317910804,4.065092296718466,0.20377019710808142,2.734221376585271,6.1139048635777185,0.397497440359092,0.24628194566208936,0.4265728428736562,6.422116213836963,8.933348241033647,19.975573933629413,0.12850474805924547,5.134236139893229,8.892757852351382,12.777399332533701,6.315638933437557,14.122197976510648,1.7246309285871002,2.7782391644475677,4.812051388400892
0.7340000000000015,1.896112709267582,3.4626471130829426,7.742714326946861,-2.0860103427546126,2.280676705924432,3.9502479302999394,-0.5176091002971833,2.4533040650967233,5.4857546590328425,0.4764484026567737,0.24192562165903655,0.4190274683661369,6.267062160610243,8.859599077376927,19.810665790409228,0.21478118429794849,5.189945658065683,8.989249568291253,12.056020035128437,6.301234643257514,14.089989004500438,1.8035818908847816,2.901373610541189,5.025326505196896
0.7360000000000015,1.7481192964932486,3.3643661933133857,7.522951509450929,-1.9675597071368127,2.1815124177014056,3.7784903448012535,-1.1555518296389846,2.1705685020689685,4.853538720446107,0.5914825918341263,0.3061650461864372,0.5302934154965812,6.11906874783591,8.787656950085665,19.649798303340024,0.33323181991574913,5.27500277981092,9.136572824699575,11.418077305786635,6.298149260724654,14.083089879420374,1.9186160800621341,3.0529588246840635,5.2878797977685625
0.7380000000000015,1.6427275421356395,3.3005519671189893,7.380258561748711,-1.8176103128143952,2.0410573081187637,3.535214958821463,-1.719938699898701,1.9064708592332822,4.262998438368052,0.7564652352140647,0.46124691838060333,0.7989030974697799,6.0136769934783,8.71599533129917,19.489558052355747,0.48318121423816685,5.405858445024984,9.363221485308559,10.85369043552692,6.302342523743515,14.092466300578081,2.0835987234420728,3.2537216385821925,5.635611191710617
0.7400000000000015,1.5687798569728824,3.2670104240897517,7.305257391465101,-1.6153937650209305,1.870872050026246,3.240445445106,-2.2058100433451098,1.6762824403081447,3.748281486018245,0.951049325699788,0.6842595421359141,1.1851722925432202,5.939729308315546,8.642988007642192,19.326308713803414,0.6853977620316313,5.560436865674149,9.630959163626667,10.367819092080513,6.319328669337784,14.130448476802576,2.278182813927796,3.494550467389829,6.052738959132751
0.7420000000000015,1.4972154943649634,3.2517810231254334,7.271203415652285,-1.403100271341586,1.6838399827444013,2.9164964019292046,-2.6105468900518396,1.484623198780781,3.319718393447009,1.191702533062915,0.9377912894865998,1.624302160286324,5.868164945707626,8.566725119993443,19.15577971286038,0.897691255710976,5.730655304169118,9.92578614748499,9.963082245373782,6.347221792943293,14.192819397289298,2.518836021290923,3.7529091860556822,6.500229386440402
0.7440000000000015,1.4335179654228987,3.2420986912062673,7.249553063300314,-1.220693907624537,1.4809618107624296,2.565101100309733,-2.932953183997301,1.3609503807553065,3.043177565373087,1.417013674557612,1.1861627690835552,2.0544941820993072,5.804467416765561,8.4840078720187,18.97081832347715,1.0800976194280245,5.919065362786839,10.252121941667912,9.64067595142832,6.389734110259372,14.287879828689093,2.74414716278562,4.003150819926114,6.933660610473039
0.7460000000000016,1.3930464789295953,3.234981979146201,7.233639611357712,-1.0248034476555168,1.2836322140030938,2.2233162128854844,-3.1808857732188622,1.2847783956723584,2.8728518287465152,1.6226646639120723,1.452175896397458,2.515242434087275,5.763995930272259,8.39878798003628,18.78026085196927,1.2759880793970453,6.1006148921198315,10.566574950562872,9.39274336220676,6.433659624788609,14.38610026512312,2.9497981521400796,4.270119002058946,7.396063065931406
0.7480000000000016,1.3746601748710092,3.2301971982144995,7.222940515936983,-0.8532191016807323,1.0909302886756795,1.889546687502059,-3.35403112425013,1.2479334381810243,2.790463999167802,1.8191708357907936,1.7063535229015336,2.9554909973396,5.745609626213672,8.320455760496694,18.605104684250318,1.4475724253718283,6.280457530865548,10.878071538237709,9.21959801117549,6.47505999697984,14.478674311636507,3.1463043240188022,4.524565585750961,7.836777476698301
0.7500000000000016,1.37344876941513,3.214735156048171,7.188366338582105,-0.7228790471232447,0.9219960079211322,1.596943930095078,-3.4432248833985164,1.2435162798585155,2.7805869328912936,2.040616353865827,1.9576190538115097,3.3906956630664467,5.744398220757793,8.238433626622575,18.4216976172482,1.5779124799293165,6.437528101263408,11.150125746540626,9.130404252027105,6.518057477502991,14.574819600947494,3.3677498420938345,4.775860412752375,8.272032884743982
0.7520000000000016,1.3661831859155948,3.180771452389848,7.112421188434436,-0.5855129958922469,0.7788322459649772,1.3489770205843212,-3.449366735560699,1.2566334910911487,2.809917908882685,2.236755061117956,2.1778303754955517,3.7721128606251013,5.7371326372582585,8.14881899536043,18.221313209967466,1.7152785311603136,6.5740403348299035,11.386571870932507,9.124262399864921,6.562056855340597,14.673205200760078,3.5638885493459647,4.9959422803800155,8.653225861299704
0.7540000000000016,1.360211937479462,3.1328941051685937,7.005364185465351,-0.45266618506936984,0.6506659202600739,1.1269864326440076,-3.4045142429457322,1.2772010368781976,2.8559083393928657,2.4259735869553265,2.3592456468410288,4.086333327864362,5.731161388822124,8.055276507128113,18.012145847495532,1.8481253419831916,6.69766435765157,11.600694959495687,9.16911489247989,6.604814844311739,14.768814970680738,3.7531070751833346,5.177174148942189,8.967128665600033
0.7560000000000016,1.3670585513186135,3.078863976692838,6.884549145360514,-0.30927345519595956,0.5221267094252885,0.9043499887133515,-3.2727088042227606,1.3217340542884082,2.9554871935652782,2.6225636259883127,2.5457287994495377,4.40933162293792,5.738008002661276,7.964811667944532,17.809860317507457,1.991518071856601,6.823105280067959,11.817965010469178,9.30092033120286,6.654363324531468,14.879608740633858,3.9496971142163204,5.363338341534022,9.289574505719125
0.7580000000000016,1.3656353885775014,3.010931833267022,6.732648254803124,-0.1819546676600073,0.39063323686951656,0.6765966133830906,-3.1005371794719734,1.3718363426678812,3.0675193162100776,2.7828746956268193,2.6653270525253108,4.616481873761639,5.736584839920164,7.870281483469016,17.59848439909461,2.118836859392554,6.951637551061194,12.040589434241673,9.473091955953649,6.708032547261674,14.999616770958175,4.110008183854828,5.482730663628226,9.496368073619916
0.7600000000000016,1.3550297915052603,2.932307068928155,6.556837937026517,-0.07158656542013846,0.27541973924741264,0.47704098178389065,-2.922585186391003,1.4188492682527047,3.172643413638882,2.905075378261442,2.752073128765307,4.766730485166557,5.725979242847922,7.775617198596374,17.386808623077975,2.2292049616324223,7.067723781716033,12.241656683795014,9.651043949034618,6.759843090292486,15.11546866712625,4.23220886648945,5.569324983779142,9.646353835768187
0.7620000000000016,1.3108691728761128,2.8325497806065347,6.3337738590883275,0.029257624644161023,0.18575172636231374,0.3217314276531586,-2.736147694308119,1.4711259731637127,3.289537679459593,3.0006653385629964,2.8320742373230186,4.905296469850346,5.681818624218775,7.670353532214009,17.15143190948615,2.330049151696722,7.169775148624887,12.418414836263002,9.837481441117504,6.81603814688928,15.241124633676128,4.327798826791004,5.649314318322769,9.784899427261374
0.7640000000000016,1.2354209078065337,2.7150123863667237,6.070952255669918,0.11508217731651564,0.13403306939529108,0.23215208608704926,-2.531317763635763,1.5325786743036487,3.4269500966094686,3.077206434149533,2.894196598627631,5.012895555916086,5.606370359149194,7.554172885882535,16.89164408661911,2.4158737043690763,7.251120243524406,12.559308673575481,10.042311371789859,6.876303396548373,15.375881828594855,4.404339922377542,5.711599109469362,9.892779850066088
0.7660000000000016,1.1138739163228042,2.5729897357863636,5.753379954627532,0.2050312034863604,0.12148269585785987,0.21041420146625048,-2.3207036824643508,1.599302009842683,3.576148010560277,3.136044376487011,2.9507180992200275,5.1107936666621505,5.484823367665468,7.42265271710546,16.597556048821325,2.5058227305389216,7.319703476075905,12.67809831690199,10.252925452961268,6.9337295190211465,15.504290542128206,4.463177864715019,5.768097692787193,9.990638266928235
0.7680000000000016,0.9234880682857229,2.400616276626783,5.367941182429927,0.3075139639652707,0.1519069534905695,0.2631105614686688,-2.1181091729496497,1.6510478661961963,3.6918552629206722,3.2146447748015627,3.0220035302245134,5.234263655001366,5.294437519628385,7.2692879212287185,16.254621939885553,2.608305491017831,7.390300587741899,12.800376101175104,10.455519962475972,6.970971353165171,15.587565814881017,4.54177826302957,5.839183511070571,10.113762515892654
0.7700000000000016,0.6986365267023307,2.217201533917625,4.9578133496566155,0.40398034098886026,0.2241778313270617,0.3882873937890768,-1.922645632829465,1.699900295946852,3.801092616709172,3.282857837343212,3.075006601628742,5.326067667630691,5.069585978044993,7.123504835463189,15.928641050144146,2.7047718680414206,7.488569690425805,12.970583179837831,10.650983502596155,6.99377764301449,15.638562229298659,4.60999132557122,5.891893211864961,10.205058395720291
0.7720000000000016,0.4322540481925953,2.0241102874998327,4.5260481968062685,0.5505884115143679,0.333592738356361,0.5777995718692482,-1.7165006807335068,1.7584985045284947,3.932122194457436,3.341942381366152,3.132552388425364,5.425739894123967,4.803203499535259,6.990057122261034,15.630242891982233,2.8513799385669283,7.6108324242465715,13.18234844668767,10.857128454692113,7.00591199293024,15.665695460573042,4.6690758695941605,5.949002973652419,10.303975404744325
0.7740000000000016,0.13815676781992242,1.830452166706422,4.093015474317337,0.7272657299885736,0.4933261837039011,0.8544660148792141,-1.5277197229156383,1.8242669778423257,4.079184971563543,3.375442545038689,3.188301265183515,5.52229978113398,4.509106219162585,6.872474373962235,15.367319873804869,3.0280572570411355,7.775814357821735,13.468105537970807,11.045909412509982,6.999622476695517,15.651631674726614,4.7025760332666975,6.004526839344661,10.400145561155917
0.7760000000000016,-0.15895469152795694,1.6631721525577736,3.7189659914038327,0.880425948440393,0.6775835428319001,1.1736091225573735,-1.3553477903805498,1.9077024395622046,4.265752335703274,3.4404970274073694,3.264981266123932,5.655113438687211,4.211994759814706,6.78733750381574,15.176948044765734,3.1812174754929536,7.953461757308739,13.775799859714782,11.218281345045071,6.978782188309184,15.605031373224074,4.7676305156353775,6.080727154461501,10.532128378491043
0.7780000000000016,-0.4467613068307683,1.5569066936814056,3.4813492016960654,1.054583630409764,0.887401867676176,1.5370251215466506,-1.1975607012253957,2.04007425821143,4.561744720508217,3.520488872605631,3.374092370039202,5.844099414338387,3.924188144511896,6.750850968662697,15.095361671900095,3.355375157462325,8.156021194102973,14.12664309579493,11.376068434200224,6.9632327913267655,15.570261864562257,4.847622360833641,6.189203134449127,10.720014287230438
0.7800000000000016,-0.7277831546021621,1.5482286557707865,3.4619445190166007,1.2617463695982127,1.1064774778215754,1.916475209017634,-1.0769476563818503,2.202800165037728,4.925610909872115,3.5814922467462025,3.4722205519814344,6.014062411116696,3.643166296740501,6.77857742779808,15.15735991930218,3.562537896650774,8.371139506402523,14.499238942336222,11.496681479043772,6.945438125398279,15.53047178190926,4.908625734974211,6.286715023074233,10.888909832671118
0.7820000000000016,-0.949102516411698,1.6658852231752754,3.725032601732324,1.4887165439163512,1.3429303603965037,2.3260236152335274,-0.9296746829954451,2.446310381792979,5.470116307752565,3.6235380269635304,3.5739896685127586,6.190331691590347,3.421846934930965,6.876543111963436,15.37641784855819,3.7895080709689126,8.604583061937117,14.903575041221666,11.643954452430176,6.955615306386931,15.553228650419205,4.95067151519154,6.387729044516945,11.063871250086747
0.7840000000000016,-1.1317553539368719,1.902355012686243,4.253795125703914,1.7281995354886928,1.5932530443367245,2.7595952221049957,-0.7869199140001502,2.7327782075473737,6.110677839505956,3.6720518459921165,3.6811125995893836,6.3758740508707605,3.239194097405792,7.0330617888886655,15.726404249911331,4.0289910625412535,8.849952816774973,15.32856792324155,11.786709221425468,6.9849032710262655,15.618718530275368,4.999185334220125,6.494397334586614,11.248626148043908
0.7860000000000016,-1.243184018341554,2.2248249126817465,4.974859742791419,1.9299810602170764,1.8246881557460857,3.1604525937213728,-0.6348167720176487,3.073233115536274,6.871958157042574,3.7160460750895865,3.760461880000553,6.513311036086936,3.1277654330011093,7.256370824203862,16.225738432866013,4.230772587269638,9.072811615313297,15.714570685223686,11.938812363407973,7.052581473829063,15.77005159233744,5.043179563317596,6.573195755755657,11.385109017064902
0.7880000000000016,-1.2927244106239553,2.602272173931694,5.818857476867424,2.0992097222264534,2.035233597360895,3.525127995900249,-0.4845522613060055,3.450244649189081,7.714981574591699,3.761509217693232,3.828071322529219,6.630414025617993,3.0782250407187086,7.530844557285384,16.83948035807443,4.400001249279014,9.277285964681662,16.06873064717428,12.089076874119616,7.1619811924927355,16.014676799988763,5.088642705921241,6.639668144081303,11.50024257094537
0.7900000000000016,-1.2686476285881163,3.0105393877503417,6.7317707199503625,2.2473808770277093,2.2222126763753347,3.8489852607056942,-0.3103038083455843,3.855305362400852,8.620724864347768,3.7830980746460345,3.880469161194397,6.721169744392879,3.102301822754547,7.847397099137259,17.54731336010557,4.548172404080271,9.459281413134706,16.38395601064124,12.263325327080036,7.313240820954066,16.35290361147966,5.110231562874042,6.691046123856056,11.589231842305487
0.7920000000000016,-1.1480464058336675,3.432922535970052,7.676248151920003,2.351860093927255,2.3609832842376144,4.08934300412038,-0.09837154207863766,4.293523318015955,9.600610002064125,3.7941222553956604,3.919579546330652,6.788910918552459,3.2229030455089935,8.201472159593298,18.33904926442262,4.652651620979818,9.598892603820307,16.625769686213886,12.475257593346981,7.522455520844927,16.820721902327843,5.12125574362367,6.7295331854598714,11.65589338843733
0.7940000000000016,-0.9758003917288722,3.8403689927993705,8.587326126581793,2.4102332380835056,2.4498948426402247,4.243342340653829,0.14858910462745953,4.751930895218439,10.62564050608986,3.809903494916552,3.9572686494418785,6.854190360032805,3.3951490596137917,8.559407723805364,19.13941751756554,4.711024765136066,9.691673532065522,16.786470967908,12.722218240053081,7.790421710899409,17.419912518961294,5.137036983144561,6.7666742761188114,11.720223644507135
0.7960000000000016,-0.7523895512766777,4.204058055491701,9.400559593435027,2.3900781520334036,2.456722573116553,4.255168316739216,0.375343566769612,5.155500358956006,11.528049260650198,3.819283964865527,3.97212193971135,6.879917013439099,3.6185599000659856,8.8930942366844,19.885563243537923,4.690869679085966,9.702081547485445,16.804498179421266,12.948972702195231,8.05713597574265,18.016303745719664,5.1464174530935365,6.780925142012448,11.744906868286764
0.7980000000000016,-0.49650016152311116,4.509972421522005,10.084604911172539,2.298879945557399,2.378973905807223,4.1205036747386865,0.6186456785456181,5.527220758264367,12.359241342127056,3.831431923614885,3.97118366618314,6.878291876016842,3.8744492898195526,9.18634370139177,20.54128898098903,4.599671472609961,9.628037422538629,16.676249993011403,13.192274813971242,8.338157316504168,18.64468656679055,5.1585654118428925,6.779205580222083,11.741928499899098
0.8000000000000016,-0.20270224508934023,4.745557993367821,10.611390264337944,2.1702598406561493,2.2380006189558697,3.8763307794021613,0.8630961364295795,5.845113015830586,13.070070039565996,3.8384116727831272,3.9738804345547005,6.88296281585263,4.168247206253323,9.42462958450593,21.074112413710857,4.471051367708712,9.494336819600639,16.44467375572021,13.4367252718552,8.608341120910222,19.248835919861992,5.165545161011136,6.78128496936247,11.745530107538954
0.8020000000000016,0.09115763182348227,4.916866700878023,10.994448179468385,1.9840252119136566,2.0590072524335445,3.5663051743676957,1.1117479023639538,6.09544580809308,13.629831180062267,3.8255779633132403,3.960984576400349,6.860626534322091,4.462107083166146,9.606010765280713,21.47969306376245,4.284816738966218,9.323232021647923,16.1483115522473,13.685377037789573,8.846846387213596,19.78214990830803,5.152711451541248,6.7678564607996625,11.722271248438298
0.8040000000000016,0.4033671426682209,5.0209953211492895,11.2272868527982,1.7606503660499777,1.852781554214067,3.2091117872251944,1.3618279543929304,6.283870334606775,14.051161229975097,3.8396981646882398,3.960781436801481,6.860274686215823,4.774316594010883,9.724618272973682,21.74490751360576,4.061441893102539,9.124864332788079,15.804728636562034,13.93545708981855,9.051689131932028,20.240192210196078,5.166831652916249,6.767444710687353,11.721558076323756
0.8060000000000016,0.6940263843179281,5.057678699761172,11.30931338101873,1.5324834438942332,1.6335944169635344,2.8294685291416988,1.5656494520641768,6.3678381595952525,14.23891899457214,3.881741471408157,3.975881206679966,6.8864282548279565,5.064975835660589,9.776462373621875,21.860834446887463,3.8332749709467944,8.915929322392415,15.442842583076816,14.139278587489798,9.18436144139349,20.536856512883794,5.208874959636166,6.782333152464546,11.747345613927386
0.8080000000000016,0.9742783740720663,5.0109804969539296,11.204893025114664,1.2777609355775676,1.399537165952153,2.4240694785100843,1.736327973953324,6.376078199108332,14.25734428306067,3.948205341224092,4.007774760564911,6.941669510590618,5.34522782541473,9.753655943198945,21.80983771813767,3.5785524626301286,8.695355969491844,15.060798329057207,14.309957109378947,9.258894492724586,20.70351748223061,5.2753388294520995,6.8140406220701495,11.802264562263737
0.8100000000000016,1.2131509557087585,4.9031195247234844,10.963708559088172,1.043043337662331,1.1843561089284187,2.0513649549186006,1.8705005951108145,6.293998985687174,14.073809582311247,4.010107196846108,4.0559029663079915,7.025030008214761,5.58410040705142,9.665009813858145,21.611618946989402,3.3438348647148923,8.49346679570587,14.711116022561798,14.444129730536437,9.260707372028646,20.707571203589488,5.337240685074115,6.86189703690719,11.885154304229584
0.8120000000000016,1.4353753079375244,4.756210504449433,10.635210003247497,0.8475962274384239,1.0130167544825899,1.754596487682373,1.9695587473396867,6.117565554653381,13.679292437016166,4.0517309673052555,4.1067972863130775,7.11318155628024,5.806324759280188,9.538724227082932,21.329235790381578,3.1483877544909844,8.333160825525285,14.4334579374524,14.54318788276531,9.185112396332412,20.538535699175267,5.378864455533265,6.913203594080406,11.974019868015032
0.8140000000000016,1.6434107577049901,4.571757391876865,10.222760304873816,0.6763831684454756,0.8674302568340473,1.5024332768590902,2.020911364904788,5.858983409749668,13.101085183243763,4.086500043153545,4.1542932034071995,7.1954468978393376,6.014360209047654,9.378110754120081,20.970093146734317,2.977174695498036,8.195525532115028,14.195066616351186,14.594540500330414,9.044072031588026,20.223159856035455,5.413633531381553,6.961035749871669,12.056867592081048
0.8160000000000016,1.8118421413380161,4.35498346030482,9.738039058128834,0.532504303952282,0.7601800188780181,1.3166704155953957,2.0162357547919068,5.515923291403252,12.333979438252053,4.1286901316432125,4.191533896942769,7.259949671152045,6.182791592680678,9.181494589812173,20.530446037866568,2.8332958310048437,8.090582805939373,14.013300482730163,14.58986489021753,8.835367380365883,19.756482068682356,5.455823619871221,6.997812401007288,12.120566620380178
0.8180000000000016,1.9483552269005049,4.125387629786441,9.224647173739218,0.43742658450218785,0.6710917493198201,1.1623650063622049,1.942743973820447,5.107796454707876,11.421380087959237,4.165405781011126,4.2233363323682225,7.31503310511336,6.319304678243167,8.967381307133843,20.051674182912194,2.7382181115547493,8.004284004534284,13.863826574064253,14.516373109246066,8.568254034026621,19.159198468570324,5.492539269239134,7.029130144754993,12.174810543729624
0.8200000000000016,2.0352255418708074,3.9163722852379865,8.757274654988334,0.3821313385495544,0.6219364835512831,1.0772255885915476,1.8482624810728279,4.697410998572233,10.503730311062682,4.1878215550186875,4.24176066042383,7.346944977400987,6.406174993213469,8.764358008877046,19.59770028699378,2.6829228656021162,7.958884135825711,13.785191694804048,14.421891616498451,8.286384373532172,18.528918746909948,5.5149550432466965,7.047453627917673,12.20654774753902
0.8220000000000016,2.0561934054771296,3.7418144511370435,8.366951471933495,0.3788662513906158,0.6250049851812026,1.0825403893176762,1.6952699030290996,4.2714514893918,9.551255892872787,4.18383690565066,4.2410342016607165,7.345686713913672,6.427142856819794,8.586990781639239,19.201095109909392,2.679657778443177,7.962681439822812,13.791768818258811,14.26889903845472,7.976434392539014,17.835849519784478,5.510970393878669,7.047194369346249,12.206098698521014
0.8240000000000016,2.019144883853833,3.6005877621645244,8.051158995153722,0.4029935390375936,0.6759931972648382,1.1708545632336302,1.5085709102150093,3.871307424558802,8.65650656311312,4.135466549474168,4.188419357144566,7.254555129979363,6.390094335196496,8.436622032536016,18.864860365222977,2.703785066090155,8.01305282778779,13.879014621461916,14.08220004564063,7.673076044759302,17.15751963260702,5.462600037702177,6.995515433142318,12.116588155334695
0.8260000000000016,1.9618945577062168,3.468254096537408,7.755251923099762,0.4732753585096459,0.7592513382710199,1.3150618936000706,1.2747255943138598,3.506192205531946,7.840084113749346,4.055109178882232,4.088757451376917,7.0819356456106535,6.332844009048879,8.305668232331724,18.572038766054252,2.7740668855622075,8.09439207607236,14.01989833214025,13.84835472973948,7.379679949903863,16.50146602017728,5.3822426671102415,6.897009248350188,11.945970438414959
0.8280000000000016,1.8690413424038048,3.3437017526925517,7.4767444155057365,0.5397962398579002,0.8616924303426026,1.4924950698508932,0.973966498239698,3.1954390479292765,7.145218929127071,3.9319333689465097,3.9626299996072305,6.863476490916363,6.239990793746469,8.191894043030842,18.31763194469255,2.840587766910462,8.193259969078188,14.19114254606363,13.547595633665319,7.108669479605709,15.895468185976421,5.259066857174518,6.7715248806052655,11.728625137925095
0.8300000000000016,1.736689832490344,3.22702679501845,7.215851278874535,0.5921364035305042,0.9518605656780034,1.648670861475554,0.628019304893266,2.949722135993215,6.5957792108167075,3.820708975511303,3.810710295707845,6.600343845091808,6.1076392838330085,8.095774622082835,18.10270238549489,2.8929279305830664,8.27656351516107,14.335428520329838,13.201648440318888,6.86675183124596,15.354523879287132,5.147842463739311,6.620861036017242,11.467667704234977
0.8320000000000016,1.5752956426034146,3.119865115876781,6.976230479730741,0.6501751405009585,1.0335893342422857,1.7902292410689291,0.263950604561181,2.779649767087998,6.215485832850222,3.6655326914126998,3.648405162689611,6.3192231083750015,5.946245093946076,8.021488943693257,17.936594558861106,2.9509666675535198,8.3519325272208,14.465971478533561,12.837579739986804,6.667998851030854,14.910098704795484,4.992666179640708,6.4593327353078065,11.18789248054597
0.8340000000000016,1.3691727429360276,3.019938719888989,6.752788265555476,0.7065680611041425,1.0900685817401443,1.8880541673084774,-0.12621591120699022,2.6738408274672425,5.978889851231042,3.4948600300688035,3.456535870272854,5.986895745496889,5.740122194278692,7.964896272757712,17.810049499620952,3.007359588156705,8.406502693455845,14.560489779030137,12.447413224218632,6.511102946713513,14.559268797350606,4.8219935182968126,6.268026046719899,10.856539576083957
0.8360000000000016,1.1319154516518934,2.9203592426189555,6.530121785215786,0.7074285115365386,1.107431103849833,1.9181269377499965,-0.531963905884103,2.617694438031799,5.853342707762214,3.3165745512487117,3.2575194588337846,5.642189209344388,5.502864902994558,7.921023051953876,17.711945995511716,3.0082200385890996,8.419921343151723,14.583731562072366,12.041665229541518,6.392201528588325,14.293397143801561,4.64370803947672,6.069401914677095,10.512512487776553
0.8380000000000016,0.8544648650913835,2.8238240332674764,6.314262494883705,0.6856543498599793,1.1036291883124318,1.9115418268731321,-0.9279064686253008,2.5836481852936473,5.777212972260568,3.149453336123317,3.0642647671951435,5.307462264625205,5.225414316434047,7.886861306356183,17.63555801012522,2.98644587691254,8.413483835851315,14.572581472353964,11.64572266680032,6.309993086631092,14.109573479260842,4.476586824351325,5.876691775559236,10.178728735690752
0.8400000000000016,0.5614540230419431,2.7401558983429464,6.1271748576418315,0.6655866321842133,1.0751209868749552,1.8621641735510142,-1.3172120275075225,2.5481446407268,5.697824633166904,2.958854466972714,2.857141217351212,4.948713752851492,4.932403474384604,7.872024562375203,17.602382042018988,2.9663781592367755,8.389086332515877,14.530323756999156,11.256417107918097,6.2531716076673804,13.982516789715909,4.2859879552007225,5.6708585356512025,9.822215106283526
0.8420000000000016,0.25102739350070236,2.66195585826968,5.9523142521948005,0.6299271322951391,1.0600192014847618,1.836007113970198,-1.686225267161273,2.4997730955485578,5.589662569971653,2.738282454996762,2.628274403169063,4.552304802521584,4.621976844843366,7.8632830440044295,17.582835412715376,2.9307186593477006,8.374033282215494,14.504251109070001,10.887403868264347,6.221229032203587,13.911091019602448,4.06541594322477,5.443329571529948,9.428123380231996
0.8440000000000016,-0.035461083545204455,2.5908221661466935,5.793254481117262,0.5860783811308484,1.0402301975638122,1.8017315537479337,-2.032115376409395,2.451476663584137,5.4816684650285135,2.513003272916403,2.4245236853266166,4.199398207139836,4.33548836779746,7.862183158791058,17.58037599461083,2.8868699081834097,8.351488980554086,14.465203233171284,10.541513759016224,6.228081601997625,13.92641383148248,3.840136761144411,5.240669977179201,9.077106666175204
0.8460000000000016,-0.28138719026497316,2.529616436767045,5.656394309611912,0.5205496725480145,0.9893519307570366,1.7136078106375532,-2.35221746077393,2.404318412247066,5.376219409338804,2.307669645504503,2.24135230265383,3.882136065857929,4.08956226107769,7.866324644581302,17.589636638365665,2.821341199600576,8.304221643728482,14.383333804250867,10.22141167465169,6.2646037162202655,14.008079761566316,3.634803133732511,5.057947353271136,8.760621797874137
0.8480000000000016,-0.4939067351755143,2.4904343864210117,5.568780581540362,0.41665428997985404,0.8944374367123625,1.549211084577484,-2.6351509829299955,2.3548701458142007,5.265649724225395,2.1452329932534915,2.0986385335091073,3.6349485667596135,3.8770427161671486,7.881335178755371,17.62320121315747,2.717445817032415,8.21579779758763,14.230179210134256,9.938478152495625,6.306485438035751,14.101730138560479,3.4723664814815005,4.9149868368025365,8.513006919874234
0.8500000000000016,-0.6693034655814828,2.4861169121505142,5.5591264155804225,0.2639361735460782,0.7770264283367134,1.3458492527029648,-2.8769630304352334,2.323798376041128,5.196171134831581,2.019656323481716,2.0200343936415304,3.49880220282372,3.701645985761181,7.91632189070894,17.701433879394852,2.5647277005986404,8.102887373691965,14.034612619242827,9.696666104990388,6.365072791236052,14.232735442938141,3.346789811709725,4.835436106651752,8.375221013473874
0.8520000000000016,-0.8043812957877815,2.5152225061852027,5.624208502367499,0.09398643324893656,0.6215706937814063,1.076592022125232,-3.0345625708212594,2.3294595640598295,5.208829936074805,1.9379825927211367,1.9820484820313984,3.4330086739431507,3.5665681555548807,7.970058336919876,17.821592225991765,2.394777960301497,7.954859672604881,13.778221120032379,9.539066564604363,6.437289614275319,14.394217168373014,3.2651160809491437,4.796596573020616,8.307948967882467
0.8540000000000016,-0.8997083045701639,2.5829498677439022,5.7756514867494575,-0.06805973907295286,0.4532431117727754,0.7850400977710664,-3.1424723734827844,2.38778079786162,5.339240179387267,1.8449212272297413,1.9772072870587822,3.4246234782812324,3.471241146772499,8.04807368305918,17.996039843247424,2.2327317879796076,7.793892683113517,13.499418115891931,9.431156761942837,6.517151376153573,14.572793496735692,3.172054715457749,4.789651575311797,8.295919878992343
0.8560000000000016,-0.9440416790214605,2.6894011874900015,6.0136838739963006,-0.2244517506055231,0.29246729202088184,0.506568209332251,-3.179320533163704,2.5301599173072793,5.6576095690443235,1.7817455658859196,1.9860124790989955,3.439874518265283,3.426907772321203,8.153172012583596,18.231046852385692,2.0763397764470386,7.632482325210639,13.21984717513627,9.394308602261917,6.621398472029727,14.805897089571712,3.1088790541139275,4.795977122703167,8.30687604845988
0.8580000000000017,-0.9342098075642429,2.831209938924373,6.330777882007926,-0.37851158161028664,0.16370435963803526,0.28354426831360485,-3.177506962172437,2.751252083645766,6.151986682269871,1.7282759353690702,2.0142383936313895,3.4887632363254863,3.43673964377842,8.284661796233124,18.525066946972775,1.9222799454422745,7.488302164735836,12.970119811750475,9.396122173253184,6.747565780280366,15.08801576735831,3.055409423597078,4.822285052383495,8.352442719308158
0.8600000000000017,-0.8815810094271169,3.00382462170316,6.716756046615856,-0.4808942533777533,0.11741533538181609,0.20336932646904513,-3.1356904666303236,3.0232264281134267,6.760139804635504,1.6625621791037701,2.023062841938054,3.504047629141394,3.489368441915546,8.438892552404987,18.869937401994257,1.8198972736748082,7.363419273554834,12.753816299228886,9.437938668795296,6.88807753537502,15.402209603387758,2.989695667331779,4.829318896448594,8.364625694601427
0.8620000000000017,-0.8000543258608677,3.1970804770432486,7.14888927620616,-0.5750199260325058,0.18332883880167963,0.3175348632971137,-3.0780187040223845,3.3198048630397747,7.423309345791316,1.6036536044752812,2.022785533473306,3.5035673167910817,3.5708951254817927,8.607110306432043,19.246083735021095,1.7257716010200561,7.258989466530301,12.572938567637781,9.495610431403236,7.03038662293442,15.720422396986546,2.930787092703289,4.826543013658404,8.359817724572961
0.8640000000000017,-0.7073079233324783,3.3974201059120284,7.596862304943831,-0.6514494634022393,0.2638326079363533,0.45697148163916373,-3.0100224715540813,3.615407338815451,8.084296575942963,1.5690350959367503,2.024038157982849,3.505736926084416,3.6636415280101837,8.777546601168536,19.627190875885084,1.6493420636503224,7.168418033872297,12.416064244559815,9.56360666387154,7.167170457623035,16.026280349573383,2.8961685841647586,4.824964608151098,8.35708384603936
0.8660000000000017,-0.5940757619218894,3.593981118435906,8.036386090673409,-0.7202061156531121,0.34426119495348195,0.596277880733805,-2.9357089169302015,3.8847159469837633,8.686488930733164,1.5655073884628472,2.0442285080994615,3.5407076383089935,3.7768736894207713,8.942180457445932,19.99532336991927,1.5805854113994495,7.081972794294918,12.26633669753933,9.637920218495417,7.291667831628665,16.304664940870186,2.8926408766908565,4.8420087846494795,8.38660522570773
0.8680000000000017,-0.5061715037716977,3.766590756769612,8.42235297555923,-0.7578041416012223,0.4030769923861117,0.6981498301747989,-2.878293965632925,4.084056708109107,9.13222842329598,1.5627697087112737,2.043540517119527,3.539516002976597,3.8647779475709663,9.079424170555479,20.302209641916697,1.5429873854513385,7.024600064984459,12.16696421540472,9.695335169792695,7.363932661851997,16.46625401363204,2.889903196939281,4.838335297087938,8.380242558610167
0.8700000000000017,-0.43310679359203846,3.9035665920234948,8.728640254461723,-0.782560763024967,0.42638532240788074,0.7385210420120859,-2.83195767208679,4.199584327214754,9.39055603289491,1.5670379695229808,2.0438509601554036,3.540053706087592,3.9378426577506263,9.18020859883591,20.52757047462519,1.518230764027594,6.993526618743789,12.113143427749618,9.741671463338829,7.37997863717294,16.50213390521495,2.894171457750988,4.83627170876622,8.376668318791046
0.8720000000000017,-0.38962059439036134,3.983088750377463,8.906457206258699,-0.7329978441961124,0.37980354088796725,0.6578390297125227,-2.7954891995651687,4.246102021907821,9.49457276038519,1.5681304401371978,2.032812162434417,3.520933947580367,3.9813288569523,9.229045368510006,20.63677281141797,1.5677936828564487,7.028631122928788,12.17394621257255,9.778139935860455,7.363911772156447,16.46620730285276,2.8952639283652055,4.824467336592978,8.356222546435538
0.8740000000000017,-0.38886009232793634,3.998604646942659,8.941151805710332,-0.6396646528008767,0.3284435471586852,0.5688809110969872,-2.776654757249839,4.219242094242755,9.434512136255375,1.5581715669946297,1.9921756335840684,3.450549414968325,3.982089359014727,9.21629205909511,20.608255544628175,1.661126874251685,7.075973653803735,12.255945881406857,9.796974378175783,7.3013038099847085,16.326211643504017,2.885305055222638,4.784589671781674,8.287152404895158
0.8760000000000017,-0.444500119074324,3.9487267619526185,8.829621464298686,-0.5009174820313343,0.22487653310370526,0.389497580765562,-2.7929739048212516,4.100022391838325,9.167928777421775,1.5358266750008516,1.9283588832656737,3.3400155610429283,3.92644933226834,9.138513690132585,20.43433782444891,1.7998740450212274,7.174730931393725,12.426998503809903,9.780655230604369,7.189288216293,16.07573716146936,2.862960163228859,4.721659768219857,8.178154614610682
0.8780000000000017,-0.542092992394563,3.8277390267441755,8.559084663928862,-0.3604217734485909,0.10676007721026468,0.18491387794815461,-2.815861542213058,3.9176973036747866,8.76023748628446,1.5149544605408423,1.8712737294772057,3.2411411743234186,3.8288564589481,8.995786868652937,20.11519094940794,1.9403697536039701,7.291926912852653,12.629987898139667,9.757767593212563,7.051850323005376,15.76841668939387,2.842087948768851,4.666386217311587,8.082418016122812
0.8800000000000017,-0.6562766530733658,3.6752220841391634,8.218046412543622,-0.21397165080487687,0.077536688701835,0.13429748428222996,-2.868955344209401,3.6643712558011283,8.193783222767594,1.5122210107737468,1.8283722268037628,3.1668335919719635,3.7146727982692958,8.825413583377665,19.73422470198247,2.086819876247684,7.403911867926393,12.823951530010703,9.704673791216221,6.889695595598261,15.405827696038614,2.839354499001755,4.626758844040255,8.013781392246369
0.8820000000000017,-0.7780574255285707,3.4995157191091395,7.8251550362570965,-0.08676318817441786,0.16678698844818066,0.2888835380336523,-2.9267518413485774,3.360143473459981,7.513509220808778,1.5394463767086464,1.8235738089306586,3.1585224884198007,3.592892025814092,8.634731055407938,19.307845607320655,2.2140283388781437,7.508170967464039,13.004533587561287,9.646877294077044,6.71822669230307,15.022411572243227,2.8665798649366536,4.624583314393445,8.010013264364721
0.8840000000000017,-0.8942426291213164,3.304982719884215,7.390166026123252,0.042881033825978965,0.273007497814783,0.47286285706245335,-2.971575849332755,3.0241974455726437,6.762311065681652,1.6143113210422049,1.8732357594433424,3.2445395099107404,3.4767068222213466,8.432024332742504,18.854579595944546,2.343672560878541,7.6119043403556175,13.184205059849988,9.602053286092865,6.561391985267461,14.671718506080342,2.941444809270213,4.676127360865365,8.099290171681778
0.8860000000000017,-0.9811380011771342,3.1037371427868163,6.940167235562293,0.18563060091390612,0.39024429937540744,0.6759229538823252,-3.0056540016946243,2.6704652820794332,5.971341902282764,1.7185288592989576,1.9556915790960459,3.387357178928959,3.3898114501655288,8.233719509507214,18.41115653092436,2.486422127966467,7.7180713799012794,13.368091766432249,9.567975133730998,6.432084752448059,14.382578743513768,3.0456623475269655,4.760472815943813,8.245380785265167
0.8880000000000017,-1.0521044848765857,2.898434936137495,6.481097545563701,0.3160892121358164,0.5079402835390915,0.8797783783006479,-3.012878377476521,2.3247621177321363,5.198326126765426,1.8408108278063553,2.072863113698576,3.5903042300613555,3.3188449664660773,8.039999935726556,17.97798639537852,2.6168807391883777,7.82223157451832,13.548502515635226,9.5607507579491,6.345606732941814,14.18920801333825,3.167944316034363,4.8780651390820635,8.449056663520675
0.8900000000000017,-1.1081048549363082,2.7153321689457157,6.071667311254564,0.4476918610600345,0.6330536439979101,1.0964810753210006,-2.986501341681234,2.0219272445935537,4.52116676447003,1.9733332139229087,2.1990653899352632,3.80889298453414,3.2628445964063566,7.873219195576386,17.60505332306501,2.7484833881125965,7.937188294684395,13.747613395634346,9.587127793744388,6.310488981922596,14.110682334842366,3.3004667021509166,5.004616951029362,8.668250831603299
0.8920000000000017,-1.1003207408974327,2.548121984698412,5.697773972747328,0.5889136448255946,0.7520765773197603,1.3026348431003278,-2.935560739152757,1.7858192007997706,3.993213128512634,2.1321270471451483,2.351627309740395,4.073137980936877,3.2706287104452314,7.7388754099267,17.304651485997653,2.889705171878157,8.045946880422765,13.935988791892537,9.638068396272866,6.328930533847881,14.151918898557897,3.4592605353731565,5.157226992412506,8.932579177024092
0.8940000000000017,-1.0565833068323334,2.432737901947285,5.439767320194347,0.7448108854553718,0.875799767225046,1.5169296940907757,-2.8498658992324115,1.6502071842585315,3.6899754409605974,2.2750872301124034,2.5034899643245456,4.3361718144489085,3.3143661445103305,7.663482481801587,17.136067773687145,3.0456024125079324,8.160444642246048,14.134304732723386,9.72376323619321,6.40178119630454,14.314817932016878,3.602220718340412,5.309273962262636,9.195932253941411
0.8960000000000017,-0.9484594634522653,2.3690618750344306,5.297383395480099,0.856702663676909,0.9609630647111087,1.664436852276739,-2.7356641496647223,1.5971940163774974,3.5714343938759967,2.391490244528073,2.6420952905579727,4.576243281684864,3.4224899878903985,7.642109306329942,17.088275900437516,3.157494190729471,8.235804726330942,14.264832227221083,9.837964985760898,6.5053324777724,14.546365636536228,3.718623732756082,5.447776659362386,9.4358259623035
0.8980000000000017,-0.8208740819483318,2.3488096993292373,5.252098153911017,0.9361884387930889,1.0061639784151983,1.7427271313607586,-2.572968579338343,1.6525892157972915,3.695301825405813,2.4808207098196244,2.7644237153438245,4.788122328623827,3.5500753693943303,7.660720476464729,17.129891741999714,3.23697996584565,8.275241807091806,14.333139254801097,10.000660556087277,6.650164512873286,14.870219912341444,3.8079541980476335,5.570042564373858,9.64759672181676
0.9000000000000017,-0.6617673929262352,2.3625841530880014,5.282898768868541,0.9837043199194596,1.024584465754686,1.7746323513329305,-2.37479426556565,1.781992293012598,3.984655902556893,2.558525627317762,2.8801725606976363,4.988605209694062,3.7091820584164266,7.712639608318533,17.24598645015759,3.2844958469720207,8.284219306312272,14.348688739575854,10.198834869859969,6.816228502253724,15.241550281210905,3.8856591155457707,5.685472712300634,9.847527602751128
0.9020000000000017,-0.4754176629192709,2.404207932087365,5.375972368191547,1.0141690950357842,1.0160609623600754,1.7598692103949791,-2.1303332102096677,1.9631474076522188,4.389731053362852,2.6270611094645404,2.9628900715362865,5.131876141142233,3.895531788423392,7.785421913223094,17.408732631483307,3.314960622088345,8.271115215026837,14.325991787682462,10.443295925215955,7.00054733695207,15.653699725129954,3.954194597692549,5.767939242050819,9.990363822202339
0.9040000000000017,-0.31313387462890974,2.452623316692547,5.48423245932553,1.0196173252419516,1.0040875725450504,1.739130690896528,-1.8502872551861387,2.165171097534584,4.841469757005157,2.703436635745133,3.0358043707811126,5.258167412032553,4.057815576713753,7.856594561602959,17.567879511399376,3.320408852294513,8.251233390293963,14.291555457097944,10.723341880239483,7.1861788041110755,16.06878430446051,4.030570123973141,5.840309928849341,10.115713528716032
0.9060000000000017,-0.14333308074973825,2.4972469819042167,5.584014008144016,1.0354592243326866,0.9956948938041995,1.7245941449057711,-1.5572917326309637,2.3765120504200086,5.314042494086547,2.7688923210412124,3.0867593914085893,5.346424096660063,4.227616370592924,7.918749602412509,17.706862407793803,3.3362507513852475,8.232290585298868,14.258745556408568,11.016337402794658,7.3660289430348165,16.470941440856777,4.096025809269221,5.890438643689671,10.202539009737617
0.9080000000000017,0.0009384934353294128,2.5218928887306626,5.639123931175075,1.0105746747651159,0.9616775694675425,1.665674410817132,-1.257990069290673,2.58487127240485,5.779947878183621,2.8390689690784057,3.1335873597121906,5.427532516977125,4.371887944777991,7.953911771138244,17.785487407300863,3.311366201817677,8.198761741787896,14.200671895928538,11.31563906613495,7.530832194928739,16.839452715004608,4.1662024573064125,5.936776141966558,10.282797911048819
0.9100000000000017,0.13800006243074278,2.5305701292167373,5.658526830759052,0.9493967350890705,0.9129300271702998,1.5812411908141948,-0.9124821823977918,2.8021696578796846,6.2658418395063045,2.894523954441009,3.1663364100269846,5.484255536021978,4.508949513773406,7.9637949894382665,17.807586955256184,3.250188262141632,8.148460901755959,14.113548285329829,11.661146953027833,7.689023323221037,17.193178831303577,4.221657442669017,5.96878802091513,10.338244111833491
0.9120000000000017,0.3009964432691662,2.53669869173069,5.672230713144606,0.8956114416759432,0.8471722099093031,1.4673453103233187,-0.5417949781393068,3.0336515290767445,6.783451039061781,2.9303393139443745,3.1854164862432923,5.51730319744091,4.67194589461183,7.960694938684705,17.800655031037522,3.1964029687285045,8.082299808158668,13.998953909735002,12.031834157286315,7.847193116117283,17.546857240206645,4.2574728021723836,5.986905408974923,10.369624348453495
0.9140000000000017,0.49192340228458226,2.5436535113706404,5.6877821626307865,0.8293709304763452,0.7324590858564501,1.268656351168826,-0.1433330662296381,3.2668345444303304,7.304864112590776,2.9652276321966884,3.220350572812866,5.5778108102954205,4.862872853627246,7.947835325832998,17.771900062536776,3.1301624575289058,7.963733698264492,13.793591383342495,12.430296069195984,7.99682355972862,17.881441083625045,4.2923611204246965,6.0209946753728065,10.42866868984738
0.9160000000000017,0.6997524935686918,2.5530718459393413,5.708842198961238,0.709830042474878,0.591061230572498,1.0237480817357496,0.26152365845429343,3.4847963586026145,7.792241545579181,2.991808912525111,3.2448844293322634,5.620304696292622,5.070701944911354,7.931612146564895,17.73562393088213,3.0106215695274394,7.821827120680486,13.54780198103878,12.835152793879914,8.124568272368201,18.167086944853324,4.318942400753119,6.044582724834003,10.469524389965619
0.9180000000000017,0.958856148658778,2.5585030606335346,5.72098676421785,0.5678552611485636,0.44893472044565425,0.7775777450936036,0.6354841280487286,3.6776397478076617,8.223452472853115,3.0372676665726552,3.2698162843115983,5.6634879358437695,5.32980560000144,7.904619858606734,17.675267340139435,2.8686467882011244,7.67547707834337,13.29431627202104,13.209113263474347,8.219556104466973,18.379486194461514,4.364401154800664,6.068331637315525,10.510658713008123
0.9200000000000017,1.2582057864500311,2.572825101369291,5.7530118208795225,0.4625218952136126,0.33382952236693436,0.5782096938059812,0.9676415096854043,3.839467198985327,8.585309654311903,3.1048298608505096,3.318771879511127,5.748281514044128,5.629155237792691,7.881852219705248,17.624357351868543,2.7633134222661737,7.548600301049493,13.074559247447445,13.541270645111023,8.27638254233474,18.506553972453013,4.431963349078518,6.115702557565243,10.592707553681926
0.9220000000000017,1.6000615988252551,2.59377490694262,5.79985701025689,0.38449036494103545,0.26514378480686696,0.45924250659660254,1.2215928563255454,3.946442330419397,8.824513320100458,3.204648091278592,3.419654851358852,5.923015946902928,5.971011050167918,7.871387416450589,17.600957340419964,2.6852818919935966,7.4570904275542755,12.916059497159527,13.795221991751168,8.27792561487048,18.510004387537137,4.5317815795066,6.2142210084112035,10.763346516030108
0.9240000000000017,1.9754757892441681,2.616009156644709,5.849574304019464,0.3445160713063478,0.21126381517559076,0.365919661684964,1.405543751601739,3.9930431090335787,8.928715828886187,3.3203499795022204,3.5430181151659155,6.136687387604285,6.34642524058683,7.884841847060355,17.631042361861955,2.6453075983589094,7.40659479261595,12.828598491885897,13.97917288702736,8.226893191541755,18.395892419917566,4.64748346773023,6.335342074797911,10.973134356878807
0.9260000000000017,2.3688105863165627,2.6484301283862552,5.922069800730163,0.33718178787330616,0.18559669591068736,0.32146290703422137,1.4776013727593396,3.968753653967658,8.874402956222362,3.4550351540421738,3.680886597657906,6.3754826040428325,6.7397600376592255,7.927498896620487,17.72642642439799,2.6379733149258673,7.394484138697911,12.80762222398697,14.051230508184961,8.111120730657998,18.137017327459045,4.7821686422701815,6.4715844781656084,11.209113121656953
0.9280000000000017,2.780462872411176,2.682133672763868,5.997433217041186,0.36974157585298584,0.17819962023501487,0.30865079613652474,1.447965694915239,3.8968919528888493,8.713715307631375,3.5789437302234397,3.810676958444593,6.60028610325807,7.15141232375384,7.987502218758397,17.860597931574173,2.6705331029055475,7.4089615549652885,12.832697844524391,14.021594830340863,7.949370240057032,17.775332235081347,4.906077218451449,6.59982108737624,11.431225444200122
0.9300000000000017,3.18464244220497,2.732238336148467,6.109470650358894,0.43062538689745994,0.20537519739292998,0.3557202764990419,1.3480662903911569,3.7977310265351893,8.491984735592741,3.706070130533971,3.955443483383835,6.851029079688024,7.555591893547633,8.069750383561715,18.044510419098998,2.731416913950021,7.45658209693284,12.915179042696156,13.921695425816779,7.757866828365617,17.347117588616214,5.03320361876198,6.743172634320094,11.679517606850471
0.9320000000000017,3.58597739603058,2.807115157962822,6.27690031387493,0.5643909697317678,0.28990080566828286,0.5021229245726174,1.1786248214622357,3.678709319741007,8.225844108402901,3.8255090400484257,4.089905918631232,7.083924849245956,7.956926847373244,8.172394033536547,18.274028597901413,2.8651824967843296,7.549950527448263,13.076897908171834,13.75225395688786,7.541928926079344,16.8642657601854,5.152642528276433,6.876385865160934,11.910249690907207
0.9340000000000017,3.943950012131323,2.898162301726814,6.480487916488412,0.7707153334487195,0.405594679373178,0.7025105919539528,0.9316557450817264,3.5385828913388675,7.91251188905146,3.9210777328855375,4.2012057734257695,7.276701852625134,8.314899463473989,8.276701457731882,18.50726708896009,3.0715068605012807,7.677984152248358,13.29865865140281,13.505284880507347,7.3048114496030765,16.33405496413126,5.248211221113546,6.987164991541028,12.102124766215624
0.9360000000000017,4.222053235151873,3.0026127508763625,6.714046221067188,0.998347877471875,0.5874775304334627,1.0175409310158487,0.6203313355010629,3.3849273938696967,7.568927751593847,3.999397364067605,4.300379561967911,7.448475893159214,8.593002686494534,8.37270233224574,18.721931570272506,3.299139404524436,7.864212714359706,13.62121598280016,13.193960470926683,7.046213359105264,15.755812054926507,5.326530852295613,7.086739974292464,12.274593695503906
0.9380000000000017,4.423618757839753,3.1175577046274965,6.971070951325293,1.2371854141758687,0.8283604504127188,1.4347623870954684,0.24914604927346548,3.2305371260769165,7.223700617744794,4.065834892122989,4.3568326099382215,7.546255440485916,8.794568209182415,8.456964019322138,18.910346430474146,3.5379769412284308,8.101067704595401,14.031460859914615,12.822775184699088,6.777722006759854,15.155447139711322,5.392968380350998,7.144406913170241,12.374475763557184
0.9400000000000017,4.535967411066153,3.233821423934875,7.231044531013547,1.5145253221376807,1.0991400961454114,1.9037664911599932,-0.12721110987497566,3.105416023929816,6.9439213279241825,4.117920866840613,4.4037031368913135,7.627437574546197,8.906916862408815,8.524403390729784,19.0611454493015,3.8153168491902414,8.361113651103517,14.48187365156901,12.446418025550646,6.533247782015156,14.608786154435618,5.4450543550686215,7.192943264227659,12.458543189602633
0.9420000000000017,4.559966998158131,3.351194002334522,7.49349759500958,1.817972045801456,1.3747582606005038,2.3811511554850875,-0.46272848605614314,3.014050096028444,6.73962090230937,4.1417918779297365,4.43879830326326,7.688224185802492,8.930916449500794,8.58360780273799,19.193530539119752,4.118763572854017,8.629347545687759,14.94646838530099,12.110900649369478,6.332727957645192,14.160410196308058,5.468925366157745,7.228958938237342,12.52092416685624
0.9440000000000017,4.461076537479083,3.46727894709082,7.75307142264897,2.0990586918428287,1.630771686213682,2.8245794160668676,-0.7382637082782546,2.967388046573969,6.635281387759707,4.134695822928947,4.448862629045673,7.705656109401557,8.832025988821746,8.633444480698879,19.304968738813066,4.3998502188953905,8.879436084838877,15.379634441501405,11.835365427147368,6.186252559740241,13.83288124956126,5.461829311156955,7.239863239108325,12.539810969985801
0.9460000000000017,4.297147907671972,3.5725241638083656,7.9884068815361,2.3655868694873345,1.8644414173139134,3.2293072625234256,-0.9320535177261577,2.9655106830007787,6.631083475191572,4.1092642210216574,4.412966060753866,7.64348142930278,8.668097359014634,8.676774940060984,19.401858591443023,4.666378396539896,9.105007753608309,15.770336032558161,11.641575617699464,6.099065380423827,13.637924789843293,5.436397709249666,7.205166323569931,12.479714149407377
0.9480000000000017,4.075379342801587,3.6405581368895454,8.140535470125009,2.5718724250427454,2.050546635291369,3.55165095561406,-1.0554394666286357,3.014401030005363,6.740405614537375,4.070873665466131,4.350399163779515,7.535112384871277,8.44632879414425,8.69663615811126,19.44626962511939,4.872663952095307,9.281109128591291,16.075352561311423,11.518189668796985,6.0734703941558,13.58069266066481,5.398007153694138,7.143577651011429,12.373039439365328
0.9500000000000017,3.8274631285632177,3.670407330180259,8.207280295396576,2.7360692487287537,2.1939362569432963,3.8000090655932763,-1.0940608224504325,3.1117064862274684,6.957987229231633,4.008562342556211,4.287393429619859,7.425983252138574,8.198412579905881,8.695512611234573,19.44375729792721,5.036860775781315,9.416576200460476,16.309988412541436,11.479568312975188,6.112063170985442,13.66698873309637,5.33569583078422,7.080569627061115,12.263906340598867
0.9520000000000017,3.5745227562408006,3.6627677905298475,8.19019776542145,2.8665861538076736,2.2965242885060397,3.9776967485084276,-1.0626998333624555,3.2380004563344587,7.24038913153919,3.93437024009434,4.206751177411267,7.28630677407651,7.945472207583462,8.676537519215968,19.401327702294292,5.167377680860236,9.514474757341473,16.479553687046995,11.510929302063166,6.193744721879338,13.84963423340273,5.2615037283223485,6.999679516394495,12.123800559094413
0.9540000000000017,3.302306612394984,3.6175399313667578,8.089065197855994,2.9292751307427873,2.343104633695655,4.058376273010937,-0.9937616022250438,3.3741161026664113,7.544752969538756,3.830053792101421,4.10849918157986,7.1161293253514675,7.673256063737645,8.638735923391037,19.316800764371777,5.230066657795349,9.560122559199636,16.55861799911917,11.579867533200577,6.302958284431302,14.093843183333846,5.1571872803294285,6.900701154899242,11.952365008134715
0.9560000000000017,2.9952674012170073,3.5321487724761167,7.898124761899036,2.905350325020997,2.3299491226199196,4.035590259428228,-0.8903017166631635,3.5102911546331232,7.84924964257589,3.724550549253761,3.9859000873259527,6.903781465141774,7.36621685255967,8.579318438175324,19.18393922837735,5.20614185207356,9.550419198420801,16.54181128524606,11.683327418762458,6.4325496989471365,14.383618395491606,5.051684037481768,6.778314376163317,11.740384889189404
0.9580000000000017,2.683118041536376,3.4361955930957384,7.683566930147278,2.815595966405026,2.280963545905898,3.950744751721481,-0.7823034964372184,3.6387651522377493,8.136526234560979,3.6133219307126283,3.8729506359121184,6.708147276605981,7.054067492879038,8.52522421823109,19.06298087539222,5.116387493457586,9.504077634947175,16.461545342807558,11.791325638988402,6.56743845725194,14.685238828461687,4.940455418940638,6.6643933354598515,11.543067858639878
0.9600000000000017,2.3839058430001323,3.3478812801681204,7.486090123054936,2.662190368933437,2.154585864635721,3.7318521868187884,-0.6625448795380082,3.7657594005588098,8.420494006558359,3.509476511329213,3.758918295838267,6.510637469892099,6.754855294342796,8.489686138035603,18.983515312285274,4.962981895986,9.378755172880993,16.24448047117931,11.911084255887614,6.713601248028245,15.012068764418583,4.836609999557222,6.549187819831782,11.343526052259891
0.9620000000000017,2.086819543332745,3.268424741455311,7.308419901236251,2.475332886343384,1.9671212402319413,3.407153932729625,-0.5562605219865978,3.879629989634171,8.675116384368811,3.403606109466043,3.6580756213657306,6.335972834134536,6.4577689946754075,8.470150829685961,18.939833034854054,4.776124413395946,9.199461209222932,15.933934216633137,12.017368613439023,6.852510676497531,15.32267968919155,4.730739597694051,6.446358134264476,11.165419812330986
0.9640000000000017,1.8053484443309418,3.1921490321977704,7.137862230304379,2.2817739076342733,1.7687001402196767,3.063478506214677,-0.47222978639145985,3.98013553000148,8.899853604745463,3.298077604475706,3.5525693109169665,6.153230543918141,6.1762978956736045,8.455460055708139,18.90698346559756,4.582565434686834,9.012281872425525,15.609730095172985,12.10139934903416,6.982711336651174,15.613817216010444,4.625211092703714,6.33852607066468,10.97864919949114
0.9660000000000017,1.5305532064068788,3.110613078314942,6.955542294812088,2.078613020963313,1.5646901737253829,2.710122878996136,-0.43597323695739626,4.054532283877855,9.066209803718358,3.20477532547809,3.454765577522773,5.983829508509477,5.901502657749542,8.431993481380673,18.854510610202293,4.3794045480158745,8.814362955208335,15.26692447477379,12.137655898468225,7.086767079417135,15.846492930284365,4.5319088137060985,6.238821966773513,10.805956625828514
0.9680000000000017,1.2856507083365707,3.014415047584025,6.740436958796143,1.8877995929304845,1.38724834328555,2.402784613286324,-0.45263734407641965,4.10794602738271,9.185646565127954,3.1601379999070764,3.405490460249889,5.898482501843928,5.656600159679234,8.389665272436787,18.759861857637947,4.1885911199830455,8.641103588637094,14.966830448985203,12.120991791349201,7.171226856880314,16.03535073405654,4.487271488135083,6.188720552008686,10.719178429924751
0.9700000000000017,1.046574224504308,2.9135959594889624,6.514998624386044,1.7195219466675866,1.2516815652427502,2.167976065897782,-0.5192415227860693,4.1407869687501835,9.259081142470707,3.126485128317021,3.3846757600735136,5.862430383594132,5.417523675846971,8.333237757407938,18.63368609823205,4.020313473720147,8.512350647573708,14.743823813439496,12.054387612639552,7.23844308212263,16.185650782889294,4.453618616545029,6.167505573169112,10.682433008693112
0.9720000000000018,0.814833701417508,2.804101639014521,6.270161880655046,1.603286054452144,1.1436699103227803,1.980894391766797,-0.6309464413489924,4.153469661946561,9.287440506595582,3.1186302979777025,3.399806292506501,5.888637234513635,5.185783152760171,8.257050942278441,18.46332720061329,3.904077581504705,8.408454769278846,14.563870873535802,11.942682694076627,7.290222733807823,16.30143360390865,4.445763786205711,6.183078935939277,10.709406864255739
0.9740000000000018,0.5789749670199271,2.6883674222505136,6.011372304648029,1.5078049136225127,1.0708102651833107,1.8546977845637966,-0.7728054828658945,4.148306503736525,9.275895333859356,3.1475632168069794,3.4392238380607947,5.956910426123333,4.94992441836259,8.161962182025146,18.25070226879074,3.8085964406750743,8.340012723823065,14.445325773432453,11.800823652559725,7.333315884726483,16.397792818727428,4.474696705034987,6.223693304040357,10.779753013324115
0.9760000000000018,0.31991686083279197,2.57017296209163,5.747081457168875,1.4262712059264162,1.0491252316766078,1.817138204766354,-0.9270019998316746,4.150254143039677,9.280250387736855,3.1881436184483394,3.496865672553088,6.056749012105461,4.690866312175455,8.048204777210346,17.996332978680886,3.727062732978977,8.318223508746797,14.40758574586331,11.646627135593947,7.388883577361871,16.52204595681297,4.515277106676348,6.28223296834985,10.881146686166181
0.9780000000000018,0.04436385551026474,2.462092345982924,5.50540585249975,1.3777064645203285,1.0385940463372063,1.7988976566945862,-1.0725431195922333,4.161078928709039,9.304455344335413,3.2512502598323696,3.560341935361892,6.166693124364905,4.415313306852928,7.9247228558810745,17.720219008596352,3.67849799157289,8.30528276605939,14.385171722041045,11.501086015833389,7.4563740914795344,16.672959334216475,4.578383748060379,6.3474733500376725,10.994146341954677
0.9800000000000018,-0.23022972719051998,2.3785030089822743,5.318494412772158,1.351979311493036,1.0534748971091357,1.8246720462914183,-1.2005086429452052,4.1920276501380105,9.373658789267298,3.331714619557306,3.665570062217176,6.348953586463559,4.140719724152142,7.80639027300828,17.455619309339657,3.6527708385455973,8.317530481759883,14.406385387910959,11.373120492480416,7.543816285366598,16.868486023849666,4.658848107785315,6.453189800906482,11.177252606055314
0.9820000000000018,-0.5012697053670889,2.3182009256942817,5.1836548553553525,1.3462720562256878,1.1044288782060598,1.912926930399195,-1.3125335183941211,4.228308957410551,9.454786258641256,3.444546417517057,3.7810389425484923,6.54895155389049,3.8696797459755743,7.696902848591027,17.21079798566131,3.6470635832782485,8.36575646033139,14.489915233041534,11.2610956170315,7.642230461338205,17.088546811271804,4.7716799057450645,6.570404791319874,11.380274924860009
0.9840000000000018,-0.7659377109556663,2.2702409012884828,5.076412980581438,1.4293825771836375,1.1933875527405686,2.067007874466948,-1.4061383733508266,4.2784298026953325,9.566859875787777,3.556145501570938,3.9184975890312432,6.787036913538263,3.6050117403869977,7.591993236660512,16.976212961891555,3.730174104236198,8.457500454813301,14.648820492773524,11.167490762074797,7.753877046047575,17.338196164137646,4.883278989798947,6.709286714143484,11.62082547144336
0.9860000000000018,-1.0197627166774625,2.23001465954222,4.986464369557455,1.5688647009358645,1.3402311971639564,2.3213485273768337,-1.4568474810021166,4.346419387354949,9.718889208848656,3.667759946015203,4.070300730840823,7.049967667901038,3.3511867346651996,7.491189942755326,16.750809944363667,3.869656227988426,8.600123511030969,14.895850872473277,11.116781654423507,7.881860405034278,17.62437565482067,4.994893434243212,6.861640703923349,11.884710322477916
0.9880000000000018,-1.2789845539361795,2.185458650499306,4.886834104531403,1.7154006796450452,1.4944891504784792,2.588531139989175,-1.5015698988329258,4.414500653956275,9.871123548963508,3.8059720424888854,4.222029224125576,7.312769127226104,3.091964897406484,7.394851790688247,16.53539128751497,4.016192206697606,8.746743413211046,15.14980399244995,11.072059236592695,8.012493609740943,17.91648038066342,5.133105530716894,7.014017484322318,12.148634648022696
0.9900000000000018,-1.533897214880687,2.1248303723382445,4.751265153204503,1.8379237432954643,1.651541933516659,2.8605545396813943,-1.5326625922456192,4.489963279412932,10.039863109245198,3.9323265685476247,4.369535465824454,7.5682574322820955,2.837052236461977,7.298014344028385,16.318856174016005,4.138715270348025,8.898645887181171,15.412906795161616,11.040966543180003,8.146030051251282,18.215076941353963,5.259460056775633,7.1618856028276525,12.40474974209355
0.9920000000000018,-1.6548852106587375,2.1087683112171365,4.715349292678949,1.901583838579505,1.737103364737027,3.0087512857233816,-1.5685617249379458,4.523808786326507,10.115543963436892,4.008518414512142,4.455048451915368,7.716370268898489,2.7160642406839246,7.243791592274835,16.197610415167972,4.202375365632066,8.983437827898458,15.559770744556324,11.005067410487676,8.209532208530236,18.35707208174759,5.3356519027401506,7.247834596029759,12.553617765178991
0.9940000000000018,-1.7772705532970305,2.08848227591953,4.669988338759541,1.9541523084759926,1.8117492684169116,3.138041783473834,-1.591909810395834,4.5637148706404185,10.204776680678636,4.094942671452726,4.5423684551821255,7.867612951073594,2.5936788980456336,7.190164314081027,16.077696175678327,4.254943835528553,9.056649412637444,15.686576929026883,10.981719325029788,8.281683082689636,18.518406341004038,5.422076159680735,7.335381254757202,12.705253026127815
0.9960000000000018,-1.9059768426029664,2.065299188124544,4.618149378521607,1.9797484427851373,1.8819242338078612,3.2595883889503465,-1.5936372544765187,4.613827631261604,10.316832219967779,4.168018611128978,4.616565020312792,7.996125171627002,2.4649726087396964,7.143939697139465,15.974334789963104,4.280539969837697,9.127862770747194,15.809922083450568,10.979991880949104,8.363922026116235,18.702298208903674,5.495152099356986,7.409409708458823,12.833474069144783
0.9980000000000018,-2.049903324794113,2.0344196919297954,4.549100725919203,2.00782534387205,1.94894178610215,3.375666194522959,-1.5778194438088122,4.676192884747832,10.456285166196992,4.221888911306192,4.670320983000133,8.089233230211253,2.3210461265485507,7.105085781155886,15.887454792631756,4.308616870924612,9.19223080922883,15.921410796484308,10.99580969161681,8.455400721810518,18.90685079096911,5.549022399534201,7.462886620557147,12.926098797930976
1.0000000000000018,-2.1911985768616256,1.9930673068669023,4.456633981886827,2.035821479695945,1.9898952653954625,3.446599701405696,-1.5476497066259391,4.743329495589898,10.606407191818802,4.276991422711583,4.730557497496364,8.193565933789584,2.1797508744810368,7.076951625995328,15.82454490920322,4.3366130067485065,9.23407756797043,15.993891508756837,11.025979428799683,8.550178199924769,19.11877967476857,5.604124910939593,7.523279956992043,13.030703125074817
